LIF SNN Neuron Firing Log — Foci
Parameters: tau_leaky=58us, v_thresh=0.8V
LIF Resolution: 15° per neuron
Date: 2026-03-30 03:00:17
======================================================================
  True Angle  Servo Pos  Fire Time (s)   Neuron Angle
----------------------------------------------------------------------
           0         45       0.002332          180.0
           0         45       0.004139          165.0
           0         45       0.007480          180.0
           0         45       0.014187          180.0
           0         45       0.018098          180.0
           0         45       0.022304          180.0
           0         45       0.023651          165.0
           0         45       0.024698          195.0
           0         45       0.026192          210.0
           0         45       0.026192          225.0
           0         45       0.027239          180.0
           0         45       0.031778          165.0
           0         45       0.034301          180.0
           0         45       0.035348          195.0
           0         45       0.037219          180.0
           0         45       0.039186          195.0
           0         45       0.040812          180.0
           0         45       0.041864          165.0
           0         45       0.045665          180.0
           0         45       0.047315          195.0
           0         45       0.048328          180.0
           0         45       0.052192          150.0
           0         45       0.052192          165.0
           0         45       0.053805          180.0
           0         45       0.060297          180.0
           0         45       0.061339          165.0
           0         45       0.063824          180.0
           0         45       0.066808          180.0
           0         45       0.073321          180.0
           0         45       0.079836          180.0
           0         45       0.079836          195.0
           0         45       0.081352          210.0
           0         45       0.086317          195.0
           0         45       0.087797          210.0
           0         45       0.092782          180.0
           0         45       0.100172          255.0
           0         45       0.105708          180.0
           0         45       0.119976          180.0
           0         45       0.124949          180.0
           0         45       0.127756          195.0
           0         45       0.130828          180.0
           0         45       0.137285          180.0
           0         45       0.143762          180.0
           0         45       0.150316          180.0
           0         45       0.160379          180.0
           0         45       0.164137          180.0
           0         45       0.170762          180.0
           0         45       0.171973          195.0
           0         45       0.174629          180.0
           0         45       0.176851          180.0
           0         45       0.183476          180.0
           0         45       0.186270          165.0
           0         45       0.190282            0.0
           0         45       0.191508           15.0
           0         45       0.192832          180.0
           0         45       0.195672          300.0
           0         45       0.196872            0.0
           0         45       0.208769          180.0
           0         45       0.210364          195.0
           0         45       0.216863          180.0
           0         45       0.220957          180.0
           0         45       0.227566          180.0
           0         45       0.229914          180.0
           0         45       0.236434          180.0
           0         45       0.238086          165.0
           0         45       0.242976          180.0
           0         45       0.244606          195.0
           0         45       0.249515          180.0
           0         45       0.254032          180.0
           0         45       0.256097          180.0
           0         45       0.262722          180.0
           0         45       0.264199            0.0
           0         45       0.266265          180.0
           0         45       0.275922          180.0
           0         45       0.282704          180.0
           0         45       0.289555          180.0
           0         45       0.297754          180.0
           0         45       0.299356           75.0
           0         45       0.300644           90.0
           0         45       0.303781          180.0
           0         45       0.304897          225.0
           0         45       0.312531          180.0
           0         45       0.314409          105.0
           0         45       0.337086          180.0
           0         45       0.363672          180.0
           0         45       0.387605          180.0
           0         45       0.404227          180.0
           0         45       0.409312           90.0
           0         45       0.409312          180.0
           0         45       0.456254          180.0
           0         45       0.782867          180.0
           0         45       0.793437          180.0
           0         45       0.795820          180.0
           0         45       0.805715          180.0
           0         45       0.961789          180.0
           0         45       0.973520          180.0
           0         45       0.974651          195.0
           0         45       1.524054          180.0
           0         45       1.535973          180.0
           0         45       1.543195          180.0
           0         45       1.642043          180.0
           0         45       1.648270          180.0
           0         45       1.654376          180.0
           0         45       1.666747          180.0
           0         45       1.673101          180.0
           0         45       1.676128          165.0
           0         45       1.679536          180.0
           0         45       1.684764           45.0
           0         45       1.686149          180.0
           0         45       1.701726          180.0
           0         45       1.707383          180.0
           0         45       1.828609          180.0
           0         45       1.835051          180.0
           0         45       1.836254          195.0
           0         45       1.840176          180.0
           0         45       1.841594          195.0
           0         45       1.848321          180.0
           0         45       1.850327          165.0
           0         45       1.851637          180.0
           0         45       1.855234          180.0
           0         45       1.856329          210.0
           0         45       1.859239          165.0
           0         45       1.859239          180.0
           0         45       1.862488          180.0
           0         45       1.864323          165.0
           0         45       1.868825          180.0
           0         45       1.869913          195.0
           0         45       1.884053           60.0
           0         45       1.963602          180.0
           0         45       2.054575          180.0
           0         45       2.057008          180.0
           0         45       2.059645          180.0
           0         45       2.060809          195.0
           0         45       2.061922          180.0
           0         45       2.063053          195.0
           0         45       2.070092          150.0
           0         45       2.072168          180.0
           0         45       2.073383          195.0
           0         45       2.074895          180.0
           0         45       2.079844          180.0
           0         45       2.080920          195.0
           0         45       2.082460          165.0
           0         45       2.083623           60.0
           0         45       2.087547          180.0
           0         45       2.089196          165.0
           0         45       2.095250          180.0
           0         45       2.097520          180.0
           0         45       2.102902          180.0
           0         45       2.110523          180.0
           0         45       2.112737          165.0
           0         45       2.120340          180.0
           0         45       2.121879          195.0
           0         45       2.126083          180.0
           0         45       2.127866          165.0
           0         45       2.140557          165.0
           0         45       2.142164          180.0
           0         45       2.148070          180.0
           0         45       2.151272          165.0
           0         45       2.155547          195.0
           0         45       2.169436          150.0
           0         45       2.185448          105.0
           0         45       2.190141          345.0
           0         45       2.196430          180.0
           0         45       2.197751            0.0
           0         45       2.203164          180.0
           0         45       2.304661          180.0
           0         45       2.304661          195.0
           0         45       2.306603          150.0
           0         45       2.307890           90.0
           0         45       2.307890          180.0
           0         45       2.310323          135.0
           0         45       2.311477          180.0
           0         45       2.314929          135.0
           0         45       2.318223          180.0
           0         45       2.321766          180.0
           0         45       2.327106          165.0
           0         45       2.328208          180.0
           0         45       2.329510          165.0
           0         45       2.330625          180.0
           0         45       2.350165          180.0
           0         45       2.351207          165.0
           0         45       2.362676            0.0
           0         45       2.362676          345.0
           0         45       2.363912          210.0
           0         45       2.363912          240.0
           0         45       2.365082          180.0
           0         45       2.419125          180.0
           0         45       2.438723          180.0
           0         45       2.440139          195.0
           0         45       2.442981          180.0
           0         45       2.444417          195.0
           0         45       2.447347          180.0
           0         45       2.453062          180.0
           0         45       2.456757          165.0
           0         45       2.459405          195.0
           0         45       2.460372          165.0
           0         45       2.469129          180.0
           0         45       2.501489          165.0
           0         45       2.503227          180.0
           0         45       2.504284          195.0
           0         45       2.508811          165.0
           0         45       2.510086           15.0
           0         45       2.511137          345.0
           0         45       2.512297          180.0
           0         45       2.513360          165.0
           0         45       2.517199          180.0
           0         45       2.518260          195.0
           0         45       2.519290          180.0
           0         45       2.521672          180.0
           0         45       2.524301          180.0
           0         45       2.525352          165.0
           0         45       2.526368          180.0
           0         45       2.528668          180.0
           0         45       2.529739          225.0
           0         45       2.538692          180.0
           0         45       2.540141           15.0
           0         45       2.540973          180.0
           0         45       2.542557          195.0
           0         45       2.553453          180.0
           0         45       2.555434          165.0
           0         45       2.557436          150.0
           0         45       2.563453          180.0
           0         45       2.569371          180.0
           0         45       2.578979          165.0
           0         45       2.585758          180.0
           0         45       2.587450            0.0
           0         45       2.589507          285.0
           0         45       2.593561          210.0
           0         45       2.597442          120.0
           0         45       2.599715          180.0
           0         45       2.606695            0.0
           0         45       2.608144          180.0
           0         45       2.611018          240.0
           0         45       2.613105          180.0
           0         45       2.614282          165.0
           0         45       2.615679          180.0
           0         45       2.621328          165.0
           0         45       2.626215          180.0
           0         45       2.634282          180.0
           0         45       2.643442          180.0
           0         45       2.649179          180.0
           0         45       2.657657          180.0
           0         45       2.676969           60.0
           0         45       2.778414          180.0
           0         45       2.779448          195.0
           0         45       2.783219          180.0
           0         45       2.785625          180.0
           0         45       2.786690          165.0
           0         45       2.787852            0.0
           0         45       2.789622          180.0
           0         45       2.792450          180.0
           0         45       2.793571          165.0
           0         45       2.797934          180.0
           0         45       2.798959          165.0
           0         45       2.807747            0.0
           0         45       2.809156          180.0
           0         45       2.812019          180.0
           0         45       2.813217          345.0
           0         45       2.815035          180.0
           0         45       2.819971          165.0
           0         45       2.821133          180.0
           0         45       2.822221          165.0
           0         45       2.824872          195.0
           0         45       2.826395          180.0
           0         45       2.827631          195.0
           0         45       2.832188          180.0
           0         45       2.833332          165.0
           0         45       2.834793          180.0
           0         45       2.836012          195.0
           0         45       2.837094          180.0
           0         45       2.838602          195.0
           0         45       2.845797          180.0
           0         45       2.847461           15.0
           0         45       2.850899          270.0
           0         45       2.866344          210.0
           0         45       2.875297          180.0
           0         45       2.875297          270.0
           0         45       2.876422           60.0
           0         45       2.881293          165.0
           0         45       2.882430          195.0
           0         45       2.914926          180.0
           0         45       2.922562          180.0
           0         45       2.925272          165.0
           0         45       2.931577           15.0
           0         45       2.938481          180.0
           0         45       2.939750          195.0
           0         45       2.941766          300.0
           0         45       2.946885          195.0
           0         45       2.948097          180.0
           0         45       2.955210          195.0
           0         45       2.963297            0.0
           0         45       2.966718           45.0
           0         45       2.975129          210.0
           0         45       2.976229           60.0
           0         45       2.978881          165.0
           5         50       0.000211            0.0
           5         50       0.002079          180.0
           5         50       0.008948          165.0
           5         50       0.010508          210.0
           5         50       0.019118          180.0
           5         50       0.038614          210.0
           5         50       0.152512          180.0
           5         50       0.162371          180.0
           5         50       0.179625           90.0
           5         50       0.181477            0.0
           5         50       0.240878          165.0
           5         50       0.241992          180.0
           5         50       0.243190          135.0
           5         50       0.244332          210.0
           5         50       0.250126          180.0
           5         50       0.252424          195.0
           5         50       0.259415          165.0
           5         50       0.260540          195.0
           5         50       0.260540          210.0
           5         50       0.261711          180.0
           5         50       0.263977          225.0
           5         50       0.263977          240.0
           5         50       0.275749           75.0
           5         50       0.405746          180.0
           5         50       0.407965          180.0
           5         50       0.417735          180.0
           5         50       0.477461          180.0
           5         50       0.490581          165.0
           5         50       0.499234          180.0
           5         50       0.501198          195.0
           5         50       0.504781          180.0
           5         50       0.506969          150.0
           5         50       0.509590          180.0
           5         50       0.511510          195.0
           5         50       0.512601          180.0
           5         50       0.519868          180.0
           5         50       0.521483          195.0
           5         50       0.529200          180.0
           5         50       0.533977          165.0
           5         50       0.538828          180.0
           5         50       0.541827          165.0
           5         50       0.550405          165.0
           5         50       0.556079          180.0
           5         50       0.557461          195.0
           5         50       0.559700          180.0
           5         50       0.564829          165.0
           5         50       0.564829          180.0
           5         50       0.573043          180.0
           5         50       0.574082          195.0
           5         50       0.575484          180.0
           5         50       0.580833          180.0
           5         50       0.582157          165.0
           5         50       0.582157          195.0
           5         50       0.589106          180.0
           5         50       0.590282            0.0
           5         50       0.594495          165.0
           5         50       0.597032          180.0
           5         50       0.604938          180.0
           5         50       0.606358          165.0
           5         50       0.687758          180.0
           5         50       0.688829          165.0
           5         50       0.693640          180.0
           5         50       0.695014          195.0
           5         50       0.696047          180.0
           5         50       0.697352            0.0
           5         50       0.701329          180.0
           5         50       0.702711          195.0
           5         50       0.703738          180.0
           5         50       0.705155          195.0
           5         50       0.709344          180.0
           5         50       0.710725          210.0
           5         50       0.712149          165.0
           5         50       0.713122          180.0
           5         50       0.714464          165.0
           5         50       0.717887          180.0
           5         50       0.720475           15.0
           5         50       0.725989          180.0
           5         50       0.727376          195.0
           5         50       0.727376          210.0
           5         50       0.728823          165.0
           5         50       0.732528          180.0
           5         50       0.735914          180.0
           5         50       0.736981          165.0
           5         50       0.740557          195.0
           5         50       0.743570          180.0
           5         50       0.744600          195.0
           5         50       0.747145          135.0
           5         50       0.752799          210.0
           5         50       0.754230          180.0
           5         50       0.756721          165.0
           5         50       0.765133          210.0
           5         50       0.767086          180.0
           5         50       0.776793            0.0
           5         50       0.785191          180.0
           5         50       1.489383          180.0
           5         50       1.490713          165.0
           5         50       1.497825          180.0
           5         50       1.505047          180.0
           5         50       1.506161          195.0
           5         50       1.513125          180.0
           5         50       1.514730            0.0
           5         50       1.523602          180.0
           5         50       1.524948          165.0
           5         50       1.526601          180.0
           5         50       1.596629            0.0
           5         50       1.612626           15.0
           5         50       1.613804          180.0
           5         50       1.623559          180.0
           5         50       1.624622          165.0
           5         50       1.634164          180.0
           5         50       1.635703          195.0
           5         50       1.637125          180.0
           5         50       1.643336          210.0
           5         50       1.646281          180.0
           5         50       1.655309            0.0
           5         50       1.656488          180.0
           5         50       1.658459          165.0
           5         50       1.665586          180.0
           5         50       1.666979          165.0
           5         50       1.670312          180.0
           5         50       1.675918          180.0
           5         50       1.677328          165.0
           5         50       1.678420          195.0
           5         50       1.682084           60.0
           5         50       1.704135           15.0
           5         50       1.717653          180.0
           5         50       1.725012          180.0
           5         50       1.729260          300.0
           5         50       1.754391          285.0
           5         50       1.757989          180.0
           5         50       1.759268          165.0
           5         50       1.767938          180.0
           5         50       1.775004          180.0
           5         50       1.777895          180.0
           5         50       1.779961          180.0
           5         50       1.787992          180.0
           5         50       1.789520          150.0
           5         50       1.795876          180.0
           5         50       1.799704          180.0
           5         50       1.801001          165.0
           5         50       1.808222          180.0
           5         50       1.809416          150.0
           5         50       1.814594          180.0
           5         50       1.817047          195.0
           5         50       1.818551          180.0
           5         50       1.825942           45.0
           5         50       1.825942           60.0
           5         50       1.827223           30.0
           5         50       1.831198          195.0
           5         50       1.832473          180.0
           5         50       1.833922          120.0
           5         50       1.836394          180.0
           5         50       1.839848          180.0
           5         50       1.841840          195.0
           5         50       1.844024          165.0
           5         50       1.845379          180.0
           5         50       1.846737          105.0
           5         50       1.850153          180.0
           5         50       1.860687          180.0
           5         50       1.871226          180.0
           5         50       1.872702          195.0
           5         50       1.881769          180.0
           5         50       1.883024          195.0
           5         50       1.884531          180.0
           5         50       1.892379          180.0
           5         50       1.893535            0.0
           5         50       1.895187          180.0
           5         50       1.902954            0.0
           5         50       1.904097          180.0
           5         50       1.906954          180.0
           5         50       1.913508          180.0
           5         50       1.914840          165.0
           5         50       1.918147          195.0
           5         50       1.924215          180.0
           5         50       1.925563          165.0
           5         50       1.926563          180.0
           5         50       1.930290           90.0
           5         50       1.930290          105.0
           5         50       1.935258          180.0
           5         50       1.936301          165.0
           5         50       1.937297          180.0
           5         50       1.944073          105.0
           5         50       1.945719          180.0
           5         50       1.947069          165.0
           5         50       1.948101          180.0
           5         50       1.949186          165.0
           5         50       1.950215          180.0
           5         50       1.957524          180.0
           5         50       1.978117          180.0
           5         50       1.979198          165.0
           5         50       1.981805          150.0
           5         50       1.988750          180.0
           5         50       1.990163          165.0
           5         50       1.992774          180.0
           5         50       1.999290          180.0
           5         50       2.000757          135.0
           5         50       2.003387          195.0
           5         50       2.006422            0.0
           5         50       2.010390          180.0
           5         50       2.012918          180.0
           5         50       2.020977          180.0
           5         50       2.025422          180.0
           5         50       2.027006          165.0
           5         50       2.032348          180.0
           5         50       2.033452          165.0
           5         50       2.037523            0.0
           5         50       2.043441          180.0
           5         50       2.044534          165.0
           5         50       2.054497          180.0
           5         50       2.055581          165.0
           5         50       2.060907          195.0
           5         50       2.060907          210.0
           5         50       2.060907          225.0
           5         50       2.066914          180.0
           5         50       2.070647          165.0
           5         50       2.071640           90.0
           5         50       2.078429          180.0
           5         50       2.088297          180.0
           5         50       2.095753          195.0
           5         50       2.121498          240.0
           5         50       2.221934          180.0
           5         50       2.233250          180.0
           5         50       2.244747          180.0
           5         50       2.255922          180.0
           5         50       2.278626          180.0
           5         50       2.280014          165.0
           5         50       2.291293          180.0
           5         50       2.300601          180.0
           5         50       2.302078          165.0
           5         50       2.309735          135.0
           5         50       2.311898          180.0
           5         50       2.335828          180.0
           5         50       2.338176          180.0
           5         50       2.340766          180.0
           5         50       2.341792          195.0
           5         50       2.343102            0.0
           5         50       2.344250          180.0
           5         50       2.350955          210.0
           5         50       2.352012          180.0
           5         50       2.353067          165.0
           5         50       2.354261          315.0
           5         50       2.358613          180.0
           5         50       2.359895          165.0
           5         50       2.370368            0.0
           5         50       2.372504          180.0
           5         50       2.374068          120.0
           5         50       2.382273          180.0
           5         50       2.383543          165.0
           5         50       2.390129           60.0
           5         50       2.394351          180.0
           5         50       2.405743          180.0
           5         50       2.413848          180.0
           5         50       2.417977          180.0
           5         50       2.419172           15.0
           5         50       2.429953          180.0
           5         50       2.433838          195.0
           5         50       2.441899          165.0
           5         50       2.443168          180.0
           5         50       2.453893          195.0
           5         50       2.466613          180.0
           5         50       2.486994           60.0
          10         55       0.007047          180.0
          10         55       0.016981          180.0
          10         55       0.018090          165.0
          10         55       0.027031          180.0
          10         55       0.028133          165.0
          10         55       0.038241          165.0
          10         55       0.039551          180.0
          10         55       0.040663          165.0
          10         55       0.044543           90.0
          10         55       0.051610          150.0
          10         55       0.053202          105.0
          10         55       0.054397           75.0
          10         55       0.055543           60.0
          10         55       0.059551          180.0
          10         55       0.067989          165.0
          10         55       0.070053          165.0
          10         55       0.078062          180.0
          10         55       0.089042          165.0
          10         55       0.091875          180.0
          10         55       0.097502           15.0
          10         55       0.099915          180.0
          10         55       0.102183          180.0
          10         55       0.104503          165.0
          10         55       0.109376           90.0
          10         55       0.111586          180.0
          10         55       0.122461          180.0
          10         55       0.150997            0.0
          10         55       0.150997           15.0
          10         55       0.150997           75.0
          10         55       0.337805          180.0
          10         55       0.344902          180.0
          10         55       0.346438          165.0
          10         55       0.348237          285.0
          10         55       0.355823          165.0
          10         55       0.357358          150.0
          10         55       0.359155          195.0
          10         55       0.367016          165.0
          10         55       0.367016          180.0
          10         55       0.372729          165.0
          10         55       0.378453          180.0
          10         55       0.381797          165.0
          10         55       0.386042          315.0
          10         55       0.390094          180.0
          10         55       0.426157          180.0
          10         55       0.428316          180.0
          10         55       0.437719          180.0
          10         55       0.449532          180.0
          10         55       0.461614          165.0
          10         55       0.466108          210.0
          10         55       0.906721          165.0
          10         55       0.908876            0.0
          10         55       0.923366           75.0
          10         55       0.935174          165.0
          10         55       0.942418          165.0
          10         55       0.945125          180.0
          10         55       0.952352          180.0
          10         55       0.955077          165.0
          10         55       0.962250           90.0
          10         55       0.964972          180.0
          10         55       0.974891          180.0
          10         55       0.982782          180.0
          10         55       0.984739          165.0
          10         55       0.985739          180.0
          10         55       0.986870          165.0
          10         55       0.990370          165.0
          10         55       0.996071          180.0
          10         55       0.997176          150.0
          10         55       0.998231          180.0
          10         55       0.999270          165.0
          10         55       1.000350          150.0
          10         55       1.002842          105.0
          10         55       1.004637          180.0
          10         55       1.005694          165.0
          10         55       1.006711          180.0
          10         55       1.008346          165.0
          10         55       1.009359          180.0
          10         55       1.012534           75.0
          10         55       1.014237          165.0
          10         55       1.015254          180.0
          10         55       1.020437          180.0
          10         55       1.022245           45.0
          10         55       1.023883          180.0
          10         55       1.039463          240.0
          10         55       1.041014           75.0
          10         55       1.043157          180.0
          10         55       1.047504          180.0
          10         55       1.054071          180.0
          10         55       1.055729          165.0
          10         55       1.057432          195.0
          10         55       1.061907          180.0
          10         55       1.063573          195.0
          10         55       1.069226          180.0
          10         55       1.081176          180.0
          10         55       1.082417          165.0
          10         55       1.084484          180.0
          10         55       1.090512          180.0
          10         55       1.091977          165.0
          10         55       1.093418          180.0
          10         55       1.100054          180.0
          10         55       1.101516          195.0
          10         55       1.109590          180.0
          10         55       1.110957            0.0
          10         55       1.112385          150.0
          10         55       1.119077          165.0
          10         55       1.120336          180.0
          10         55       1.128492          180.0
          10         55       1.130882          135.0
          10         55       1.137872          180.0
          10         55       1.143293          195.0
          10         55       1.154808          180.0
          10         55       1.159770           15.0
          10         55       1.160801            0.0
          10         55       1.162882           15.0
          10         55       1.165985          180.0
          10         55       1.169668          180.0
          10         55       1.171047          165.0
          10         55       1.175344          165.0
          10         55       1.175344          180.0
          10         55       1.177233          195.0
          10         55       1.179250            0.0
          10         55       1.180288           15.0
          10         55       1.184739          150.0
          10         55       1.189426            0.0
          10         55       1.194182          165.0
          10         55       1.195907           15.0
          10         55       1.198836            0.0
          10         55       1.208432          195.0
          10         55       1.213522          165.0
          10         55       1.217129          150.0
          10         55       1.222965          180.0
          10         55       1.224116          165.0
          10         55       1.241528          180.0
          10         55       1.253456          195.0
          10         55       1.264410          180.0
          10         55       1.317653           45.0
          10         55       1.317653           60.0
          10         55       1.333501          105.0
          10         55       1.353119          150.0
          10         55       1.361028          105.0
          10         55       1.365394            0.0
          10         55       1.384719          120.0
          10         55       1.391027          180.0
          10         55       1.396623          300.0
          10         55       1.397702          195.0
          10         55       1.399926          180.0
          10         55       1.401094            0.0
          10         55       1.405572          150.0
          10         55       1.409024           15.0
          10         55       1.412101          180.0
          10         55       1.413217          165.0
          10         55       1.415674          150.0
          10         55       1.416805          210.0
          10         55       1.416805          225.0
          10         55       1.418997          285.0
          10         55       1.420856          165.0
          10         55       1.425632           15.0
          10         55       1.429553          165.0
          10         55       1.431980          180.0
          10         55       1.433301          195.0
          10         55       1.433301          255.0
          10         55       1.433301          270.0
          10         55       1.435879          180.0
          10         55       1.437608          165.0
          10         55       1.438777          180.0
          10         55       1.443387            0.0
          10         55       1.444582          180.0
          10         55       1.446301          195.0
          10         55       1.447446          180.0
          10         55       1.448636          225.0
          10         55       1.453344          180.0
          10         55       1.455063          165.0
          10         55       1.459912          120.0
          10         55       1.462247          180.0
          10         55       1.468696          165.0
          10         55       1.468696          180.0
          10         55       1.469963          150.0
          10         55       1.471057           45.0
          10         55       1.477672          180.0
          10         55       1.478739          165.0
          10         55       1.496510          165.0
          10         55       1.499672          180.0
          10         55       1.507414          180.0
          10         55       1.508518          195.0
          10         55       1.510098          165.0
          10         55       1.515926          180.0
          10         55       1.518547            0.0
          10         55       1.519813          210.0
          10         55       1.521328            0.0
          10         55       1.523676          165.0
          10         55       1.524965          180.0
          10         55       1.526378          165.0
          10         55       1.528344          180.0
          10         55       1.530206          165.0
          10         55       1.535622            0.0
          10         55       1.539465          180.0
          10         55       1.542687          180.0
          10         55       1.546995          165.0
          10         55       1.548547          180.0
          10         55       1.550898          180.0
          10         55       1.552836          165.0
          10         55       1.565211          180.0
          10         55       1.568199          180.0
          10         55       1.570246          165.0
          10         55       1.599418          180.0
          10         55       2.733922          180.0
          10         55       2.737833          180.0
          10         55       2.739010          165.0
          10         55       2.746239          165.0
          10         55       2.749399          165.0
          10         55       2.752163          165.0
          10         55       2.756012          180.0
          10         55       2.757534          165.0
          10         55       2.764730          180.0
          10         55       2.771476          180.0
          10         55       2.783571          165.0
          10         55       2.786126          180.0
          10         55       2.787257          165.0
          10         55       2.791047          180.0
          10         55       2.795901          150.0
          10         55       2.797469          180.0
          10         55       2.801180          180.0
          10         55       2.803875          180.0
          10         55       2.804977          150.0
          10         55       2.807626           15.0
          10         55       2.812485          345.0
          10         55       2.815161            0.0
          10         55       2.816194           15.0
          10         55       2.818854           30.0
          10         55       2.819926           90.0
          10         55       2.821153          180.0
          10         55       2.823731           60.0
          10         55       2.827743          210.0
          10         55       2.828867          180.0
          10         55       2.831424          165.0
          10         55       2.833914           90.0
          10         55       2.835251          195.0
          10         55       2.912074          180.0
          10         55       2.915445          180.0
          10         55       2.930286          180.0
          10         55       2.978168          180.0
          10         55       2.979840          165.0
          10         55       2.983776          150.0
          10         55       2.986633          180.0
          10         55       2.987737          165.0
          10         55       2.990731          180.0
          10         55       2.995726          180.0
          15         60       0.497260          165.0
          15         60       0.512040          165.0
          15         60       0.517309          165.0
          15         60       0.519265          180.0
          15         60       0.520618          165.0
          15         60       0.524590          165.0
          15         60       0.527850          165.0
          15         60       0.529204          180.0
          15         60       0.530293          165.0
          15         60       0.536432          165.0
          15         60       0.537811          150.0
          15         60       0.540469          180.0
          15         60       0.542801          165.0
          15         60       0.546360          150.0
          15         60       0.553868          180.0
          15         60       0.554973          165.0
          15         60       0.556145          120.0
          15         60       0.562247          180.0
          15         60       0.563631          165.0
          15         60       0.564805          120.0
          15         60       0.568709           30.0
          15         60       0.568709           60.0
          15         60       0.571045          165.0
          15         60       0.709385          165.0
          15         60       0.714172          180.0
          15         60       0.719167          165.0
          15         60       0.720926          180.0
          15         60       0.722168          165.0
          15         60       0.729467          165.0
          15         60       0.732078          180.0
          15         60       0.740219          165.0
          15         60       0.742406          180.0
          15         60       0.751567          165.0
          15         60       0.753054          180.0
          15         60       0.754885          165.0
          15         60       0.763661          165.0
          15         60       0.813047            0.0
          15         60       0.825885          165.0
          15         60       0.830529          240.0
          15         60       1.031385          165.0
          15         60       1.032890          180.0
          15         60       1.035938          165.0
          15         60       1.039262          165.0
          15         60       1.039262          180.0
          15         60       1.044823          165.0
          15         60       1.054539          165.0
          15         60       1.062834          165.0
          15         60       1.064934           90.0
          15         60       1.064934          105.0
          15         60       1.144852          165.0
          15         60       1.156344          165.0
          15         60       1.167590          165.0
          15         60       1.167590          180.0
          15         60       1.168689          150.0
          15         60       1.169891          135.0
          15         60       1.169891          165.0
          15         60       1.171032          150.0
          15         60       1.178700          165.0
          15         60       1.178700          180.0
          15         60       1.179815          150.0
          15         60       1.181536           15.0
          15         60       1.183520          150.0
          15         60       1.183520          165.0
          15         60       1.189389          165.0
          15         60       1.190472          180.0
          15         60       1.193772          150.0
          15         60       1.199667          165.0
          15         60       1.200743          180.0
          15         60       1.209528          180.0
          15         60       1.210608          165.0
          15         60       1.219145          165.0
          15         60       1.219145          180.0
          15         60       1.222477          165.0
          15         60       1.226891            0.0
          15         60       1.226891           90.0
          15         60       1.228469          165.0
          15         60       1.231428          165.0
          15         60       1.237434          165.0
          15         60       1.240032          105.0
          15         60       1.245683          180.0
          15         60       1.248707          180.0
          15         60       1.261954          180.0
          15         60       1.267592          165.0
          15         60       1.269901          165.0
          15         60       1.275004           60.0
          15         60       1.276623          150.0
          15         60       1.277717          165.0
          15         60       1.282918           15.0
          15         60       1.285327          165.0
          15         60       1.290465           30.0
          15         60       1.292836          165.0
          15         60       1.295549          120.0
          15         60       1.296854           15.0
          15         60       1.298067          180.0
          15         60       1.309146          120.0
          15         60       1.313106           90.0
          15         60       1.314778          180.0
          15         60       1.316457          150.0
          15         60       1.322042          165.0
          15         60       1.329354          150.0
          15         60       1.330938          210.0
          15         60       1.337172          195.0
          15         60       1.339438           90.0
          15         60       1.342285           90.0
          15         60       1.346210          165.0
          15         60       1.353535          180.0
          15         60       1.354741          165.0
          15         60       1.378065          165.0
          15         60       1.392194          210.0
          15         60       1.407295          165.0
          15         60       1.412823          165.0
          15         60       1.504532          180.0
          15         60       1.507733          165.0
          15         60       1.508799          150.0
          15         60       1.510297          165.0
          15         60       1.511407          180.0
          15         60       1.514983          165.0
          15         60       1.516083          180.0
          15         60       1.517577          165.0
          15         60       1.518617          180.0
          15         60       1.522303          165.0
          15         60       1.523356          195.0
          15         60       1.524859          180.0
          15         60       1.525936          165.0
          15         60       1.530180          180.0
          15         60       1.532368          165.0
          15         60       1.533424          150.0
          15         60       1.538790          165.0
          15         60       1.541041           30.0
          15         60       1.545126          180.0
          15         60       1.548508           30.0
          15         60       1.552286          180.0
          15         60       1.553672          165.0
          15         60       1.559842          165.0
          15         60       1.561203          180.0
          15         60       1.562251          105.0
          15         60       1.562251          165.0
          15         60       1.567725          165.0
          15         60       1.569799          150.0
          15         60       1.575297          165.0
          15         60       1.575297          180.0
          15         60       1.576336          150.0
          15         60       1.582942          165.0
          15         60       1.590601          180.0
          15         60       1.600362          165.0
          15         60       1.602770          180.0
          15         60       1.606199          180.0
          15         60       1.614586          180.0
          15         60       1.620568          150.0
          15         60       1.625992          180.0
          15         60       1.627162          150.0
          15         60       1.636561          165.0
          15         60       1.637832          180.0
          15         60       1.642083          180.0
          15         60       1.647128          165.0
          15         60       1.655195          180.0
          15         60       1.659004          165.0
          15         60       1.664208            0.0
          15         60       1.667424          165.0
          15         60       1.679332          180.0
          15         60       2.729808          180.0
          15         60       2.732816          180.0
          15         60       2.740325          165.0
          15         60       2.740325          180.0
          15         60       2.756809          180.0
          15         60       2.760875          165.0
          15         60       2.777643          165.0
          15         60       2.790950          165.0
          15         60       2.793051          165.0
          15         60       2.797031          180.0
          15         60       2.798141          165.0
          15         60       2.808331          165.0
          15         60       2.899348            0.0
          20         65       0.010055          180.0
          20         65       0.018961          165.0
          20         65       0.018961          180.0
          20         65       0.031905          165.0
          20         65       0.052618          165.0
          20         65       0.052618          180.0
          20         65       0.057932          165.0
          20         65       0.060408          150.0
          20         65       0.077586          165.0
          20         65       0.077586          180.0
          20         65       0.079380          135.0
          20         65       0.084297          180.0
          20         65       0.091239          165.0
          20         65       0.093262          180.0
          20         65       0.156583          165.0
          20         65       0.156583          180.0
          20         65       0.186053          165.0
          20         65       0.212251          165.0
          20         65       0.237385          150.0
          20         65       0.528741          165.0
          20         65       0.534694          165.0
          20         65       0.536797          165.0
          20         65       0.551778           30.0
          20         65       0.555063          165.0
          20         65       0.565448          165.0
          20         65       0.568221          165.0
          20         65       0.574020          165.0
          20         65       0.575157          105.0
          20         65       0.576961          180.0
          20         65       0.584397           15.0
          20         65       0.593178          150.0
          20         65       0.604911          165.0
          20         65       0.650605          180.0
          20         65       0.657870          165.0
          20         65       0.658918          180.0
          20         65       0.661619          150.0
          20         65       0.903754          165.0
          20         65       0.904762          180.0
          20         65       0.912186          150.0
          20         65       0.913198          165.0
          20         65       0.914260          150.0
          20         65       0.915301          165.0
          20         65       0.916340          180.0
          20         65       0.921054          180.0
          20         65       0.925614           75.0
          20         65       0.929786          135.0
          20         65       0.929786          150.0
          20         65       0.933590          180.0
          20         65       0.934725          165.0
          20         65       0.991828          165.0
          20         65       1.008278          150.0
          20         65       1.009407          165.0
          20         65       1.009407          180.0
          20         65       1.013821          165.0
          20         65       1.032694          165.0
          20         65       1.041305          165.0
          20         65       1.042793          180.0
          20         65       1.049946          165.0
          20         65       1.058379          165.0
          20         65       1.059899          150.0
          20         65       1.059899          180.0
          20         65       1.062649          180.0
          20         65       1.069305          180.0
          20         65       1.074328           15.0
          20         65       1.080128          225.0
          20         65       1.293918          165.0
          20         65       1.293918          180.0
          20         65       1.304362          165.0
          20         65       1.305965          180.0
          20         65       1.316227          165.0
          20         65       1.318161          180.0
          20         65       1.325906          180.0
          20         65       1.338194          150.0
          20         65       1.345991          165.0
          20         65       1.347137            0.0
          20         65       1.349890          180.0
          20         65       1.356159          165.0
          20         65       1.474514          165.0
          20         65       1.579366          165.0
          20         65       1.580704          180.0
          20         65       1.590153          165.0
          20         65       1.600973          165.0
          20         65       1.603243          165.0
          20         65       1.603243          180.0
          20         65       1.612045          165.0
          20         65       1.613316          180.0
          20         65       1.622985          165.0
          20         65       1.624309          180.0
          20         65       1.627645          150.0
          20         65       1.634307          165.0
          20         65       1.645258          180.0
          20         65       1.646629          165.0
          20         65       1.663299          210.0
          20         65       1.708836          165.0
          20         65       1.788594          165.0
          20         65       1.798243          165.0
          20         65       1.800055          180.0
          20         65       1.804290          180.0
          20         65       1.809540          165.0
          20         65       1.810605          180.0
          20         65       1.812135          165.0
          20         65       1.815322          120.0
          20         65       1.820196          135.0
          20         65       1.821219          180.0
          20         65       1.823557          165.0
          20         65       1.830848          165.0
          20         65       1.831910          180.0
          20         65       1.833423          135.0
          20         65       1.834967          150.0
          20         65       1.840632          165.0
          20         65       1.842429          180.0
          20         65       1.843991          165.0
          20         65       1.851081          165.0
          20         65       1.852893          150.0
          20         65       1.862058          180.0
          20         65       1.863522          165.0
          20         65       1.872668          150.0
          20         65       2.150930          180.0
          20         65       2.157569          165.0
          20         65       2.158676          150.0
          20         65       2.160157          180.0
          20         65       2.161680          165.0
          20         65       2.165870          165.0
          20         65       2.167336          180.0
          20         65       2.169176          165.0
          20         65       2.170704          150.0
          20         65       2.174361          150.0
          20         65       2.175839          165.0
          20         65       2.176945          180.0
          20         65       2.182034          165.0
          20         65       2.183070          180.0
          20         65       2.185664          165.0
          20         65       2.188293           60.0
          20         65       2.191992          180.0
          20         65       2.193723           15.0
          20         65       2.194861           30.0
          20         65       2.201249          165.0
          20         65       2.202743          150.0
          20         65       2.202743          180.0
          20         65       2.203889          165.0
          20         65       2.204994          150.0
          20         65       2.206122          135.0
          20         65       2.210665          150.0
          20         65       2.210665          165.0
          20         65       2.210665          180.0
          20         65       2.213329          180.0
          20         65       2.214366          135.0
          20         65       2.220360          165.0
          20         65       2.221824          180.0
          20         65       2.230260          165.0
          20         65       2.238719           30.0
          20         65       2.240313          165.0
          20         65       2.241418          135.0
          20         65       2.242938          165.0
          20         65       2.250859          180.0
          20         65       2.253813          195.0
          20         65       2.257586          150.0
          20         65       2.258725          105.0
          20         65       2.271809          180.0
          20         65       2.276679            0.0
          20         65       2.290706           15.0
          20         65       2.314573          165.0
          20         65       2.512008          165.0
          25         70       0.018209          165.0
          25         70       0.031721          165.0
          25         70       0.048620          165.0
          25         70       0.050564          150.0
          25         70       0.051795          165.0
          25         70       0.055871          150.0
          25         70       0.056934          165.0
          25         70       0.059285          150.0
          25         70       0.060975          120.0
          25         70       0.065253          135.0
          30         75       0.589485          165.0
          30         75       0.599123          150.0
          30         75       0.601292          165.0
          30         75       0.606502          150.0
          30         75       0.608674          165.0
          30         75       0.613576          150.0
          30         75       0.620776           15.0
          30         75       0.624514          120.0
          30         75       0.628196          150.0
          30         75       0.629622          165.0
          30         75       0.633336          150.0
          30         75       0.635805          165.0
          30         75       0.637236          150.0
          30         75       0.639391          135.0
          30         75       0.640955          150.0
          30         75       0.643579          165.0
          30         75       0.645029          150.0
          30         75       0.651410           30.0
          30         75       0.653075           15.0
          30         75       0.654614          180.0
          30         75       0.661102            0.0
          30         75       0.661102           15.0
          30         75       0.661102           30.0
          30         75       0.668104          165.0
          30         75       0.669227            0.0
          30         75       0.695782          195.0
          30         75       1.034981          150.0
          30         75       1.074561          165.0
          30         75       1.683958          150.0
          30         75       1.683958          165.0
          30         75       1.692993          150.0
          30         75       1.692993          165.0
          30         75       1.701583          150.0
          30         75       1.710303          150.0
          30         75       1.718940          150.0
          30         75       1.743768          150.0
          30         75       1.751747          165.0
          30         75       1.760026          150.0
          30         75       1.784821          165.0
          30         75       1.789657           90.0
          30         75       1.791014          345.0
          30         75       1.820760          165.0
          30         75       1.821838          330.0
          30         75       1.824782           90.0
          30         75       1.824782          105.0
          30         75       1.945243          150.0
          30         75       1.946536          165.0
          30         75       1.947557          150.0
          30         75       1.951241          165.0
          30         75       1.955110          165.0
          30         75       1.956145          150.0
          30         75       1.958838          150.0
          30         75       1.964021          150.0
          30         75       1.965318          120.0
          30         75       1.966479           15.0
          30         75       1.968418          150.0
          30         75       1.972490          150.0
          30         75       1.974878          165.0
          30         75       1.976088           30.0
          30         75       1.977874          135.0
          30         75       1.980546          165.0
          30         75       1.983955          150.0
          30         75       1.993203           15.0
          30         75       2.002859          180.0
          30         75       2.192871          150.0
          30         75       2.194047          165.0
          30         75       2.202444          150.0
          30         75       2.211934          165.0
          30         75       2.326952          135.0
          30         75       2.328040          150.0
          30         75       2.330290          150.0
          30         75       2.331383          120.0
          30         75       2.337090          150.0
          30         75       2.338185          135.0
          30         75       2.339297          150.0
          30         75       2.349305          150.0
          30         75       2.358321          165.0
          30         75       2.363143          150.0
          30         75       2.365782          150.0
          30         75       2.372133          135.0
          30         75       2.372133          150.0
          30         75       2.374688          165.0
          30         75       2.382572          120.0
          30         75       2.383736          150.0
          30         75       2.389848          165.0
          30         75       2.395286          180.0
          30         75       2.397465            0.0
          30         75       2.408612          165.0
          30         75       2.417883          165.0
          30         75       2.419344          150.0
          30         75       2.420588          165.0
          30         75       2.423409          135.0
          30         75       2.426883          240.0
          30         75       2.436053          165.0
          30         75       2.446743           75.0
          30         75       2.459631          165.0
          30         75       2.468026          225.0
          30         75       2.469469          180.0
          30         75       2.470668          165.0
          30         75       2.472174          195.0
          30         75       2.478745          165.0
          30         75       2.485487          135.0
          30         75       2.490688          165.0
          30         75       2.492764          165.0
          30         75       2.494753          105.0
          30         75       2.498029          150.0
          30         75       2.499108          165.0
          30         75       2.505490          150.0
          30         75       2.508887          150.0
          30         75       2.512502          120.0
          30         75       2.519325          150.0
          30         75       2.522872          105.0
          30         75       2.526010          150.0
          30         75       2.539197          150.0
          30         75       2.540559          165.0
          30         75       2.540559          180.0
          30         75       2.545694          150.0
          30         75       2.545694          165.0
          30         75       2.559133          180.0
          30         75       2.594075          135.0
          30         75       2.594075          150.0
          30         75       2.602657          165.0
          30         75       2.602657          180.0
          30         75       2.619878          165.0
          30         75       2.630258          135.0
          30         75       2.630258          150.0
          30         75       2.630258          165.0
          30         75       2.633784          165.0
          30         75       2.637403          150.0
          30         75       2.642762          120.0
          30         75       2.652135          165.0
          30         75       2.656438          150.0
          30         75       2.667588          165.0
          30         75       2.678477          180.0
          30         75       2.679705          150.0
          30         75       2.717200          180.0
          30         75       2.728597          180.0
          30         75       2.826243          165.0
          30         75       2.827278          150.0
          30         75       2.833760          150.0
          30         75       2.836786          165.0
          30         75       2.837846          150.0
          30         75       2.842106          150.0
          30         75       2.843118          135.0
          30         75       2.860756          120.0
          30         75       2.867869          150.0
          30         75       2.871554          180.0
          30         75       2.939080          120.0
          30         75       2.939080          150.0
          30         75       2.968325          165.0
          30         75       2.974397          150.0
          30         75       2.975434          165.0
          30         75       2.982528          150.0
          30         75       2.990864          165.0
          35         80       0.005338          150.0
          35         80       0.010674          105.0
          35         80       0.013182          150.0
          35         80       0.022502          150.0
          35         80       0.031950          150.0
          35         80       0.041707          150.0
          35         80       0.051449          270.0
          35         80       0.056213          165.0
          35         80       0.070897          150.0
          35         80       0.080862          165.0
          35         80       0.085633          120.0
          35         80       0.090311          150.0
          35         80       0.100297          135.0
          35         80       0.100297          150.0
          35         80       0.110590          210.0
          35         80       0.313540          165.0
          35         80       0.332094          150.0
          35         80       0.351211          150.0
          35         80       0.352897          135.0
          35         80       0.448918          165.0
          35         80       0.468425          135.0
          35         80       0.473696          165.0
          35         80       0.484434          105.0
          35         80       0.484434          165.0
          35         80       0.492336          150.0
          35         80       0.493434          120.0
          35         80       0.501551          120.0
          35         80       0.502619          150.0
          35         80       0.589967          120.0
          35         80       0.589967          150.0
          35         80       0.591209           30.0
          35         80       0.592387          135.0
          35         80       0.592387          150.0
          35         80       0.593434          165.0
          35         80       0.597529          120.0
          35         80       0.600653          135.0
          35         80       0.600653          150.0
          35         80       0.601688          120.0
          35         80       0.602758          105.0
          35         80       0.603828           90.0
          35         80       0.605551          165.0
          35         80       0.606600          150.0
          35         80       0.607629          135.0
          35         80       0.607629          165.0
          35         80       0.607629          180.0
          35         80       0.613528          150.0
          35         80       0.614593          135.0
          35         80       0.617025          120.0
          35         80       0.617025          150.0
          35         80       0.618079          135.0
          35         80       0.622043          150.0
          35         80       0.625231          165.0
          35         80       0.630102          165.0
          35         80       0.632512          165.0
          35         80       0.638502          120.0
          35         80       0.638502          150.0
          35         80       0.640627          150.0
          35         80       0.642024          180.0
          35         80       0.643109           90.0
          35         80       0.647172          135.0
          35         80       0.647172          150.0
          35         80       0.647172          165.0
          35         80       0.647172          180.0
          35         80       0.648278           75.0
          35         80       0.650324           90.0
          35         80       0.651444           75.0
          35         80       0.732356          150.0
          35         80       0.739993           15.0
          35         80       0.739993           30.0
          35         80       0.739993           45.0
          35         80       0.743086          150.0
          35         80       0.747256          150.0
          35         80       0.748258          165.0
          35         80       0.749301          150.0
          35         80       0.751850          135.0
          35         80       0.755133          150.0
          35         80       0.756143          135.0
          35         80       0.757047           30.0
          35         80       0.757164          150.0
          35         80       0.763266          225.0
          35         80       0.764342          150.0
          35         80       0.765389          165.0
          35         80       0.771479          150.0
          35         80       0.772487          165.0
          35         80       0.773536          120.0
          35         80       0.825420          150.0
          35         80       0.826426          120.0
          35         80       0.826426          165.0
          35         80       0.838000          150.0
          35         80       0.846418          150.0
          35         80       0.851400          150.0
          35         80       0.854004          150.0
          35         80       0.857137          120.0
          35         80       0.857137          150.0
          35         80       0.868512          135.0
          35         80       0.874030           75.0
          35         80       0.900989          135.0
          35         80       0.900989          150.0
          35         80       0.923764          165.0
          35         80       0.925139          300.0
          35         80       1.004635          150.0
          35         80       1.004635          165.0
          35         80       1.035389          150.0
          35         80       1.036458          135.0
          35         80       1.038227          150.0
          35         80       1.039610          135.0
          35         80       1.043918          165.0
          35         80       1.048190          135.0
          35         80       1.053356          150.0
          35         80       1.054596           30.0
          35         80       1.062086          150.0
          35         80       1.063212          135.0
          35         80       1.064672          120.0
          35         80       1.066139          135.0
          35         80       1.067219          120.0
          35         80       1.071860          150.0
          35         80       1.078511          135.0
          35         80       1.081239          165.0
          35         80       1.082294          135.0
          35         80       1.086377          120.0
          35         80       1.094059          135.0
          35         80       1.102729          150.0
          35         80       1.104559          120.0
          35         80       1.135057          150.0
          35         80       1.138889          150.0
          35         80       1.139956          165.0
          35         80       1.141149          150.0
          35         80       1.151661          165.0
          35         80       1.166161          165.0
          35         80       1.325018          120.0
          35         80       1.325018          150.0
          35         80       1.447422          120.0
          35         80       1.447422          165.0
          35         80       1.452305          150.0
          35         80       1.457322          120.0
          35         80       1.461725          150.0
          35         80       1.467879          135.0
          35         80       1.467879          150.0
          35         80       1.645368          150.0
          35         80       1.646460          165.0
          35         80       1.647893          150.0
          35         80       1.652766          150.0
          35         80       1.661872          135.0
          35         80       1.661872          150.0
          35         80       1.662952          165.0
          35         80       1.669764          150.0
          35         80       1.671079          135.0
          35         80       1.671079          165.0
          35         80       1.671079          180.0
          35         80       1.672153          150.0
          35         80       1.677532          150.0
          35         80       1.681014          120.0
          35         80       1.681014          150.0
          35         80       1.683097           90.0
          35         80       1.685141          150.0
          35         80       1.687637          120.0
          35         80       1.687637          135.0
          35         80       1.687637          150.0
          35         80       1.693740          150.0
          35         80       1.694837          135.0
          35         80       1.699041          150.0
          35         80       1.700154           30.0
          35         80       1.716362          105.0
          35         80       1.731533          120.0
          35         80       1.747001          315.0
          35         80       1.751329          150.0
          35         80       1.752608          135.0
          35         80       1.753735          210.0
          35         80       1.755924          150.0
          35         80       1.759713          150.0
          35         80       1.760840          210.0
          35         80       1.763452           45.0
          35         80       1.775356          150.0
          35         80       1.781012          150.0
          35         80       1.782254          165.0
          35         80       1.785040          165.0
          35         80       1.786512          150.0
          35         80       1.788124           75.0
          35         80       1.801828          180.0
          35         80       1.808580          150.0
          35         80       1.842583          105.0
          35         80       1.847300          135.0
          35         80       1.849046           15.0
          35         80       1.859389          150.0
          35         80       1.861822          150.0
          35         80       1.864508          150.0
          35         80       1.874080           30.0
          35         80       1.875592          105.0
          35         80       1.877301          150.0
          35         80       1.891557          135.0
          35         80       1.899453           90.0
          35         80       1.908172          135.0
          35         80       1.908172          150.0
          35         80       1.909344          210.0
          35         80       1.917774          135.0
          35         80       1.918989          180.0
          35         80       1.932938          300.0
          35         80       1.939658          150.0
          35         80       1.941856          150.0
          35         80       1.945830          150.0
          35         80       1.948811           30.0
          35         80       1.954528          150.0
          35         80       1.957379          150.0
          35         80       1.958850          165.0
          35         80       1.966998          150.0
          35         80       1.969360          165.0
          35         80       1.996821          150.0
          35         80       1.999372          135.0
          35         80       1.999372          150.0
          35         80       2.000659          165.0
          35         80       2.002004          150.0
          35         80       2.003995          315.0
          35         80       2.011807          150.0
          35         80       2.019766          120.0
          35         80       2.019766          135.0
          35         80       2.019766          150.0
          35         80       2.024090            0.0
          35         80       2.027848          120.0
          35         80       2.028899          150.0
          35         80       2.028899          165.0
          35         80       2.029920          120.0
          35         80       2.032150          150.0
          35         80       2.034481          120.0
          35         80       2.034481          165.0
          35         80       2.037284          165.0
          35         80       2.044963          150.0
          35         80       2.059299          150.0
          35         80       2.060319          165.0
          35         80       2.061463          150.0
          35         80       2.067813          150.0
          35         80       2.068979          135.0
          35         80       2.070747            0.0
          35         80       2.072028          150.0
          35         80       2.073043          165.0
          35         80       2.074207          150.0
          35         80       2.075920          120.0
          35         80       2.076958          180.0
          35         80       2.078411          135.0
          35         80       2.078411          165.0
          35         80       2.079444          150.0
          35         80       2.080551          120.0
          35         80       2.081688          165.0
          35         80       2.084834          150.0
          35         80       2.085887          135.0
          35         80       2.091352          165.0
          35         80       2.098094          135.0
          35         80       2.104329          240.0
          35         80       2.109539          150.0
          35         80       2.158297          150.0
          35         80       2.166684          120.0
          35         80       2.166684          150.0
          35         80       2.168092          165.0
          35         80       2.178043          165.0
          35         80       2.179451          150.0
          35         80       2.182959          120.0
          35         80       2.184391          150.0
          35         80       2.186266           15.0
          35         80       2.187792          105.0
          35         80       2.187792          165.0
          35         80       2.194803          120.0
          35         80       2.194803          150.0
          35         80       2.199715          150.0
          35         80       2.208217          165.0
          35         80       2.213555          150.0
          35         80       2.218268          165.0
          35         80       2.219764          150.0
          35         80       2.220815          135.0
          35         80       2.224450          165.0
          35         80       2.233189          150.0
          35         80       2.237423          135.0
          35         80       2.239813          150.0
          35         80       2.241143          135.0
          35         80       2.248301          120.0
          35         80       2.248301          150.0
          35         80       2.249460          135.0
          35         80       2.250504          150.0
          35         80       2.251786          120.0
          35         80       2.252860          165.0
          35         80       2.255860          225.0
          35         80       2.257442          150.0
          35         80       2.264717          150.0
          35         80       2.268154          150.0
          35         80       2.273432          165.0
          35         80       2.280711          165.0
          35         80       2.281762          120.0
          35         80       2.286415          255.0
          35         80       2.288122          165.0
          35         80       2.295411          150.0
          35         80       2.296485          135.0
          35         80       2.312732           60.0
          35         80       2.317270          150.0
          35         80       2.322960          285.0
          35         80       2.326668          135.0
          35         80       2.326668          150.0
          35         80       2.332467          150.0
          35         80       2.340145          165.0
          35         80       2.341399          150.0
          35         80       2.343204          165.0
          35         80       2.347864          150.0
          35         80       2.349085          135.0
          35         80       2.350885          150.0
          35         80       2.354202          105.0
          35         80       2.355615          150.0
          35         80       2.363397          150.0
          35         80       2.371178          120.0
          35         80       2.371178          150.0
          35         80       2.378981          165.0
          35         80       2.380233          105.0
          35         80       2.382700          180.0
          35         80       2.386821          165.0
          35         80       2.388084          150.0
          35         80       2.392178           15.0
          35         80       2.394686          150.0
          35         80       2.402586          150.0
          35         80       2.420865          150.0
          35         80       2.464479          105.0
          35         80       2.615537          150.0
          35         80       2.616887          120.0
          35         80       2.623670          120.0
          35         80       2.623670          150.0
          35         80       2.633739          165.0
          35         80       2.639947          150.0
          35         80       2.644525          135.0
          35         80       2.647650          120.0
          35         80       2.647650          150.0
          35         80       2.649219          135.0
          35         80       2.652565          135.0
          35         80       2.714946            0.0
          35         80       2.714946           15.0
          35         80       2.756524           30.0
          35         80       2.758465          165.0
          35         80       2.763387          150.0
          35         80       2.764438          120.0
          35         80       2.764438          165.0
          35         80       2.765586          105.0
          35         80       2.766640          180.0
          35         80       2.767743          135.0
          35         80       2.771506          150.0
          35         80       2.772575          165.0
          35         80       2.773649          135.0
          35         80       2.774678          165.0
          35         80       2.779885          150.0
          35         80       2.782127           30.0
          35         80       2.783055          150.0
          35         80       2.787047          180.0
          35         80       2.788682          150.0
          35         80       2.789731          165.0
          35         80       2.790789          150.0
          35         80       2.791801          165.0
          35         80       2.797200          150.0
          35         80       2.797200          165.0
          35         80       2.806353          120.0
          35         80       2.806353          150.0
          35         80       2.807612          135.0
          35         80       2.810823          135.0
          35         80       2.824467          165.0
          35         80       2.827977          150.0
          35         80       2.841363          270.0
          35         80       2.919622          150.0
          35         80       2.920981          135.0
          35         80       2.931204          120.0
          35         80       2.931204          150.0
          35         80       2.947614          150.0
          35         80       2.952528          150.0
          35         80       2.955241           15.0
          35         80       2.957028          150.0
          35         80       2.963747          150.0
          35         80       2.965173          135.0
          35         80       2.973839          165.0
          35         80       2.980803          120.0
          35         80       2.980803          150.0
          35         80       2.990146          150.0
          35         80       2.991209           30.0
          35         80       2.999154          150.0
          40         85       0.069361          120.0
          40         85       0.069361          150.0
          40         85       0.073305          150.0
          40         85       0.078165          150.0
          40         85       0.081106          135.0
          40         85       0.081106          150.0
          40         85       0.087032          120.0
          40         85       0.087032          150.0
          40         85       0.089943          135.0
          40         85       0.090965          120.0
          40         85       0.090965          150.0
          40         85       0.094303           75.0
          40         85       0.095696          150.0
          40         85       0.097325          165.0
          40         85       0.103580          120.0
          40         85       0.103580          150.0
          40         85       0.104727          165.0
          40         85       0.106030          105.0
          40         85       0.107893          150.0
          40         85       0.111016          135.0
          40         85       0.111016          150.0
          40         85       0.112063          165.0
          40         85       0.113286          120.0
          40         85       0.116373          150.0
          40         85       0.118544          135.0
          40         85       0.126297          150.0
          40         85       0.130039           30.0
          40         85       0.138750          150.0
          40         85       0.140204          165.0
          40         85       0.143862          135.0
          40         85       0.153596          165.0
          40         85       0.165545          300.0
          40         85       0.166885          165.0
          40         85       0.178568          150.0
          40         85       0.210760          150.0
          40         85       0.248001          135.0
          40         85       0.248001          150.0
          40         85       0.250177          135.0
          40         85       0.254510          120.0
          40         85       0.260619           30.0
          40         85       0.260619           60.0
          40         85       0.266915          165.0
          40         85       0.289512          120.0
          40         85       0.295797          120.0
          40         85       0.328130          135.0
          40         85       0.434528          150.0
          40         85       0.435559          120.0
          40         85       0.435559          135.0
          40         85       0.440180           30.0
          40         85       0.442620          135.0
          40         85       0.443641          150.0
          40         85       0.448020          135.0
          40         85       0.448020          150.0
          40         85       0.449028          120.0
          40         85       0.450321          150.0
          40         85       0.455946          120.0
          40         85       0.455946          150.0
          40         85       0.456965          165.0
          40         85       0.459655          135.0
          40         85       0.463946          135.0
          40         85       0.463946          150.0
          40         85       0.464967          120.0
          40         85       0.471739          165.0
          40         85       0.473623          150.0
          40         85       0.474649          135.0
          40         85       0.479438          150.0
          40         85       0.480487          135.0
          40         85       0.482448           15.0
          40         85       0.486997          135.0
          40         85       0.486997          150.0
          40         85       0.489376          180.0
          40         85       0.494493          150.0
          40         85       0.495502          120.0
          40         85       0.503379           75.0
          40         85       0.505016          105.0
          40         85       0.513430          330.0
          40         85       0.663659          135.0
          40         85       0.674926          135.0
          40         85       0.720090          135.0
          40         85       0.721227           90.0
          40         85       0.726473           75.0
          40         85       0.784352          120.0
          40         85       0.784352          150.0
          40         85       0.785723          135.0
          40         85       0.786817          150.0
          40         85       0.787899          120.0
          40         85       0.791946          150.0
          40         85       0.795176          120.0
          40         85       0.795176          150.0
          40         85       0.796268          135.0
          40         85       0.798964          135.0
          40         85       0.799942           90.0
          40         85       0.799942          180.0
          40         85       0.803278          120.0
          40         85       0.803278          150.0
          40         85       0.804353          135.0
          40         85       0.806747          150.0
          40         85       0.809154          150.0
          40         85       0.810201          120.0
          40         85       0.811300          135.0
          40         85       0.813975          135.0
          40         85       0.815073          105.0
          40         85       0.816335          165.0
          40         85       0.817387          150.0
          40         85       0.823645          150.0
          40         85       0.834770          165.0
          40         85       0.834770          180.0
          40         85       0.835915          210.0
          40         85       0.835915          225.0
          40         85       0.838486          150.0
          40         85       0.858536          180.0
          40         85       0.867085          135.0
          40         85       0.887016          150.0
          40         85       0.888217          120.0
          40         85       0.893569          135.0
          40         85       0.909262          150.0
          40         85       0.915817          135.0
          40         85       0.919922          135.0
          40         85       0.919922          150.0
          40         85       0.922393          150.0
          40         85       0.924671          135.0
          40         85       0.928071          165.0
          40         85       0.929122          120.0
          40         85       0.930939          135.0
          40         85       0.931954          165.0
          40         85       0.935528          135.0
          40         85       0.937333            0.0
          40         85       0.937333           15.0
          40         85       0.938471          165.0
          40         85       0.941068          120.0
          40         85       0.943756           30.0
          40         85       0.944885          150.0
          40         85       0.950145          135.0
          40         85       0.951400          150.0
          40         85       0.955264          135.0
          40         85       0.956778          150.0
          40         85       0.963438          165.0
          40         85       0.964478          150.0
          40         85       0.965473          165.0
          40         85       0.967014          135.0
          40         85       0.970266          135.0
          40         85       0.970266          150.0
          40         85       0.979639          135.0
          40         85       0.980696          150.0
          40         85       0.983303          150.0
          40         85       0.983303          165.0
          40         85       0.985654          150.0
          40         85       0.988471          150.0
          40         85       0.991653          135.0
          40         85       0.991653          150.0
          40         85       0.991653          165.0
          40         85       0.993686          150.0
          40         85       1.000100          165.0
          40         85       1.002549          150.0
          40         85       1.006377          150.0
          40         85       1.011891            0.0
          40         85       1.019333          135.0
          40         85       1.020825          225.0
          40         85       1.027361          150.0
          40         85       1.030243          150.0
          40         85       1.033243          150.0
          40         85       1.035848          165.0
          40         85       1.042963          120.0
          40         85       1.046354          135.0
          40         85       1.051766          165.0
          40         85       1.053712          135.0
          40         85       1.059237          135.0
          40         85       1.066123          150.0
          40         85       1.090100          120.0
          40         85       1.090100          150.0
          40         85       1.096463          165.0
          40         85       1.104438          150.0
          40         85       1.111897          135.0
          40         85       1.114967          150.0
          40         85       1.121629          120.0
          40         85       1.126668          120.0
          40         85       1.126668          150.0
          40         85       1.135412          150.0
          40         85       1.137244          210.0
          40         85       1.175174          150.0
          40         85       1.176184          165.0
          40         85       1.177924          150.0
          40         85       1.183309          150.0
          40         85       1.185200          165.0
          40         85       1.186854          135.0
          40         85       1.191416          120.0
          40         85       1.191416          150.0
          40         85       1.193525          150.0
          40         85       1.199668          150.0
          40         85       1.208165          135.0
          40         85       1.208165          150.0
          40         85       1.283321          120.0
          40         85       1.283321          150.0
          40         85       1.285128          135.0
          40         85       1.286911          150.0
          40         85       1.291231          150.0
          40         85       1.304449          270.0
          40         85       1.314646          150.0
          40         85       1.351344          255.0
          40         85       1.426727          135.0
          40         85       1.426727          150.0
          40         85       1.427902            0.0
          40         85       1.431036          135.0
          40         85       1.431036          150.0
          40         85       1.433357          120.0
          40         85       1.433357          150.0
          40         85       1.439559          165.0
          40         85       1.451637           30.0
          40         85       1.455650          120.0
          40         85       1.455650          150.0
          40         85       1.463064          150.0
          40         85       1.464128          135.0
          40         85       1.465833          150.0
          40         85       1.467321          120.0
          40         85       1.469076          300.0
          40         85       1.470289          150.0
          40         85       1.473347          135.0
          40         85       1.475575          135.0
          40         85       1.475575          150.0
          40         85       1.477496          120.0
          40         85       1.481127          150.0
          40         85       1.482153           90.0
          40         85       1.485588          150.0
          40         85       1.486629          120.0
          40         85       1.487727          150.0
          40         85       1.491415          135.0
          40         85       1.491415          150.0
          40         85       1.492540          165.0
          40         85       1.492540          180.0
          40         85       1.493627          150.0
          40         85       1.495481          120.0
          40         85       1.495481          135.0
          40         85       1.496832          150.0
          40         85       1.498764          120.0
          40         85       1.499835          135.0
          40         85       1.538504          150.0
          40         85       1.541137          150.0
          40         85       1.542157          165.0
          40         85       1.545035          120.0
          40         85       1.546516          150.0
          40         85       1.547586          165.0
          40         85       1.548657          150.0
          40         85       1.550546          135.0
          40         85       1.551979          150.0
          40         85       1.553107          120.0
          40         85       1.554133          165.0
          40         85       1.558665          150.0
          40         85       1.561219          105.0
          40         85       1.561219          165.0
          40         85       1.575498          120.0
          40         85       1.578735          150.0
          40         85       1.580793          135.0
          40         85       1.580793          150.0
          40         85       1.584430          150.0
          40         85       1.588746          120.0
          40         85       1.591693          150.0
          40         85       1.595893          165.0
          40         85       1.597063          120.0
          40         85       1.598893          105.0
          40         85       1.599965           90.0
          40         85       1.603043           15.0
          40         85       1.607311           75.0
          40         85       1.608463          120.0
          40         85       1.613323          105.0
          40         85       1.614523          180.0
          40         85       1.615626           90.0
          40         85       1.620711          150.0
          40         85       1.634633          165.0
          40         85       1.639528          150.0
          40         85       1.643057          135.0
          40         85       1.644304          180.0
          40         85       1.645891          150.0
          40         85       1.647352           90.0
          40         85       1.648538          135.0
          40         85       1.651031            0.0
          40         85       1.652280          135.0
          40         85       1.655001          120.0
          40         85       1.655001          135.0
          40         85       1.655001          150.0
          40         85       1.655001          165.0
          40         85       1.658649          165.0
          40         85       1.661347          135.0
          40         85       1.662571          120.0
          40         85       1.662571          150.0
          40         85       1.663922          180.0
          40         85       1.665026          165.0
          40         85       1.666251          135.0
          40         85       1.668908          150.0
          40         85       1.670219          180.0
          40         85       1.671399          165.0
          40         85       1.672566           90.0
          40         85       1.673696          120.0
          40         85       1.673696          150.0
          40         85       1.676282          135.0
          40         85       1.677825          120.0
          40         85       1.677825          150.0
          40         85       1.684317          150.0
          40         85       1.685774          135.0
          40         85       1.692350          135.0
          40         85       1.694020          150.0
          40         85       1.697602          135.0
          40         85       1.697602          150.0
          40         85       1.705873          120.0
          40         85       1.705873          150.0
          40         85       1.709608          165.0
          40         85       1.711309          150.0
          40         85       1.712351          180.0
          40         85       1.740866          135.0
          40         85       1.748365          150.0
          40         85       1.755774          120.0
          40         85       1.755774          150.0
          40         85       1.762994          150.0
          40         85       1.766576          150.0
          40         85       1.769782          150.0
          40         85       1.777482          135.0
          40         85       1.789434           15.0
          40         85       1.790936          120.0
          40         85       1.790936          150.0
          40         85       1.797895          165.0
          40         85       1.806990          150.0
          40         85       1.818368          150.0
          40         85       1.820887          150.0
          40         85       1.823240          150.0
          40         85       1.826141          165.0
          40         85       1.831332           30.0
          40         85       1.833754          120.0
          40         85       1.833754          150.0
          40         85       1.850025          150.0
          40         85       1.853797          150.0
          40         85       1.855873          150.0
          40         85       1.944700          135.0
          40         85       1.944700          150.0
          40         85       1.946042          165.0
          40         85       1.952317          120.0
          40         85       1.952317          150.0
          40         85       1.953583          225.0
          40         85       1.959914          150.0
          40         85       1.967717          120.0
          40         85       1.967717          150.0
          40         85       1.969071          165.0
          40         85       1.970180          135.0
          40         85       1.971262           90.0
          40         85       1.972329          120.0
          40         85       1.972329          135.0
          40         85       1.975762          150.0
          40         85       1.977110          135.0
          40         85       1.978180          120.0
          40         85       1.982411          105.0
          40         85       1.991912          150.0
          40         85       1.993047          135.0
          40         85       1.999825          240.0
          40         85       2.001077          135.0
          40         85       2.011325          120.0
          40         85       2.011325          135.0
          40         85       2.012438          150.0
          40         85       2.015939          120.0
          40         85       2.015939          150.0
          40         85       2.024167          135.0
          40         85       2.025528          150.0
          40         85       2.032436          165.0
          40         85       2.034590          150.0
          40         85       2.040680          120.0
          40         85       2.040680          150.0
          40         85       2.041714          165.0
          40         85       2.042766          150.0
          40         85       2.046844           15.0
          40         85       2.048982          150.0
          40         85       2.057309          150.0
          40         85       2.059342          165.0
          40         85       2.068159          135.0
          40         85       2.069272          105.0
          40         85       2.077292          195.0
          40         85       2.083133          120.0
          40         85       2.089253          105.0
          40         85       2.099629          180.0
          40         85       2.836909          135.0
          40         85       2.842598          120.0
          40         85       2.842598          150.0
          40         85       2.851270          120.0
          40         85       2.851270          150.0
          40         85       2.894981          150.0
          40         85       2.903793          120.0
          40         85       2.903793          150.0
          40         85       2.905513          135.0
          40         85       2.908321          150.0
          40         85       2.912387          150.0
          40         85       2.916847          135.0
          40         85       2.919904          150.0
          40         85       2.920919          135.0
          40         85       2.929446          150.0
          40         85       2.931096          120.0
          40         85       2.933963          150.0
          40         85       2.937740          150.0
          40         85       2.938821          135.0
          40         85       2.946276          150.0
          40         85       2.947358          135.0
          40         85       2.948776          150.0
          40         85       2.952018          135.0
          40         85       2.954904          150.0
          40         85       2.998639          120.0
          45         90       0.015442          120.0
          45         90       0.015442          150.0
          45         90       0.045097          135.0
          45         90       0.072620          165.0
          45         90       0.081705          150.0
          45         90       0.091098          150.0
          45         90       0.099948          135.0
          45         90       0.101016          150.0
          45         90       0.103254          120.0
          45         90       0.103254          150.0
          45         90       0.104350          105.0
          45         90       0.104350          165.0
          45         90       0.105537          150.0
          45         90       0.108108          135.0
          45         90       0.109201          120.0
          45         90       0.109201          150.0
          45         90       0.113254          120.0
          45         90       0.114286           90.0
          45         90       0.115456          105.0
          45         90       0.118081          165.0
          45         90       0.121973          150.0
          45         90       0.123164            0.0
          45         90       0.136378          135.0
          45         90       0.144825          150.0
          45         90       0.150071          135.0
          45         90       0.150071          150.0
          45         90       0.162317          165.0
          45         90       0.163830          150.0
          45         90       0.175011          135.0
          45         90       0.179490          120.0
          45         90       0.179490          150.0
          45         90       0.183258          135.0
          45         90       0.186518          135.0
          45         90       0.186518          315.0
          45         90       0.193939          120.0
          45         90       0.193939          150.0
          45         90       0.201165          135.0
          45         90       0.201165          150.0
          45         90       0.203605          180.0
          45         90       0.219262          120.0
          45         90       0.219262          135.0
          45         90       0.219262          150.0
          45         90       0.229465          210.0
          45         90       0.232112          135.0
          45         90       0.239689          150.0
          45         90       0.241141          120.0
          45         90       0.246071          135.0
          45         90       0.250379          120.0
          45         90       0.250379          150.0
          45         90       0.255132          165.0
          45         90       0.275636           45.0
          45         90       0.297640          180.0
          45         90       0.302555          150.0
          45         90       0.302555          165.0
          45         90       0.304839          135.0
          45         90       0.310378           45.0
          45         90       0.315434          165.0
          45         90       0.316506          120.0
          45         90       0.317577          105.0
          45         90       0.321047          165.0
          45         90       0.322082          150.0
          45         90       0.323184          120.0
          45         90       0.330001          120.0
          45         90       0.331048          135.0
          45         90       0.332131          105.0
          45         90       0.334307          255.0
          45         90       0.336900          150.0
          45         90       0.341797          165.0
          45         90       0.342849          135.0
          45         90       0.345612          105.0
          45         90       0.349393          105.0
          45         90       0.350497           90.0
          45         90       0.377132          135.0
          45         90       0.391061          150.0
          45         90       0.393469           30.0
          45         90       0.393469          240.0
          45         90       0.398120          135.0
          45         90       0.400792          135.0
          45         90       0.401871          150.0
          45         90       0.424081          135.0
          45         90       0.425861          120.0
          45         90       0.425861          150.0
          45         90       0.431001          315.0
          45         90       0.435961           90.0
          45         90       0.437804          135.0
          45         90       0.439563          150.0
          45         90       0.446434           90.0
          45         90       0.446434          105.0
          45         90       0.448225           45.0
          45         90       0.449451           60.0
          45         90       0.451554          225.0
          45         90       0.458472          135.0
          45         90       0.458472          315.0
          45         90       0.465811          135.0
          45         90       0.466954          150.0
          45         90       0.468932          120.0
          45         90       0.473059          150.0
          45         90       0.476711          165.0
          45         90       0.477825          180.0
          45         90       0.480693          120.0
          45         90       0.481770          150.0
          45         90       0.486551          105.0
          45         90       0.488415          165.0
          45         90       0.489782          135.0
          45         90       0.489782          150.0
          45         90       0.495357          120.0
          45         90       0.495357          150.0
          45         90       0.498110          165.0
          45         90       0.499567          150.0
          45         90       0.501014          255.0
          45         90       0.503064          120.0
          45         90       0.503064          150.0
          45         90       0.508223          120.0
          45         90       0.509364          165.0
          45         90       0.512620          105.0
          45         90       0.512620          165.0
          45         90       0.523818          135.0
          45         90       0.564719          135.0
          45         90       0.564719          150.0
          45         90       0.571654          120.0
          45         90       0.571654          150.0
          45         90       0.577046          135.0
          45         90       0.579147          135.0
          45         90       0.580750          120.0
          45         90       0.582143          135.0
          45         90       0.587416          120.0
          45         90       0.594774          150.0
          45         90       0.603119          120.0
          45         90       0.603119          150.0
          45         90       0.604419          135.0
          45         90       0.606305          150.0
          45         90       0.618237          135.0
          45         90       0.619379          165.0
          45         90       0.619379          180.0
          45         90       0.626067          120.0
          45         90       0.626067          135.0
          45         90       0.626067          150.0
          45         90       0.627221          105.0
          45         90       0.627221          165.0
          45         90       0.629211          150.0
          45         90       0.633907          120.0
          45         90       0.633907          150.0
          45         90       0.635510          165.0
          45         90       0.636646          150.0
          45         90       0.641723          120.0
          45         90       0.641723          150.0
          45         90       0.645228          120.0
          45         90       0.647600          105.0
          45         90       0.649536          120.0
          45         90       0.649536          150.0
          45         90       0.653088          105.0
          45         90       0.657416          120.0
          45         90       0.660856           30.0
          45         90       0.662080          150.0
          45         90       0.664254          135.0
          45         90       0.665368          120.0
          45         90       0.665368          150.0
          45         90       0.668686          240.0
          45         90       0.673167          165.0
          45         90       0.695499          105.0
          45         90       0.741083          120.0
          45         90       0.741083          135.0
          45         90       0.741083          150.0
          45         90       0.749364          150.0
          45         90       0.751560          135.0
          45         90       0.757626          135.0
          45         90       0.765804          315.0
          45         90       0.774407          120.0
          45         90       0.774407          150.0
          45         90       0.779992           90.0
          45         90       0.782836           30.0
          45         90       0.785300          135.0
          45         90       0.787282            0.0
          45         90       0.791297          135.0
          45         90       0.791297          150.0
          45         90       0.799993          120.0
          45         90       0.799993          150.0
          45         90       0.808465          150.0
          45         90       0.816764          150.0
          45         90       0.819302          135.0
          45         90       0.825846          150.0
          45         90       0.827686          165.0
          45         90       0.834376          135.0
          45         90       0.835478          120.0
          45         90       0.975196           45.0
          45         90       0.983993          135.0
          45         90       0.983993          150.0
          45         90       0.992672          120.0
          45         90       1.005754          120.0
          45         90       1.007127          150.0
          45         90       1.055061          135.0
          45         90       1.064642          135.0
          45         90       1.068663          165.0
          45         90       1.069985          120.0
          45         90       1.079010          150.0
          45         90       1.082547          150.0
          45         90       1.087792          285.0
          45         90       1.089261          135.0
          45         90       1.091376          150.0
          45         90       1.117081          315.0
          45         90       1.118376          120.0
          45         90       1.118376          150.0
          45         90       1.126047          210.0
          45         90       1.127464          135.0
          45         90       1.129420          120.0
          45         90       1.129420          150.0
          45         90       1.131407          135.0
          45         90       1.132645          150.0
          45         90       1.134697          120.0
          45         90       1.134697          150.0
          45         90       1.137659          135.0
          45         90       1.141703          210.0
          45         90       1.145206          225.0
          45         90       1.147381          210.0
          45         90       1.147381          240.0
          45         90       1.152731          120.0
          45         90       1.153975          135.0
          45         90       1.156251          135.0
          45         90       1.156251          150.0
          45         90       1.164178          120.0
          45         90       1.164178          150.0
          45         90       1.169944          135.0
          45         90       1.172632          135.0
          45         90       1.182891          150.0
          45         90       1.238958           90.0
          45         90       1.261961           15.0
          45         90       1.349262          120.0
          45         90       1.349262          135.0
          45         90       1.349262          150.0
          45         90       1.352171          135.0
          45         90       1.361068          135.0
          45         90       1.362106          150.0
          45         90       1.363189          135.0
          45         90       1.368139          135.0
          45         90       1.369439          120.0
          45         90       1.369439          150.0
          45         90       1.370550          135.0
          45         90       1.373711           90.0
          45         90       1.377586          135.0
          45         90       1.380356          135.0
          45         90       1.380356          150.0
          45         90       1.387215           15.0
          45         90       1.387215           30.0
          45         90       1.388353          150.0
          45         90       1.392592          105.0
          45         90       1.396686           30.0
          45         90       1.397891          135.0
          45         90       1.399329          105.0
          45         90       1.399329          165.0
          45         90       1.406258          135.0
          45         90       1.406258          150.0
          45         90       1.408760          165.0
          45         90       1.426997          150.0
          45         90       1.648197          120.0
          45         90       1.649276          135.0
          45         90       1.650309          150.0
          45         90       1.651464          135.0
          45         90       1.656711          120.0
          45         90       1.656711          135.0
          45         90       1.656711          150.0
          45         90       1.658782          120.0
          45         90       1.658782          150.0
          45         90       1.660858          135.0
          45         90       1.661911          120.0
          45         90       1.665102          105.0
          45         90       1.666151          135.0
          45         90       1.667219          120.0
          45         90       1.667219          150.0
          45         90       1.669220          135.0
          45         90       1.674510          120.0
          45         90       1.674510          150.0
          45         90       1.675585          135.0
          45         90       1.681524            0.0
          45         90       1.682731          135.0
          45         90       1.683766          150.0
          45         90       1.685792          135.0
          45         90       1.689928          120.0
          45         90       1.697909          195.0
          45         90       1.699739          135.0
          45         90       1.700993          120.0
          45         90       1.700993          150.0
          45         90       1.702034          135.0
          45         90       1.703094          150.0
          45         90       1.704161          120.0
          45         90       1.704161          135.0
          45         90       1.706573          135.0
          45         90       1.708442          120.0
          45         90       1.710717          150.0
          45         90       1.714420          150.0
          45         90       1.733083          120.0
          45         90       1.733083          135.0
          45         90       1.733083          150.0
          45         90       1.736604          135.0
          45         90       1.760371          120.0
          45         90       1.766836          135.0
          45         90       1.766836          150.0
          45         90       1.776950          330.0
          45         90       1.781543          120.0
          45         90       1.781543          150.0
          45         90       1.782804          135.0
          45         90       1.783817          120.0
          45         90       1.783817          150.0
          45         90       1.784872          135.0
          45         90       1.789179          135.0
          45         90       1.792514          150.0
          45         90       1.796926          120.0
          45         90       1.796926          150.0
          45         90       1.798438          135.0
          45         90       1.799471          150.0
          45         90       1.804692          120.0
          45         90       1.804692          150.0
          45         90       1.806210          135.0
          45         90       1.807215          150.0
          45         90       1.808376           45.0
          45         90       1.809534          135.0
          45         90       1.810592          120.0
          45         90       1.812469          135.0
          45         90       1.812469          150.0
          45         90       1.815014          135.0
          45         90       1.818379           75.0
          45         90       1.820254          120.0
          45         90       1.820254          150.0
          45         90       1.821800          135.0
          45         90       1.824604          240.0
          45         90       1.828042          135.0
          45         90       1.831514          135.0
          45         90       1.832770          105.0
          45         90       1.832770          165.0
          45         90       1.835821          135.0
          45         90       1.837151          150.0
          45         90       1.838239          165.0
          45         90       1.839272          150.0
          45         90       1.840577          135.0
          45         90       1.851626          150.0
          45         90       1.864529          120.0
          45         90       1.870979          120.0
          45         90       1.873234           90.0
          45         90       1.875415          105.0
          45         90       1.879993           90.0
          45         90       1.881053           75.0
          45         90       1.882922          135.0
          45         90       1.886799          150.0
          45         90       1.887892          135.0
          45         90       1.890706          135.0
          45         90       1.894562          180.0
          45         90       1.898524          120.0
          45         90       1.898524          150.0
          45         90       1.899934          135.0
          45         90       1.902198          135.0
          45         90       1.904432           45.0
          45         90       1.906446          120.0
          45         90       1.906446          135.0
          45         90       1.906446          150.0
          45         90       1.907842          165.0
          45         90       1.910078          150.0
          45         90       1.911179          180.0
          45         90       1.912317           60.0
          45         90       1.914508          135.0
          45         90       1.914508          150.0
          45         90       1.920174          105.0
          45         90       1.921211           15.0
          45         90       1.922633          120.0
          45         90       1.922633          150.0
          45         90       1.924168          165.0
          45         90       1.925248          150.0
          45         90       1.926573          165.0
          45         90       1.930821          135.0
          45         90       1.932395          150.0
          45         90       1.933430          120.0
          45         90       1.938969           90.0
          45         90       1.949719          105.0
          45         90       1.949719          120.0
          45         90       1.949719          135.0
          45         90       1.951248          150.0
          45         90       1.955870          135.0
          45         90       1.956876          150.0
          45         90       1.957925          135.0
          45         90       1.963987          135.0
          45         90       1.967266          135.0
          45         90       1.967266          150.0
          45         90       1.970543          120.0
          45         90       1.972116          135.0
          45         90       1.983432          165.0
          45         90       1.988719          105.0
          45         90       1.993687           90.0
          45         90       1.996772          225.0
          45         90       1.997896          120.0
          45         90       2.004932          135.0
          45         90       2.009910           60.0
          45         90       2.029836           15.0
          45         90       2.031004            0.0
          45         90       2.034448          345.0
          45         90       2.038283          150.0
          45         90       2.041190          150.0
          45         90       2.046428           75.0
          45         90       2.049582            0.0
          45         90       2.150706          135.0
          45         90       2.181676          150.0
          45         90       2.196735          135.0
          45         90       2.197856          120.0
          45         90       2.197856          150.0
          45         90       2.200444          135.0
          45         90       2.204986          120.0
          45         90       2.204986          150.0
          45         90       2.208686          165.0
          45         90       2.213321          135.0
          45         90       2.216727          135.0
          45         90       2.219743          165.0
          45         90       2.222411          120.0
          45         90       2.222411          150.0
          45         90       2.231106          120.0
          45         90       2.231106          150.0
          45         90       2.238471          195.0
          45         90       2.239879          135.0
          45         90       2.239879          150.0
          45         90       2.242264          165.0
          45         90       2.248448          135.0
          45         90       2.258948          135.0
          45         90       2.266614          120.0
          45         90       2.270545          195.0
          45         90       2.271762           90.0
          45         90       2.328995          165.0
          45         90       2.443671          135.0
          45         90       2.448465          135.0
          45         90       2.448465          150.0
          45         90       2.450890           90.0
          45         90       2.452629          135.0
          45         90       2.452629          150.0
          45         90       2.454954          135.0
          45         90       2.455982          120.0
          45         90       2.457409          135.0
          45         90       2.458488           90.0
          45         90       2.461547          225.0
          45         90       2.463948          135.0
          45         90       2.470688          120.0
          45         90       2.470688          150.0
          45         90       2.472116          135.0
          45         90       2.473235          120.0
          45         90       2.476141          150.0
          45         90       2.479657           30.0
          45         90       2.484530          135.0
          45         90       2.486598          120.0
          45         90       2.498278          150.0
          45         90       2.504640           90.0
          45         90       2.507158          150.0
          45         90       2.508864          135.0
          45         90       2.512229          165.0
          45         90       2.515540          150.0
          45         90       2.519771          120.0
          45         90       2.519771          150.0
          45         90       2.521131          105.0
          45         90       2.524497          150.0
          45         90       2.528715          135.0
          45         90       2.530049          120.0
          45         90       2.535837          135.0
          45         90       2.540428           15.0
          45         90       2.544939          150.0
          45         90       2.551985          165.0
          45         90       2.554267          135.0
          45         90       2.672314          120.0
          45         90       2.672314          150.0
          45         90       2.674338          150.0
          45         90       2.699059          135.0
          45         90       2.699059          150.0
          45         90       2.700125          120.0
          45         90       2.708686          105.0
          45         90       2.708686          165.0
          45         90       2.718534          135.0
          45         90       2.774584          165.0
          45         90       2.782947          120.0
          45         90       2.782947          150.0
          45         90       2.783978          135.0
          45         90       2.908955          120.0
          45         90       2.908955          150.0
          45         90       2.913977          105.0
          45         90       2.917743          120.0
          45         90       2.917743          150.0
          45         90       2.918857          135.0
          45         90       2.920782          120.0
          45         90       2.920782          150.0
          45         90       2.921893          135.0
          45         90       2.925649          120.0
          45         90       2.925649          150.0
          45         90       2.926739          135.0
          45         90       2.927818          120.0
          45         90       2.927818          150.0
          45         90       2.934782          135.0
          45         90       2.935848          120.0
          45         90       2.935848          150.0
          45         90       2.942313          150.0
          45         90       2.943366          135.0
          45         90       2.993043          150.0
          50         95       0.019993          135.0
          50         95       0.030268          120.0
          50         95       0.030268          150.0
          50         95       0.034627          120.0
          50         95       0.035905          135.0
          50         95       0.037251          120.0
          50         95       0.037251          150.0
          50         95       0.038735          135.0
          50         95       0.042631          120.0
          50         95       0.042631          150.0
          50         95       0.046221          300.0
          50         95       0.050665          150.0
          50         95       0.050665          165.0
          50         95       0.052189          120.0
          50         95       0.059016          120.0
          50         95       0.059016          150.0
          50         95       0.063168          105.0
          50         95       0.067571          150.0
          50         95       0.069102          120.0
          50         95       0.069102          135.0
          50         95       0.070575          150.0
          50         95       0.074559          150.0
          50         95       0.084897          135.0
          50         95       0.087847          135.0
          50         95       0.090421          135.0
          50         95       0.092418          150.0
          50         95       0.094010          120.0
          50         95       0.097971          165.0
          50         95       0.100711           30.0
          50         95       0.108407          135.0
          50         95       0.141885          150.0
          50         95       0.231667          135.0
          50         95       0.237197          120.0
          50         95       0.237197          150.0
          50         95       0.241389          135.0
          50         95       0.243258          120.0
          50         95       0.244333          135.0
          50         95       0.245672          165.0
          50         95       0.249290          135.0
          50         95       0.250391          150.0
          50         95       0.255651          135.0
          50         95       0.261967          120.0
          50         95       0.274414           90.0
          50         95       0.277994          120.0
          50         95       0.279050          135.0
          50         95       0.280745          165.0
          50         95       0.282540          120.0
          50         95       0.283603          135.0
          50         95       0.285123          120.0
          50         95       0.289985          105.0
          50         95       0.289985          165.0
          50         95       0.292588          165.0
          50         95       0.297170          120.0
          50         95       0.298684          150.0
          50         95       0.308083          135.0
          50         95       0.309165          105.0
          50         95       0.313008          120.0
          50         95       0.313008          150.0
          50         95       0.319722          135.0
          50         95       0.322323          135.0
          50         95       0.324684          165.0
          50         95       0.326150           60.0
          50         95       0.328301          150.0
          50         95       0.389719           15.0
          50         95       0.394184          135.0
          50         95       0.401050          135.0
          50         95       0.415827          135.0
          50         95       0.439961          120.0
          50         95       0.454278          135.0
          50         95       0.454278          150.0
          50         95       0.456631          105.0
          50         95       0.459670          150.0
          50         95       0.460739          120.0
          50         95       0.464976           90.0
          50         95       0.469303          120.0
          50         95       0.469303          150.0
          50         95       0.470584          105.0
          50         95       0.470584          165.0
          50         95       0.471793          135.0
          50         95       0.471793          150.0
          50         95       0.472827          165.0
          50         95       0.474061          105.0
          50         95       0.479275          135.0
          50         95       0.480360          150.0
          50         95       0.481434          135.0
          50         95       0.483900          150.0
          50         95       0.489376          165.0
          50         95       0.490989          135.0
          50         95       0.492090          150.0
          50         95       0.499559          120.0
          50         95       0.499559          150.0
          50         95       0.507174          150.0
          50         95       0.516069          105.0
          50         95       0.516069          165.0
          50         95       0.519228          150.0
          50         95       0.528161          240.0
          50         95       0.529296          135.0
          50         95       0.549407          120.0
          50         95       0.549407          150.0
          50         95       0.550646          135.0
          50         95       0.555202          135.0
          50         95       0.555202          315.0
          50         95       0.558421          135.0
          50         95       0.558421          315.0
          50         95       0.561043          120.0
          50         95       0.562854          135.0
          50         95       0.563950           45.0
          50         95       0.563950           60.0
          50         95       0.565071          135.0
          50         95       0.569061          240.0
          50         95       0.577311          195.0
          50         95       0.581926          135.0
          50         95       0.587764          315.0
          50         95       0.589727          135.0
          50         95       0.603180          120.0
          50         95       0.603180          150.0
          50         95       0.636507          165.0
          50         95       0.654184          165.0
          50         95       0.656514           15.0
          50         95       0.660008          120.0
          50         95       0.661828           90.0
          50         95       0.663946           90.0
          50         95       0.663946          180.0
          50         95       0.670593          135.0
          50         95       0.671687           90.0
          50         95       0.682641          120.0
          50         95       0.705764          135.0
          50         95       0.710989          120.0
          50         95       0.714550          135.0
          50         95       0.718626          150.0
          50         95       0.723848          135.0
          50         95       0.727387          120.0
          50         95       0.730804          315.0
          50         95       0.733829          135.0
          50         95       0.735672          150.0
          50         95       0.748794          135.0
          50         95       0.752968          135.0
          50         95       0.759068          120.0
          50         95       0.760782          225.0
          50         95       0.762596          105.0
          50         95       0.762596          165.0
          50         95       0.765002          210.0
          50         95       0.768936           75.0
          50         95       0.770082          270.0
          50         95       0.775468          135.0
          50         95       0.780288          135.0
          50         95       0.786728          120.0
          50         95       0.786728          150.0
          50         95       0.825514          105.0
          50         95       0.826934          120.0
          50         95       0.833065          135.0
          50         95       0.847270           60.0
          50         95       0.856188          165.0
          50         95       0.864526          345.0
          50         95       0.865985          135.0
          50         95       0.871958          105.0
          50         95       0.874081          135.0
          50         95       0.911206          135.0
          50         95       0.917331          135.0
          50         95       0.929243          120.0
          50         95       0.929243          135.0
          50         95       0.929243          150.0
          50         95       0.932510          105.0
          50         95       0.935460          135.0
          50         95       0.938261          135.0
          50         95       0.939664          150.0
          50         95       0.943469           30.0
          50         95       0.943469          240.0
          50         95       0.947756          120.0
          50         95       0.956819          105.0
          50         95       0.956819          165.0
          50         95       0.959593          135.0
          50         95       0.961233           45.0
          50         95       0.963251          135.0
          50         95       0.963251          150.0
          50         95       0.969477          120.0
          50         95       0.970856          150.0
          50         95       0.973685          135.0
          50         95       0.975920           75.0
          50         95       0.978227          330.0
          50         95       0.980268          135.0
          50         95       0.983026           60.0
          50         95       0.984471          120.0
          50         95       0.995110           90.0
          50         95       0.995110          105.0
          50         95       1.001418            0.0
          50         95       1.001418          270.0
          50         95       1.004133          120.0
          50         95       1.004133          150.0
          50         95       1.010465            0.0
          50         95       1.018143           15.0
          50         95       1.030303          150.0
          50         95       1.072001          135.0
          50         95       1.188221          120.0
          50         95       1.188221          150.0
          50         95       1.190275          135.0
          50         95       1.193042          135.0
          50         95       1.194154          120.0
          50         95       1.194154          150.0
          50         95       1.197057          165.0
          50         95       1.198463          150.0
          50         95       1.200899          120.0
          50         95       1.200899          150.0
          50         95       1.205164          120.0
          50         95       1.206501          135.0
          50         95       1.206501          150.0
          50         95       1.207637          165.0
          50         95       1.209499          135.0
          50         95       1.211236          120.0
          50         95       1.211236          150.0
          50         95       1.212335          135.0
          50         95       1.213453          150.0
          50         95       1.214554          135.0
          50         95       1.215682          150.0
          50         95       1.221235          135.0
          50         95       1.222305          120.0
          50         95       1.223370          135.0
          50         95       1.224450          150.0
          50         95       1.227899          135.0
          50         95       1.229930          135.0
          50         95       1.231001          150.0
          50         95       1.232079          120.0
          50         95       1.232079          135.0
          50         95       1.233184          150.0
          50         95       1.234290          105.0
          50         95       1.235709          330.0
          50         95       1.237856          135.0
          50         95       1.242598          240.0
          50         95       1.243753          135.0
          50         95       1.249393          240.0
          50         95       1.251368          135.0
          50         95       1.256868          135.0
          50         95       1.256868          150.0
          50         95       1.261991          135.0
          50         95       1.263772          165.0
          50         95       1.275663          135.0
          50         95       1.289651          135.0
          50         95       1.291778          165.0
          50         95       1.293157          135.0
          50         95       1.293157          150.0
          50         95       1.306227          285.0
          50         95       1.559393          135.0
          50         95       1.563136          135.0
          50         95       1.627391          120.0
          50         95       1.627391          150.0
          50         95       1.629307          105.0
          50         95       2.290485          180.0
          50         95       2.293768          165.0
          50         95       2.296563          120.0
          50         95       2.296563          135.0
          50         95       2.296563          150.0
          50         95       2.475830          120.0
          50         95       2.481325          165.0
          50         95       2.482572          120.0
          50         95       2.482572          150.0
          50         95       2.485408          120.0
          50         95       2.486628          165.0
          50         95       2.491446          135.0
          50         95       2.493145          120.0
          50         95       2.501032          120.0
          50         95       2.502168          165.0
          50         95       2.503596          120.0
          50         95       2.503596          150.0
          50         95       2.509018          105.0
          50         95       2.509018          120.0
          50         95       2.522883          120.0
          50         95       2.525131          150.0
          50         95       2.549542          135.0
          50         95       2.554834          150.0
          50         95       2.556754          135.0
          50         95       2.560186          105.0
          50         95       2.564858          135.0
          50         95       2.567254          135.0
          50         95       2.567254          150.0
          50         95       2.584916          210.0
          50         95       2.589315          165.0
          50         95       2.593822          120.0
          50         95       2.602584          330.0
          50         95       2.615619           30.0
          55        100       0.211975          120.0
          55        100       0.211975          150.0
          55        100       0.214132          135.0
          55        100       0.221840          120.0
          55        100       0.230447          120.0
          55        100       0.243508          135.0
          55        100       0.289262          120.0
          55        100       0.289262          135.0
          55        100       0.432372          120.0
          55        100       0.432372          150.0
          55        100       0.433908           30.0
          55        100       0.999593          135.0
          55        100       1.001381          150.0
          55        100       1.009821          120.0
          55        100       1.009821          135.0
          55        100       1.009821          150.0
          55        100       1.011499          105.0
          55        100       1.012737          135.0
          55        100       1.022668          120.0
          55        100       1.031551          120.0
          55        100       1.031551          135.0
          55        100       1.033475          105.0
          55        100       1.042754          135.0
          55        100       1.045475          105.0
          55        100       1.046602           90.0
          55        100       1.048260           75.0
          55        100       1.065864          135.0
          55        100       1.067399          150.0
          55        100       1.181047          120.0
          55        100       1.181047          150.0
          55        100       1.190969          120.0
          55        100       1.190969          150.0
          55        100       1.200942          120.0
          55        100       1.210993          120.0
          55        100       1.210993          150.0
          55        100       1.221110          120.0
          55        100       1.221110          135.0
          55        100       1.221110          150.0
          55        100       1.231313          120.0
          55        100       1.232666          150.0
          55        100       1.241629          120.0
          55        100       1.241629          135.0
          55        100       1.243028          150.0
          55        100       1.252037          120.0
          55        100       1.262940          135.0
          55        100       1.264208          120.0
          55        100       1.264208          150.0
          55        100       1.266546          135.0
          55        100       1.274239          120.0
          55        100       1.286295          120.0
          55        100       1.289590          150.0
          55        100       1.465997          120.0
          55        100       1.465997          150.0
          55        100       2.404219          120.0
          55        100       2.404219          150.0
          55        100       2.415918          120.0
          55        100       2.415918          150.0
          55        100       2.417208          135.0
          55        100       2.426715          120.0
          55        100       2.426715          150.0
          55        100       2.427751          135.0
          55        100       2.428756          120.0
          55        100       2.428756          150.0
          55        100       2.437684          120.0
          55        100       2.437684          135.0
          55        100       2.439758          135.0
          55        100       2.449700          120.0
          55        100       2.449700          150.0
          55        100       2.450836          135.0
          55        100       2.451903          150.0
          55        100       2.459168          120.0
          55        100       2.459168          135.0
          55        100       2.460606          150.0
          55        100       2.461700          135.0
          55        100       2.462825          150.0
          55        100       2.469725          120.0
          55        100       2.472752          105.0
          55        100       2.473910          150.0
          55        100       2.480239          120.0
          55        100       2.482981          120.0
          55        100       2.482981          135.0
          55        100       2.489672          120.0
          55        100       2.492399          135.0
          55        100       2.499553          105.0
          55        100       2.683682          120.0
          55        100       2.683682          150.0
          55        100       2.808598          135.0
          55        100       2.809856          120.0
          55        100       2.809856          150.0
          55        100       2.812243          120.0
          55        100       2.812243          135.0
          55        100       2.813696          105.0
          55        100       2.815801          120.0
          55        100       2.815801          135.0
          55        100       2.818512          120.0
          55        100       2.818512          135.0
          55        100       2.819721          105.0
          55        100       2.819721          150.0
          55        100       2.819721          165.0
          55        100       2.820814          135.0
          55        100       2.824430          150.0
          55        100       2.831037          150.0
          55        100       2.832852           15.0
          55        100       2.832852           30.0
          55        100       2.837006          120.0
          55        100       2.839450          120.0
          55        100       2.839450          135.0
          55        100       2.840887          150.0
          55        100       2.842707          120.0
          55        100       2.847026          135.0
          55        100       2.852268          150.0
          55        100       2.857144          180.0
          55        100       2.863723          120.0
          55        100       2.865104          135.0
          55        100       2.866399          120.0
          55        100       2.868506          240.0
          55        100       2.872426          240.0
          55        100       2.872426          255.0
          55        100       2.873547          120.0
          55        100       2.875754          120.0
          55        100       2.907610          120.0
          55        100       2.916112          135.0
          55        100       2.922256          240.0
          55        100       2.924249          135.0
          55        100       2.934807          135.0
          55        100       2.936321          105.0
          55        100       2.946444          135.0
          55        100       2.948468          135.0
          55        100       2.953632          135.0
          55        100       2.955373          120.0
          55        100       2.957096          150.0
          55        100       2.958791          120.0
          55        100       2.959950          165.0
          55        100       2.965804          135.0
          60        105       0.004395          120.0
          60        105       0.025512          105.0
          60        105       0.396957          120.0
          60        105       0.410196          105.0
          60        105       0.416418          120.0
          60        105       0.416418          150.0
          60        105       0.477978          120.0
          60        105       0.477978          150.0
          60        105       0.481973          105.0
          60        105       0.483899          120.0
          60        105       0.490575          120.0
          60        105       0.499201           30.0
          60        105       0.503180          135.0
          60        105       0.505839          135.0
          60        105       0.509307          135.0
          60        105       0.514676          120.0
          60        105       0.518340           90.0
          60        105       0.528719          120.0
          60        105       0.543135          120.0
          60        105       0.543135          150.0
          60        105       0.566342          150.0
          60        105       0.578868          150.0
          60        105       0.596874          255.0
          60        105       0.598368          105.0
          60        105       0.599461          120.0
          60        105       0.605389          120.0
          60        105       0.606454          105.0
          60        105       0.614753          135.0
          60        105       0.616297          105.0
          60        105       0.616297          120.0
          60        105       0.617844          150.0
          60        105       0.624852          120.0
          60        105       0.625907          105.0
          60        105       0.627501          150.0
          60        105       0.634391          120.0
          60        105       0.635426           90.0
          60        105       0.635426          105.0
          60        105       0.644174          120.0
          60        105       0.645217          105.0
          60        105       0.646267          135.0
          60        105       0.654016          105.0
          60        105       0.655049          120.0
          60        105       0.656102          105.0
          60        105       0.663842          105.0
          60        105       0.664883          120.0
          60        105       0.665954          135.0
          60        105       0.667047           90.0
          60        105       0.668098          165.0
          60        105       0.669133           90.0
          60        105       0.675469          120.0
          60        105       0.683033          120.0
          60        105       0.683033          150.0
          60        105       0.684102          105.0
          60        105       0.686264          120.0
          60        105       0.694711          120.0
          60        105       0.702133          120.0
          60        105       0.721387           45.0
          60        105       0.725589          135.0
          60        105       0.730422           90.0
          60        105       0.731479          105.0
          60        105       0.732515           90.0
          60        105       0.740633           90.0
          60        105       0.740633          105.0
          60        105       0.756375          120.0
          60        105       0.765223          135.0
          60        105       0.766325          165.0
          60        105       0.767911          150.0
          60        105       0.770768          120.0
          60        105       0.771811          135.0
          60        105       0.778646          120.0
          60        105       0.778646          150.0
          60        105       0.786313          105.0
          60        105       0.787940          135.0
          60        105       0.789018          120.0
          60        105       0.797459          105.0
          60        105       0.797459          165.0
          60        105       0.801684          120.0
          60        105       0.803268          105.0
          60        105       0.805638          135.0
          60        105       0.809352          105.0
          60        105       0.810790          195.0
          60        105       0.823058           90.0
          60        105       0.832807          105.0
          60        105       0.840626          105.0
          60        105       0.840626          120.0
          60        105       0.840626          135.0
          60        105       0.842506          150.0
          60        105       0.843633           90.0
          60        105       0.851411          105.0
          60        105       0.860389          105.0
          60        105       0.866785           90.0
          60        105       0.882020          150.0
          60        105       0.894735          120.0
          60        105       0.894735          150.0
          60        105       0.896879          120.0
          60        105       0.905754          105.0
          60        105       0.905754          120.0
          60        105       0.905754          150.0
          60        105       0.912549          105.0
          60        105       0.912549          165.0
          60        105       0.916564          120.0
          60        105       0.916564          150.0
          60        105       0.921410          330.0
          60        105       0.927973          120.0
          60        105       0.930722           45.0
          60        105       0.937393          105.0
          60        105       0.955307          165.0
          60        105       0.957479          120.0
          60        105       0.971514          120.0
          60        105       0.972633          135.0
          60        105       0.981893          225.0
          60        105       0.983606          120.0
          60        105       0.985998          120.0
          60        105       0.987168          240.0
          60        105       0.990979          105.0
          60        105       0.990979          165.0
          60        105       0.993461          120.0
          60        105       0.996555          150.0
          60        105       0.998196          120.0
          60        105       1.003561          135.0
          60        105       1.005280          255.0
          60        105       1.010803          105.0
          60        105       1.033089          135.0
          60        105       1.042412          120.0
          60        105       1.049287          120.0
          60        105       1.052663          105.0
          60        105       1.053989          195.0
          60        105       1.055235          120.0
          60        105       1.056678          165.0
          60        105       1.088771          150.0
          60        105       1.095500          120.0
          60        105       1.097086          150.0
          60        105       1.100993          135.0
          60        105       1.102059          120.0
          60        105       1.103254          135.0
          60        105       1.105114          120.0
          60        105       1.107633          120.0
          60        105       1.107633          150.0
          60        105       1.111043          120.0
          60        105       1.114934          105.0
          60        105       1.117809          120.0
          60        105       1.117809          150.0
          60        105       1.121557          255.0
          60        105       1.125606          105.0
          60        105       1.125606          165.0
          60        105       1.127338          120.0
          60        105       1.129168          135.0
          60        105       1.132801          120.0
          60        105       1.132801          150.0
          60        105       1.136182          135.0
          60        105       1.140325          135.0
          60        105       1.146823          135.0
          60        105       1.152104          135.0
          60        105       1.157284          135.0
          60        105       1.158471          105.0
          60        105       1.159872          135.0
          60        105       1.159872          165.0
          60        105       1.162486          120.0
          60        105       1.163692          105.0
          60        105       1.165021          120.0
          60        105       1.166399          195.0
          60        105       1.166399          270.0
          60        105       1.167692          120.0
          60        105       1.167692          135.0
          60        105       1.170661          135.0
          60        105       1.172784          105.0
          60        105       1.172784          165.0
          60        105       1.174051          120.0
          60        105       1.175319          135.0
          60        105       1.185147          135.0
          60        105       1.186329          120.0
          60        105       1.195321          120.0
          60        105       1.200887           90.0
          60        105       1.208579          150.0
          60        105       1.213771          150.0
          60        105       1.214942          120.0
          60        105       1.217418          135.0
          60        105       1.218938          105.0
          60        105       1.222762          120.0
          60        105       1.224219          135.0
          60        105       1.229400          120.0
          60        105       1.229400          150.0
          60        105       1.231520          150.0
          60        105       1.241848           90.0
          60        105       1.241848          105.0
          60        105       1.241848          120.0
          60        105       1.245051          270.0
          60        105       1.248389          135.0
          60        105       1.250286          105.0
          60        105       1.251731           30.0
          60        105       1.255352           90.0
          60        105       1.255352          105.0
          60        105       1.256850           30.0
          60        105       1.260067          120.0
          60        105       1.265170          120.0
          60        105       1.266679          135.0
          60        105       1.270361          150.0
          60        105       1.271839          135.0
          60        105       1.277021          120.0
          60        105       1.278528          135.0
          60        105       1.281110          135.0
          60        105       1.282229          105.0
          60        105       1.283723          135.0
          60        105       1.286055          120.0
          60        105       1.287713           30.0
          60        105       1.288997          120.0
          60        105       1.288997          150.0
          60        105       1.291401          135.0
          60        105       1.296780          135.0
          60        105       1.314886          135.0
          60        105       1.341504          120.0
          60        105       1.341504          150.0
          60        105       1.343641          120.0
          60        105       1.345908          120.0
          60        105       1.347251          150.0
          60        105       1.350279          120.0
          60        105       1.355551          180.0
          60        105       1.358708          120.0
          60        105       1.358708          150.0
          60        105       1.359794          135.0
          60        105       1.361452          255.0
          60        105       1.370007          135.0
          60        105       1.371559          120.0
          60        105       1.375655          135.0
          60        105       1.377219          150.0
          60        105       1.384093          135.0
          60        105       1.385167          105.0
          60        105       1.397907           30.0
          60        105       1.409411          105.0
          60        105       1.410473          120.0
          60        105       1.417805          105.0
          60        105       1.418844          135.0
          60        105       1.418844          150.0
          60        105       1.425903          120.0
          60        105       1.434279          150.0
          60        105       1.435581          105.0
          60        105       1.442876          255.0
          60        105       1.444020           90.0
          60        105       1.444020          180.0
          60        105       1.451344          120.0
          60        105       1.452364          135.0
          60        105       1.458444          255.0
          60        105       1.459667          105.0
          60        105       1.460692          135.0
          60        105       1.464381          120.0
          60        105       1.465567          150.0
          60        105       1.468930          105.0
          60        105       1.468930          150.0
          60        105       1.472678          105.0
          60        105       1.475854          120.0
          60        105       1.477618          135.0
          60        105       1.484171          105.0
          60        105       1.487774           90.0
          60        105       1.514429          270.0
          60        105       1.555811          135.0
          60        105       1.559489          120.0
          60        105       1.565805          105.0
          60        105       1.567248          120.0
          60        105       1.568275          135.0
          60        105       1.570825          120.0
          60        105       1.571926           15.0
          60        105       1.573301          135.0
          60        105       1.574529          150.0
          60        105       1.577985          135.0
          60        105       1.579307          120.0
          60        105       1.587516          120.0
          60        105       1.591239          120.0
          60        105       1.594509          135.0
          60        105       1.597266          255.0
          60        105       1.602215          165.0
          60        105       1.603303          105.0
          60        105       1.604704          120.0
          60        105       1.604704          135.0
          60        105       1.609276          105.0
          60        105       1.611033          120.0
          60        105       1.613321          195.0
          60        105       1.613321          210.0
          60        105       1.614829          240.0
          60        105       1.616115          120.0
          60        105       1.621829          120.0
          60        105       1.624489          120.0
          60        105       1.627545          105.0
          60        105       1.629145          255.0
          60        105       1.630624          135.0
          60        105       1.633278          150.0
          60        105       1.635946          135.0
          60        105       1.639289           30.0
          60        105       1.640493           15.0
          60        105       1.645096          150.0
          60        105       1.646815          165.0
          60        105       1.650946          105.0
          60        105       1.652719          165.0
          60        105       1.656842          105.0
          60        105       1.658586          165.0
          60        105       1.662938           30.0
          60        105       1.664514          150.0
          60        105       1.669026          105.0
          60        105       1.670624           45.0
          60        105       1.673022          135.0
          60        105       1.674883          120.0
          60        105       1.678770          165.0
          60        105       1.681254          135.0
          60        105       1.682740          120.0
          60        105       1.694420          120.0
          60        105       1.703893          105.0
          60        105       1.728944          315.0
          60        105       1.736243           90.0
          60        105       1.742459          120.0
          60        105       1.742459          150.0
          60        105       1.743479          135.0
          60        105       1.748619          120.0
          60        105       1.754075          150.0
          60        105       1.756463          120.0
          60        105       1.773649          120.0
          60        105       1.775327          105.0
          60        105       1.777151          135.0
          60        105       1.782387          120.0
          60        105       1.782387          135.0
          60        105       1.792952          135.0
          60        105       1.798219          120.0
          60        105       1.803401          105.0
          60        105       1.803401          165.0
          60        105       1.810223          120.0
          60        105       1.814446          105.0
          60        105       1.815639          240.0
          60        105       1.817669          135.0
          60        105       1.819418          120.0
          60        105       1.820528          105.0
          60        105       1.822211          120.0
          60        105       1.829490          150.0
          60        105       1.839172          120.0
          60        105       1.840231          135.0
          60        105       1.845387          135.0
          60        105       1.845387          150.0
          60        105       1.851946          255.0
          60        105       1.855770          255.0
          60        105       1.866881          120.0
          60        105       1.868679          135.0
          60        105       1.871196           90.0
          60        105       1.871196          105.0
          60        105       1.872485          120.0
          60        105       1.874211           90.0
          60        105       1.876042          105.0
          60        105       1.879643          120.0
          60        105       1.883961          120.0
          60        105       1.888415          135.0
          60        105       1.895602          120.0
          60        105       1.896612          135.0
          60        105       1.899728          120.0
          60        105       1.901729          135.0
          60        105       1.902715          105.0
          60        105       1.905045          105.0
          60        105       1.913042          255.0
          60        105       1.914114          120.0
          60        105       1.915401          165.0
          60        105       1.919004          120.0
          60        105       1.920360          150.0
          60        105       1.925133           90.0
          60        105       1.933659          195.0
          60        105       2.074893          105.0
          60        105       2.080653          135.0
          60        105       2.080653          150.0
          60        105       2.086110          105.0
          60        105       2.097378          135.0
          60        105       2.102715          105.0
          60        105       2.113178          120.0
          60        105       2.119149          120.0
          60        105       2.124229          105.0
          60        105       2.130115          120.0
          60        105       2.133415          105.0
          60        105       2.135110          135.0
          60        105       2.136770          120.0
          60        105       2.138464          105.0
          60        105       2.140111          120.0
          60        105       2.140111          150.0
          60        105       2.143208          105.0
          60        105       2.144297           90.0
          60        105       2.144297          120.0
          60        105       2.145735          135.0
          60        105       2.145735          150.0
          60        105       2.148166          120.0
          60        105       2.148166          150.0
          60        105       2.151752          150.0
          60        105       2.153051          120.0
          60        105       2.153051          135.0
          60        105       2.154133           90.0
          60        105       2.163447          120.0
          60        105       2.167581          135.0
          60        105       2.169545          120.0
          60        105       2.172528          135.0
          60        105       2.173662          120.0
          60        105       2.178150          120.0
          60        105       2.180526          105.0
          60        105       2.181912          150.0
          60        105       2.186752          120.0
          60        105       2.186752          150.0
          60        105       2.190985          105.0
          60        105       2.194909          225.0
          60        105       2.196010          165.0
          60        105       2.197243          135.0
          60        105       2.199289          120.0
          60        105       2.210157          105.0
          60        105       2.217360          120.0
          60        105       2.219547           90.0
          60        105       2.226496          105.0
          60        105       2.229369          120.0
          60        105       2.234518          120.0
          60        105       2.234518          150.0
          60        105       2.235524          105.0
          60        105       2.238446          120.0
          60        105       2.247219          120.0
          60        105       2.248243          105.0
          60        105       2.249633          120.0
          60        105       2.249633          135.0
          60        105       2.254834          120.0
          60        105       2.260571          120.0
          60        105       2.265811          300.0
          60        105       2.268450          120.0
          60        105       2.268450          150.0
          60        105       2.269472          135.0
          60        105       2.270485          105.0
          60        105       2.275266          165.0
          60        105       2.276284          105.0
          60        105       2.279254          120.0
          60        105       2.283007          255.0
          60        105       2.287869          150.0
          60        105       2.288918          120.0
          60        105       2.292051            0.0
          60        105       2.294414          120.0
          60        105       2.295786          105.0
          60        105       2.297426           90.0
          60        105       2.301772          135.0
          60        105       2.311494          120.0
          60        105       2.315521          120.0
          60        105       2.326936          150.0
          60        105       2.329668          120.0
          60        105       2.338559          120.0
          60        105       2.343678          120.0
          60        105       2.345528           90.0
          60        105       2.346612          105.0
          60        105       2.351012          120.0
          60        105       2.353655          165.0
          60        105       2.371979           45.0
          60        105       2.389680          120.0
          60        105       2.468102          120.0
          60        105       2.498371          120.0
          60        105       2.503391          105.0
          60        105       2.503391          120.0
          60        105       2.509342          120.0
          60        105       2.515399          120.0
          60        105       2.516688          135.0
          60        105       2.527797          150.0
          60        105       2.534128          135.0
          60        105       2.540684          255.0
          60        105       2.543159          135.0
          60        105       2.551309          285.0
          60        105       2.553325          150.0
          60        105       2.557959          330.0
          60        105       2.566342          120.0
          60        105       2.651575          120.0
          60        105       2.651575          135.0
          60        105       2.653284          105.0
          60        105       2.660627          120.0
          60        105       2.666715          120.0
          60        105       2.666715          150.0
          60        105       2.674626          105.0
          60        105       2.682680          105.0
          60        105       2.682680          120.0
          60        105       2.830149          120.0
          60        105       2.830149          135.0
          60        105       2.837200          120.0
          60        105       2.837200          135.0
          60        105       2.844266          120.0
          60        105       2.844266          135.0
          60        105       2.858145          120.0
          60        105       2.865192          105.0
          60        105       2.865192          120.0
          60        105       2.872254          120.0
          60        105       2.886481          120.0
          60        105       2.902403          150.0
          60        105       2.910047          120.0
          60        105       2.911215          105.0
          60        105       2.916391          120.0
          60        105       2.916391          135.0
          60        105       2.924118          135.0
          60        105       2.925262          120.0
          60        105       2.931600          135.0
          60        105       2.932725          120.0
          60        105       2.935883          120.0
          60        105       2.940496          120.0
          60        105       2.944947          150.0
          60        105       2.946676          120.0
          60        105       2.953819          105.0
          60        105       2.954883          120.0
          60        105       2.963028          120.0
          60        105       2.963028          135.0
          60        105       2.964114          105.0
          60        105       2.971093          135.0
          60        105       2.972110          105.0
          60        105       2.979283          120.0
          60        105       2.988161          120.0
          60        105       2.989204           90.0
          60        105       2.989204          105.0
          60        105       2.996760          120.0
          60        105       2.997792          135.0
          65        110       0.144522          105.0
          65        110       0.145600          165.0
          65        110       1.170998          120.0
          65        110       1.170998          150.0
          65        110       1.177157          120.0
          65        110       1.180883          150.0
          65        110       1.185436          105.0
          65        110       1.192977          120.0
          65        110       1.201018          105.0
          65        110       1.206600           45.0
          65        110       1.208895          105.0
          65        110       1.210008          120.0
          65        110       1.210008          135.0
          65        110       1.212817            0.0
          65        110       1.212817           15.0
          65        110       1.215832            0.0
          65        110       1.216989          105.0
          65        110       1.225051          120.0
          65        110       1.239851          270.0
          65        110       1.242588          120.0
          65        110       1.279950          120.0
          65        110       1.281578           90.0
          65        110       1.288974          135.0
          65        110       1.298317          135.0
          65        110       1.307944          105.0
          65        110       1.309305          120.0
          65        110       1.309305          150.0
          65        110       1.315672          180.0
          65        110       1.316776          105.0
          65        110       1.318689          120.0
          65        110       1.322201          120.0
          65        110       1.323590          135.0
          65        110       1.324717          240.0
          65        110       1.326035          120.0
          65        110       1.335040          105.0
          65        110       1.345575          120.0
          65        110       1.351618          255.0
          65        110       1.352778          105.0
          65        110       1.354297          120.0
          65        110       1.355546          135.0
          65        110       1.364150          150.0
          65        110       1.365698          165.0
          65        110       1.369293          120.0
          65        110       1.372137          120.0
          65        110       1.373200          150.0
          65        110       1.377607          120.0
          65        110       1.377607          150.0
          65        110       1.378889          105.0
          65        110       1.385033          120.0
          65        110       1.388676           90.0
          65        110       1.399817          120.0
          65        110       1.406188          120.0
          65        110       1.415039          120.0
          65        110       1.417083          105.0
          65        110       1.417083          135.0
          65        110       1.417083          150.0
          65        110       1.425338          120.0
          65        110       1.426715           90.0
          65        110       1.427786          105.0
          65        110       1.435482          150.0
          65        110       1.445641           15.0
          65        110       1.451835           45.0
          65        110       1.452921          105.0
          65        110       1.455288          135.0
          65        110       1.457241          105.0
          65        110       1.464276          105.0
          65        110       1.466674          105.0
          65        110       1.479376            0.0
          65        110       1.481424          120.0
          65        110       1.684415          120.0
          65        110       1.691403          120.0
          65        110       1.707454          105.0
          65        110       1.716999          105.0
          65        110       1.722922          120.0
          65        110       1.730768          120.0
          65        110       1.738715          120.0
          65        110       1.746071          105.0
          65        110       1.768377           60.0
          65        110       1.772360          120.0
          65        110       1.777418          150.0
          65        110       1.786756          150.0
          65        110       1.787857          120.0
          65        110       1.789096          105.0
          65        110       1.793228          120.0
          65        110       1.793228          150.0
          65        110       1.799068          120.0
          65        110       1.802489          120.0
          65        110       1.810443          120.0
          65        110       1.819186          345.0
          65        110       1.821891          120.0
          65        110       1.823618          105.0
          65        110       1.824903          120.0
          65        110       1.824903          135.0
          65        110       1.828366          105.0
          65        110       1.829793          195.0
          65        110       1.832696          105.0
          65        110       1.832696          120.0
          65        110       1.833907          135.0
          65        110       1.835258          105.0
          65        110       1.840135          330.0
          65        110       1.844885          120.0
          65        110       1.848170          330.0
          65        110       1.855053          120.0
          65        110       1.857993          120.0
          65        110       1.864883           60.0
          65        110       1.866155          195.0
          65        110       1.883791          150.0
          65        110       1.898303          255.0
          65        110       1.903571          240.0
          65        110       1.908403          180.0
          65        110       1.911159          105.0
          65        110       1.918978          150.0
          65        110       1.920408          120.0
          65        110       1.926458          240.0
          65        110       1.926458          255.0
          65        110       1.930110          120.0
          65        110       1.934244          120.0
          65        110       1.936042          105.0
          65        110       1.941993          105.0
          65        110       1.943799          120.0
          65        110       1.944891          105.0
          65        110       1.944891          150.0
          65        110       1.946492           90.0
          65        110       1.949787          120.0
          65        110       1.954223          120.0
          65        110       1.957458          240.0
          65        110       1.963148           90.0
          65        110       1.966506          105.0
          65        110       1.968259          135.0
          65        110       1.969829          150.0
          65        110       1.970932          105.0
          65        110       1.972646          120.0
          65        110       1.980907          255.0
          65        110       1.982828          120.0
          65        110       1.985053          105.0
          65        110       1.988868          120.0
          65        110       1.991712          135.0
          65        110       1.996693          120.0
          65        110       2.003920          120.0
          65        110       2.011752          105.0
          65        110       2.013494          120.0
          65        110       2.015247          105.0
          65        110       2.017426          120.0
          65        110       2.019565          105.0
          65        110       2.023020          105.0
          65        110       2.025199           90.0
          65        110       2.029305          120.0
          65        110       2.031050          135.0
          65        110       2.033161           75.0
          65        110       2.035282          120.0
          65        110       2.037008          105.0
          65        110       2.037008          135.0
          65        110       2.038775          120.0
          65        110       2.039880          135.0
          65        110       2.051129          150.0
          65        110       2.052270          120.0
          65        110       2.053934          105.0
          65        110       2.053934          165.0
          65        110       2.057758           90.0
          65        110       2.060075           60.0
          65        110       2.065450            0.0
          65        110       2.069682          120.0
          65        110       2.071387          150.0
          65        110       2.078307          105.0
          65        110       2.090594          120.0
          65        110       2.093563          120.0
          65        110       2.097965          180.0
          65        110       2.102991          105.0
          65        110       2.107955           30.0
          65        110       2.118629          120.0
          65        110       2.119931          135.0
          65        110       2.122807          120.0
          65        110       2.131619          120.0
          65        110       2.137522          120.0
          65        110       2.139282          150.0
          65        110       2.142446          150.0
          65        110       2.146731          120.0
          65        110       2.160467          120.0
          65        110       2.183188          150.0
          65        110       2.190684          120.0
          65        110       2.190684          135.0
          65        110       2.192786          120.0
          65        110       2.198047          150.0
          65        110       2.199092          105.0
          65        110       2.200155          135.0
          65        110       2.201202          105.0
          65        110       2.205577          105.0
          65        110       2.233221          150.0
          65        110       2.239625           15.0
          65        110       2.334914          120.0
          65        110       2.340994          120.0
          65        110       2.342618          135.0
          65        110       2.348133          120.0
          65        110       2.355071          120.0
          65        110       2.369342          120.0
          65        110       2.418182          120.0
          65        110       2.419282          135.0
          65        110       2.421633          120.0
          65        110       2.421633          135.0
          65        110       2.424993          120.0
          65        110       2.424993          135.0
          65        110       2.426071          105.0
          65        110       2.427188           90.0
          65        110       2.427188          120.0
          65        110       2.431368          150.0
          65        110       2.432819          120.0
          65        110       2.433939          150.0
          65        110       2.435033          120.0
          65        110       2.438228          120.0
          65        110       2.439635          105.0
          65        110       2.440778          120.0
          65        110       2.440778          135.0
          65        110       2.441844          105.0
          65        110       2.447676          105.0
          65        110       2.448774          120.0
          65        110       2.449815          105.0
          65        110       2.452236          120.0
          65        110       2.453450          255.0
          65        110       2.461112          105.0
          65        110       2.462126           90.0
          65        110       2.465735           15.0
          65        110       2.465735           75.0
          65        110       2.467094          105.0
          65        110       2.468170          120.0
          65        110       2.471963          120.0
          65        110       2.473007           45.0
          65        110       2.474592          240.0
          65        110       2.475787          120.0
          65        110       2.480321          165.0
          65        110       2.482319          120.0
          65        110       2.485266          120.0
          65        110       2.487364          180.0
          65        110       2.490404          120.0
          65        110       2.500584          120.0
          65        110       2.503103          120.0
          65        110       2.516736          330.0
          65        110       2.525236          120.0
          65        110       2.544606           90.0
          65        110       2.544606          105.0
          65        110       2.603915          105.0
          65        110       2.612453          120.0
          65        110       2.614478          120.0
          65        110       2.614478          150.0
          65        110       2.615918          105.0
          65        110       2.621426          120.0
          65        110       2.622857          150.0
          65        110       2.624645          135.0
          65        110       2.630293          105.0
          65        110       2.631746          120.0
          65        110       2.638442          120.0
          65        110       2.642393          135.0
          65        110       2.651972          135.0
          65        110       2.656899          120.0
          65        110       2.667797          240.0
          65        110       2.669791          120.0
          65        110       2.669791          150.0
          65        110       2.671284          135.0
          65        110       2.673623          240.0
          65        110       2.684639          120.0
          65        110       2.700516          300.0
          65        110       2.767268          120.0
          65        110       2.768680           90.0
          65        110       2.768680          105.0
          65        110       2.769764          120.0
          65        110       2.771450          135.0
          65        110       2.772459          120.0
          65        110       2.774448          105.0
          65        110       2.775557          120.0
          65        110       2.778549          120.0
          65        110       2.784297          150.0
          65        110       2.785666          120.0
          65        110       2.787603          135.0
          65        110       2.792872          135.0
          65        110       2.869155          105.0
          65        110       2.896696          120.0
          65        110       2.896696          150.0
          65        110       2.904559          120.0
          65        110       2.909012          120.0
          65        110       2.913106          120.0
          65        110       2.922176          120.0
          65        110       2.923924          105.0
          65        110       2.930450          120.0
          65        110       2.931467          105.0
          65        110       2.933536          105.0
          65        110       2.938569          105.0
          65        110       2.939899           90.0
          65        110       2.947286          165.0
          65        110       2.971016          120.0
          65        110       2.983896          120.0
          65        110       2.985907          135.0
          65        110       2.989579          120.0
          70        115       0.367817          105.0
          70        115       0.368876          120.0
          70        115       0.369938          105.0
          70        115       0.371001          120.0
          70        115       0.371001          135.0
          70        115       0.374493          105.0
          70        115       0.375814          120.0
          70        115       0.376921          105.0
          70        115       0.377918          150.0
          70        115       0.379025          120.0
          70        115       0.381504          120.0
          70        115       0.382817          105.0
          70        115       0.383950           90.0
          70        115       0.390805           90.0
          70        115       0.391877          105.0
          70        115       0.395649          105.0
          70        115       0.398442          270.0
          70        115       0.403400          120.0
          70        115       0.409156           90.0
          70        115       0.410283          120.0
          70        115       0.411286          105.0
          70        115       0.416088          105.0
          70        115       0.417139          120.0
          70        115       0.418139          105.0
          70        115       0.422872          105.0
          70        115       0.423903           90.0
          70        115       0.424958          150.0
          70        115       0.426504           15.0
          70        115       0.426504          255.0
          70        115       0.429592          105.0
          70        115       0.430657          135.0
          70        115       0.430657          150.0
          70        115       0.431715          120.0
          70        115       0.436262          105.0
          70        115       0.439991          315.0
          70        115       0.442930          120.0
          70        115       0.443954          135.0
          70        115       0.445043          120.0
          70        115       0.449663          105.0
          70        115       0.450735          120.0
          70        115       0.453590          105.0
          70        115       0.456502          120.0
          70        115       0.463350          120.0
          70        115       0.469330          330.0
          70        115       0.470522          105.0
          70        115       0.471549          120.0
          70        115       0.472643          105.0
          70        115       0.473690           75.0
          70        115       0.476221          105.0
          70        115       0.486110          285.0
          70        115       0.487335           15.0
          70        115       0.491627          120.0
          70        115       0.497194          120.0
          70        115       0.497194          330.0
          70        115       0.502415          240.0
          70        115       0.505424          105.0
          70        115       0.505424          120.0
          70        115       0.509286          255.0
          70        115       0.510680          105.0
          70        115       0.524348          345.0
          70        115       0.527545          150.0
          70        115       0.529887          255.0
          70        115       0.532783          120.0
          70        115       0.538182          240.0
          70        115       0.540218          135.0
          70        115       0.554395          105.0
          70        115       0.556326          120.0
          70        115       0.581231           90.0
          70        115       0.583909          135.0
          70        115       0.586438          105.0
          70        115       0.586438          120.0
          70        115       0.589440           75.0
          70        115       0.592690          105.0
          70        115       0.595654          120.0
          70        115       0.601848          135.0
          70        115       0.609696          150.0
          70        115       0.614700           30.0
          70        115       0.614700           45.0
          70        115       0.615825          105.0
          70        115       0.617006          120.0
          70        115       0.628819          105.0
          70        115       0.630313          120.0
          70        115       0.631455          150.0
          70        115       0.633971          105.0
          70        115       0.633971          120.0
          70        115       0.635836          135.0
          70        115       0.635836          150.0
          70        115       0.640482          240.0
          70        115       0.653127          120.0
          70        115       0.660671          105.0
          70        115       0.663147          120.0
          70        115       0.666793           45.0
          70        115       0.673528          105.0
          70        115       0.677627           75.0
          70        115       0.680912          120.0
          70        115       0.684946          105.0
          70        115       0.703719          105.0
          70        115       0.703719          120.0
          70        115       0.740311          105.0
          70        115       0.741541          120.0
          70        115       0.743353          150.0
          70        115       0.747864          105.0
          70        115       0.749590           90.0
          70        115       0.756108          105.0
          70        115       0.757489          270.0
          70        115       0.763997          105.0
          70        115       0.767791          150.0
          70        115       0.768825          105.0
          70        115       0.772110          120.0
          70        115       0.772110          135.0
          70        115       0.776889          165.0
          70        115       0.780271          120.0
          70        115       0.782086          105.0
          70        115       0.783578          120.0
          70        115       0.785066           90.0
          70        115       0.786416          150.0
          70        115       0.788928          240.0
          70        115       0.790303          105.0
          70        115       0.791805          150.0
          70        115       0.796391          105.0
          70        115       0.804520          105.0
          70        115       0.808172          120.0
          70        115       0.808172          135.0
          70        115       0.812665          105.0
          70        115       0.815663          255.0
          70        115       0.820869          120.0
          70        115       0.829078          120.0
          70        115       0.833319          105.0
          70        115       0.837440          105.0
          70        115       0.838594           75.0
          70        115       0.840563          105.0
          70        115       0.840563          345.0
          70        115       0.842989           90.0
          70        115       0.845797          105.0
          70        115       0.846860          120.0
          70        115       0.846860          150.0
          70        115       0.848907          120.0
          70        115       0.857586          120.0
          70        115       0.858707           90.0
          70        115       0.860383           60.0
          70        115       0.863719          105.0
          70        115       0.863719          120.0
          70        115       0.868133          135.0
          70        115       0.871333          105.0
          70        115       0.871333          120.0
          70        115       0.871333          135.0
          70        115       0.872338          150.0
          70        115       0.877788          105.0
          70        115       0.882579          150.0
          70        115       0.888930          105.0
          70        115       0.890500          120.0
          70        115       0.896102          105.0
          70        115       0.897704          120.0
          70        115       0.899571           90.0
          70        115       0.899571          150.0
          70        115       0.904204          105.0
          70        115       0.914141          225.0
          70        115       0.914141          240.0
          70        115       0.916960          105.0
          70        115       0.921867           90.0
          70        115       0.923736          150.0
          70        115       0.924790          105.0
          70        115       0.924790          165.0
          70        115       0.927908          120.0
          70        115       0.931563          105.0
          70        115       0.935835          105.0
          70        115       0.939590          105.0
          70        115       0.939590          120.0
          70        115       0.939590          135.0
          70        115       0.945840          240.0
          70        115       0.946760          105.0
          70        115       0.951846          105.0
          70        115       0.952911           90.0
          70        115       0.952911          120.0
          70        115       0.953987          105.0
          70        115       0.955525          150.0
          70        115       0.956776          240.0
          70        115       0.959989          120.0
          70        115       0.961934          210.0
          70        115       0.963583          120.0
          70        115       0.966407          105.0
          70        115       0.969089          105.0
          70        115       0.970101           90.0
          70        115       0.971186          105.0
          70        115       0.972910           90.0
          70        115       0.976643          105.0
          70        115       0.979498          120.0
          70        115       0.988932          255.0
          70        115       1.002529           30.0
          70        115       1.003641           90.0
          70        115       1.004713           60.0
          70        115       1.006113            0.0
          70        115       1.050059           60.0
          70        115       1.064112           45.0
          70        115       1.068783          120.0
          70        115       1.068783          150.0
          70        115       1.092500          240.0
          70        115       1.093686          120.0
          70        115       1.123748          120.0
          70        115       1.131579          120.0
          70        115       1.140018          150.0
          70        115       1.149936          150.0
          70        115       1.157446           90.0
          70        115       1.157446          105.0
          70        115       1.243188           90.0
          70        115       1.246680          105.0
          70        115       1.246680          120.0
          70        115       1.248021          135.0
          70        115       1.251309          105.0
          70        115       1.255629          180.0
          70        115       1.256932          105.0
          70        115       1.261098          120.0
          70        115       1.262191           90.0
          70        115       1.263430          120.0
          70        115       1.264606          165.0
          70        115       1.265848          105.0
          70        115       1.266998          120.0
          70        115       1.273356           30.0
          70        115       1.274787          120.0
          70        115       1.275891          105.0
          70        115       1.283754          105.0
          70        115       1.283754          120.0
          70        115       1.404908          120.0
          70        115       1.414021          120.0
          70        115       1.415036          105.0
          70        115       1.423020          105.0
          70        115       1.432104          105.0
          70        115       1.441421          105.0
          70        115       1.444168          105.0
          70        115       1.445723          120.0
          70        115       1.446753          105.0
          70        115       1.447790           90.0
          70        115       1.450739          105.0
          70        115       1.453460          105.0
          70        115       1.455520          120.0
          70        115       1.460161          135.0
          70        115       1.507725          120.0
          70        115       1.517430          120.0
          70        115       1.527129          120.0
          70        115       1.536752          120.0
          70        115       1.538252          105.0
          70        115       1.549086          120.0
          70        115       1.555715          105.0
          70        115       1.556944          315.0
          70        115       1.565459          105.0
          70        115       1.566488           90.0
          70        115       1.567528          105.0
          70        115       1.655590          120.0
          70        115       1.656641          105.0
          70        115       1.665115          120.0
          70        115       1.666309          255.0
          70        115       1.675413          105.0
          70        115       1.676922          120.0
          70        115       1.683237          105.0
          70        115       1.692971          105.0
          70        115       2.033305          120.0
          70        115       2.042795          120.0
          70        115       2.052003          105.0
          70        115       2.062221          105.0
          70        115       2.062221          120.0
          70        115       2.072420          120.0
          70        115       2.082041          120.0
          70        115       2.084075           75.0
          70        115       2.092129          105.0
          70        115       2.141951           60.0
          70        115       2.146254          105.0
          70        115       2.147510          120.0
          70        115       2.149149          135.0
          70        115       2.149149          150.0
          70        115       2.160102          120.0
          70        115       2.232442          105.0
          70        115       2.233518          120.0
          70        115       2.234920          105.0
          70        115       2.241163          105.0
          70        115       2.242529          120.0
          70        115       2.244268          105.0
          70        115       2.249631          120.0
          70        115       2.254317           75.0
          70        115       2.258747          105.0
          70        115       2.352376          105.0
          70        115       2.361895          105.0
          70        115       2.381153          105.0
          70        115       2.381153          120.0
          70        115       2.381153          135.0
          70        115       2.497978          120.0
          70        115       2.516461          105.0
          70        115       2.526147          120.0
          70        115       2.528071          105.0
          70        115       2.535329          105.0
          70        115       2.539768          120.0
          70        115       2.545735          135.0
          70        115       2.603072          120.0
          70        115       2.604961           90.0
          70        115       2.622430          105.0
          70        115       2.640521          120.0
          70        115       2.649823          105.0
          70        115       2.677482          120.0
          70        115       2.819004          120.0
          70        115       2.819004          135.0
          70        115       2.820028          105.0
          70        115       2.828172          105.0
          70        115       2.829232          120.0
          70        115       2.837532          120.0
          70        115       2.856583          120.0
          70        115       2.923596          120.0
          70        115       2.926731          150.0
          70        115       2.958461          120.0
          70        115       2.968243          105.0
          70        115       2.980719          135.0
          70        115       2.986366          105.0
          75        120       0.202420          105.0
          75        120       0.220842          105.0
          75        120       0.221963          120.0
          75        120       0.258581          105.0
          75        120       0.263387          105.0
          75        120       0.270049          105.0
          75        120       0.270049          120.0
          75        120       0.273956          105.0
          75        120       0.277532          105.0
          75        120       0.277532          120.0
          75        120       0.282081          105.0
          75        120       0.285186          105.0
          75        120       0.286215           90.0
          75        120       0.289481          105.0
          75        120       0.290793           90.0
          75        120       0.297223          105.0
          75        120       0.304885          105.0
          75        120       0.306153           90.0
          75        120       0.313096          120.0
          75        120       0.320688          105.0
          75        120       0.328214          105.0
          75        120       0.343444          105.0
          75        120       0.353676          240.0
          75        120       0.360293           90.0
          75        120       0.365368          120.0
          75        120       0.372912          120.0
          75        120       0.374460          105.0
          75        120       0.376602          180.0
          75        120       0.380512           90.0
          75        120       0.392064          240.0
          75        120       0.399512          150.0
          75        120       0.405604          135.0
          75        120       0.408743          135.0
          75        120       0.412061          105.0
          75        120       0.413529          120.0
          75        120       0.418524          135.0
          75        120       0.418524          150.0
          75        120       0.422661          105.0
          75        120       0.423883          120.0
          75        120       0.423883          135.0
          75        120       0.425289          150.0
          75        120       0.429688          105.0
          75        120       0.430912          120.0
          75        120       0.438231          105.0
          75        120       0.438231          120.0
          75        120       0.439247           90.0
          75        120       0.440963          165.0
          75        120       0.446299          105.0
          75        120       0.447790           90.0
          75        120       0.447790          120.0
          75        120       0.449627          105.0
          75        120       0.454803          105.0
          75        120       0.457336          105.0
          75        120       0.457336          120.0
          75        120       0.457336          150.0
          75        120       0.464340           90.0
          75        120       0.466893          165.0
          75        120       0.468672           75.0
          75        120       0.471846          105.0
          75        120       0.485598          105.0
          75        120       0.489315          345.0
          75        120       0.492924          255.0
          75        120       0.505079          105.0
          75        120       0.565481           90.0
          75        120       0.571807          105.0
          75        120       0.572887           90.0
          75        120       0.573958          105.0
          75        120       0.573958          120.0
          75        120       0.573958          135.0
          75        120       0.575540           90.0
          75        120       0.579850          105.0
          75        120       0.580944          120.0
          75        120       0.583668          120.0
          75        120       0.588211          105.0
          75        120       0.596602          105.0
          75        120       0.711711          105.0
          75        120       0.719334          105.0
          75        120       0.726977          105.0
          75        120       0.734653          105.0
          75        120       0.742272          105.0
          75        120       0.750338          105.0
          75        120       0.751533          120.0
          75        120       0.758292          105.0
          75        120       0.761149          105.0
          75        120       0.761149          120.0
          75        120       0.766215           45.0
          75        120       0.766215           60.0
          75        120       0.768590           75.0
          75        120       0.774339          105.0
          75        120       0.776420          120.0
          75        120       0.777682          105.0
          75        120       0.779131          120.0
          75        120       0.782481          105.0
          75        120       0.790692          105.0
          75        120       0.793840           45.0
          75        120       0.800104          135.0
          75        120       0.801204          105.0
          75        120       0.811799          345.0
          75        120       0.825866          105.0
          75        120       0.825866          165.0
          75        120       0.862600          120.0
          75        120       0.870964          105.0
          75        120       0.872547          150.0
          75        120       0.879569          105.0
          75        120       0.888167          105.0
          75        120       0.894389          120.0
          75        120       0.897046          105.0
          75        120       0.905975          120.0
          75        120       0.924871           90.0
          75        120       0.924871          180.0
          75        120       0.956137           45.0
          75        120       0.956137           60.0
          75        120       0.976219          105.0
          75        120       0.983344          105.0
          75        120       0.984447          120.0
          75        120       0.998114          105.0
          75        120       1.002581          105.0
          75        120       1.066276          105.0
          75        120       1.074583          120.0
          75        120       1.076208          135.0
          75        120       1.079529          120.0
          75        120       1.087344          120.0
          75        120       1.087344          135.0
          75        120       1.087344          150.0
          75        120       1.118368          315.0
          75        120       1.156904          120.0
          75        120       1.177452          105.0
          75        120       1.179932          105.0
          75        120       1.187317           90.0
          75        120       1.189225          105.0
          75        120       1.192307          120.0
          75        120       1.193457           90.0
          75        120       1.198573          105.0
          75        120       1.199661           90.0
          75        120       1.200776          105.0
          75        120       1.208026          105.0
          75        120       1.210215          105.0
          75        120       1.210215          120.0
          75        120       1.217803          105.0
          75        120       1.217803          120.0
          75        120       1.219918           90.0
          75        120       1.221099          135.0
          75        120       1.269241          105.0
          75        120       1.270118          255.0
          75        120       1.271524           45.0
          75        120       1.286744          120.0
          75        120       1.289788          105.0
          75        120       1.378176          105.0
          75        120       1.379614           90.0
          75        120       1.387137          105.0
          75        120       1.396217          105.0
          75        120       1.398471          105.0
          75        120       1.400817          120.0
          75        120       1.403002          120.0
          75        120       1.405315          105.0
          75        120       1.414499          105.0
          75        120       1.417797          120.0
          75        120       1.419583          105.0
          75        120       1.421928          105.0
          75        120       1.421928          165.0
          75        120       1.424192          105.0
          75        120       1.433500          105.0
          75        120       1.442692          105.0
          75        120       1.451479          105.0
          75        120       1.452787          120.0
          75        120       1.473161          150.0
          75        120       1.577973          105.0
          75        120       1.587889          105.0
          75        120       1.595092          105.0
          75        120       1.597061          120.0
          75        120       1.603930          105.0
          75        120       1.613603          120.0
          75        120       1.616754          105.0
          75        120       1.622356          105.0
          75        120       1.622356          120.0
          75        120       1.622356          135.0
          75        120       1.698782          105.0
          75        120       1.703811           45.0
          75        120       1.709452          105.0
          75        120       1.726497          105.0
          75        120       1.735987          105.0
          75        120       1.745569          105.0
          75        120       1.750607          120.0
          75        120       1.755639          105.0
          75        120       1.775583          105.0
          75        120       1.775583          120.0
          75        120       1.783279          120.0
          75        120       1.785573          255.0
          75        120       1.787198          105.0
          75        120       1.794296          105.0
          75        120       1.796041          120.0
          75        120       1.804971          120.0
          75        120       1.806864          135.0
          75        120       1.807936          150.0
          75        120       1.809451          120.0
          75        120       1.812573          105.0
          75        120       1.820372          105.0
          75        120       1.825725          105.0
          75        120       1.865133          120.0
          75        120       1.866450           90.0
          75        120       1.866450          105.0
          75        120       1.873604          105.0
          75        120       1.893081          105.0
          75        120       1.902579          105.0
          75        120       1.904662          120.0
          75        120       1.911812           90.0
          75        120       1.971485          180.0
          75        120       1.976760          105.0
          75        120       2.002319          240.0
          75        120       2.047708          120.0
          75        120       2.056079          270.0
          75        120       2.057871          105.0
          75        120       2.064004           90.0
          75        120       2.072356           90.0
          75        120       2.073418          105.0
          75        120       2.075360           90.0
          75        120       2.081507          135.0
          75        120       2.084504          105.0
          75        120       2.091049          150.0
          75        120       2.100881          120.0
          75        120       2.106926          105.0
          75        120       2.108283          120.0
          75        120       2.115465          105.0
          75        120       2.123963          120.0
          75        120       2.125257          105.0
          75        120       2.126266           90.0
          75        120       2.126266          120.0
          75        120       2.132412          120.0
          75        120       2.133727          105.0
          75        120       2.134751           90.0
          75        120       2.140757          105.0
          75        120       2.143213           75.0
          75        120       2.144232           30.0
          75        120       2.149157           90.0
          75        120       2.149157          105.0
          75        120       2.230547          105.0
          75        120       2.231570           90.0
          75        120       2.232629          120.0
          75        120       2.232629          135.0
          75        120       2.233715          105.0
          75        120       2.238698          105.0
          75        120       2.240753          105.0
          75        120       2.241869          120.0
          75        120       2.247432          105.0
          75        120       2.249456          105.0
          75        120       2.256358          120.0
          75        120       2.265170          120.0
          75        120       2.282645          105.0
          75        120       2.283689          120.0
          75        120       2.291250          120.0
          75        120       2.353336          105.0
          75        120       2.428096          105.0
          75        120       2.432782          105.0
          75        120       2.445844          105.0
          75        120       2.453004          105.0
          75        120       2.455477          105.0
          75        120       2.457063          120.0
          75        120       2.463442          105.0
          75        120       2.471948          105.0
          75        120       2.480040          270.0
          75        120       2.484073          255.0
          75        120       2.485676          120.0
          75        120       2.497870           15.0
          75        120       2.514034          345.0
          75        120       2.519915           90.0
          75        120       2.521448          105.0
          75        120       2.524569          120.0
          75        120       2.534850          105.0
          75        120       2.540627          105.0
          80        125       0.004002          120.0
          80        125       0.009469          105.0
          80        125       0.010506          120.0
          80        125       0.015917          105.0
          80        125       0.025086          105.0
          80        125       0.046618          180.0
          80        125       0.047731          150.0
          80        125       0.047731          165.0
          80        125       0.480458          105.0
          80        125       0.488054           90.0
          80        125       0.496490          120.0
          80        125       0.504711          105.0
          80        125       0.507036          105.0
          80        125       0.512709          105.0
          80        125       0.514842          105.0
          80        125       0.539999          105.0
          80        125       0.546518          105.0
          80        125       0.548697          120.0
          80        125       0.555524          105.0
          80        125       0.558975          105.0
          80        125       0.564508           90.0
          80        125       0.564508          105.0
          80        125       0.566529          120.0
          80        125       0.568252          105.0
          80        125       0.573475          105.0
          80        125       0.577016          120.0
          80        125       0.591840          270.0
          80        125       0.593200          105.0
          80        125       0.597434          105.0
          80        125       0.603991          105.0
          80        125       0.605578           90.0
          80        125       0.620292          105.0
          80        125       0.621557          120.0
          80        125       0.628518          105.0
          80        125       0.632529           60.0
          80        125       0.633770          105.0
          80        125       0.645418          105.0
          80        125       0.654237          105.0
          80        125       0.662600          105.0
          80        125       0.669821            0.0
          80        125       0.675483          330.0
          80        125       0.739210          105.0
          80        125       0.753824           90.0
          80        125       0.760243          105.0
          80        125       0.766887          105.0
          80        125       0.773655          105.0
          80        125       0.775092          120.0
          80        125       0.781719           90.0
          80        125       0.784407          270.0
          80        125       0.785543          105.0
          80        125       0.787329           90.0
          80        125       0.808874          255.0
          80        125       0.811269            0.0
          80        125       0.815621          120.0
          80        125       0.817914          330.0
          80        125       0.820051          165.0
          80        125       0.821159          105.0
          80        125       0.824615          120.0
          80        125       0.825750          255.0
          80        125       0.835713          105.0
          80        125       0.841631          165.0
          80        125       0.843077          105.0
          80        125       0.844643          210.0
          80        125       0.846040          255.0
          80        125       0.847871           90.0
          80        125       0.849020           60.0
          80        125       0.850629          105.0
          80        125       0.853405          105.0
          80        125       0.855129          165.0
          80        125       0.856163          105.0
          80        125       0.858374          105.0
          80        125       0.861132          105.0
          80        125       0.862221          150.0
          80        125       0.866370          105.0
          80        125       0.867678          120.0
          80        125       0.868805          105.0
          80        125       0.869922           90.0
          80        125       0.873098           90.0
          80        125       0.874541          120.0
          80        125       0.875589          105.0
          80        125       0.879659          105.0
          80        125       0.882840          105.0
          80        125       0.883906           90.0
          80        125       0.884967          105.0
          80        125       0.886035          150.0
          80        125       0.887071          105.0
          80        125       0.895342          120.0
          80        125       0.897623          240.0
          80        125       0.899735           90.0
          80        125       0.908567          105.0
          80        125       0.913372          105.0
          80        125       0.916047          105.0
          80        125       0.929807          105.0
          80        125       0.943491          105.0
          80        125       0.956878          105.0
          80        125       0.956878          345.0
          80        125       0.975360          180.0
          80        125       0.976448          105.0
          80        125       0.984450          105.0
          80        125       1.000878          105.0
          80        125       1.040852           90.0
          80        125       1.040852          105.0
          80        125       1.040852          135.0
          80        125       1.057184          105.0
          80        125       1.061053          330.0
          80        125       1.069918          105.0
          80        125       1.071092          120.0
          80        125       1.075162          120.0
          80        125       1.077778          105.0
          80        125       1.084885          120.0
          80        125       1.094344           90.0
          80        125       1.103842          105.0
          80        125       1.113438           90.0
          80        125       1.234018          105.0
          80        125       1.254289          105.0
          80        125       1.255922          120.0
          80        125       1.257760          105.0
          80        125       1.266627           75.0
          80        125       1.274698          105.0
          80        125       1.276062           90.0
          80        125       1.295151          105.0
          80        125       1.296223           90.0
          80        125       1.363743          105.0
          80        125       1.367704          105.0
          80        125       1.373700          105.0
          80        125       1.376059          105.0
          80        125       1.377640           90.0
          80        125       1.378840          105.0
          80        125       1.378840          165.0
          80        125       1.383874          105.0
          80        125       1.387503          105.0
          80        125       1.421883          105.0
          80        125       1.424139          120.0
          80        125       1.430274          105.0
          80        125       1.440004          120.0
          80        125       1.441241          105.0
          80        125       1.442371           90.0
          80        125       1.449132          105.0
          80        125       1.450661          135.0
          80        125       1.450661          150.0
          80        125       1.458671          105.0
          80        125       1.459848           90.0
          80        125       1.558868          105.0
          80        125       1.560355           90.0
          80        125       1.594415          105.0
          80        125       1.598018           60.0
          80        125       1.600143           75.0
          80        125       1.602967          120.0
          80        125       1.605532          105.0
          80        125       1.612211          105.0
          80        125       1.615127          120.0
          80        125       1.621395          105.0
          80        125       1.622887          120.0
          80        125       1.625331          105.0
          80        125       1.630434          270.0
          80        125       1.639596          105.0
          80        125       1.642260          105.0
          80        125       1.642260          120.0
          80        125       1.648436          240.0
          80        125       1.649614          105.0
          80        125       1.657479          105.0
          80        125       1.658543           90.0
          80        125       1.665698          105.0
          80        125       1.670025          120.0
          80        125       1.672325          345.0
          80        125       1.676862          105.0
          80        125       1.678936          165.0
          80        125       1.682118           75.0
          80        125       1.683227          105.0
          80        125       1.686387          105.0
          80        125       1.688991          165.0
          80        125       1.700426          105.0
          80        125       1.706948          105.0
          80        125       1.706948          345.0
          80        125       1.713108          345.0
          80        125       1.807155          105.0
          80        125       1.808584          150.0
          80        125       1.814715          105.0
          80        125       1.815783          120.0
          80        125       1.818622           75.0
          80        125       1.821883           90.0
          80        125       1.824657          105.0
          80        125       1.824657          120.0
          80        125       1.829174          105.0
          80        125       1.830233          120.0
          80        125       1.831932          105.0
          80        125       1.835004           90.0
          80        125       1.836586          105.0
          80        125       1.844286          105.0
          80        125       1.851850          105.0
          80        125       1.859521          120.0
          80        125       1.861887          255.0
          80        125       1.861887          270.0
          80        125       1.865762          105.0
          80        125       1.867303          120.0
          80        125       1.870350          120.0
          80        125       1.874807          105.0
          80        125       1.879562           90.0
          80        125       1.883110          105.0
          80        125       1.891180          105.0
          80        125       1.891180          120.0
          80        125       1.895709          150.0
          80        125       1.915667          105.0
          80        125       1.936876          105.0
          80        125       1.942614          105.0
          80        125       1.945569          120.0
          80        125       1.949295          105.0
          80        125       1.958229          105.0
          80        125       1.961803          105.0
          80        125       1.963911          105.0
          80        125       1.965559           45.0
          80        125       1.970471           60.0
          80        125       1.974932          105.0
          80        125       1.984606          105.0
          80        125       2.008700          240.0
          80        125       2.018271          120.0
          80        125       2.025245          105.0
          80        125       2.051258           90.0
          80        125       2.051258          105.0
          80        125       2.052756          120.0
          80        125       2.060641          105.0
          80        125       2.069655          105.0
          80        125       2.072823          105.0
          80        125       2.077920          105.0
          80        125       2.079393          255.0
          80        125       2.081921          105.0
          80        125       2.087018          105.0
          80        125       2.088032           90.0
          80        125       2.091809           90.0
          80        125       2.091809          180.0
          80        125       2.092963          105.0
          80        125       2.096813          105.0
          80        125       2.097907          120.0
          80        125       2.099002          150.0
          80        125       2.100122          135.0
          80        125       2.104149          105.0
          80        125       2.105537          120.0
          80        125       2.120406           90.0
          80        125       2.139860          105.0
          80        125       2.141184            0.0
          80        125       2.141184          345.0
          80        125       2.144707          270.0
          80        125       2.156479          105.0
          80        125       2.158412          120.0
          80        125       2.160409           75.0
          80        125       2.164711          105.0
          80        125       2.172020           75.0
          80        125       2.172020           90.0
          80        125       2.174055          105.0
          80        125       2.187865          120.0
          80        125       2.197167          105.0
          80        125       2.234911          105.0
          80        125       2.244137           90.0
          80        125       2.250061          105.0
          80        125       2.251103          120.0
          80        125       2.258543           90.0
          80        125       2.259633          120.0
          80        125       2.263301           90.0
          80        125       2.267061          105.0
          80        125       2.271166          120.0
          80        125       2.275625           90.0
          80        125       2.275625          105.0
          80        125       2.277042           75.0
          80        125       2.282082          120.0
          80        125       2.284668          105.0
          80        125       2.287594          105.0
          80        125       2.289196          255.0
          80        125       2.293231          105.0
          80        125       2.296844          105.0
          80        125       2.297915           90.0
          80        125       2.304012          105.0
          80        125       2.305158           60.0
          80        125       2.311315          105.0
          80        125       2.313102           90.0
          80        125       2.314141          120.0
          80        125       2.318788          315.0
          80        125       2.320342          105.0
          80        125       2.336889           75.0
          80        125       2.343442          270.0
          80        125       2.360097           90.0
          80        125       2.364265           90.0
          80        125       2.368116           75.0
          80        125       2.375230           90.0
          80        125       2.384331          105.0
          80        125       2.390715          105.0
          80        125       2.399274          105.0
          80        125       2.407903           90.0
          80        125       2.413008           90.0
          80        125       2.413008          105.0
          80        125       2.413008          120.0
          80        125       2.414211          270.0
          80        125       2.415387           60.0
          80        125       2.416542          105.0
          80        125       2.418442           90.0
          80        125       2.480565          105.0
          80        125       2.489276          105.0
          80        125       2.490648           90.0
          80        125       2.492659          105.0
          80        125       2.497198          105.0
          80        125       2.498508           90.0
          80        125       2.499547          105.0
          80        125       2.501635          105.0
          80        125       2.507108          105.0
          80        125       2.509534          105.0
          80        125       2.516086           90.0
          80        125       2.516086          105.0
          80        125       2.525129          105.0
          80        125       2.536711           75.0
          80        125       2.543928          105.0
          80        125       2.545012           90.0
          80        125       2.551413          105.0
          80        125       2.552879           90.0
          80        125       2.557613           90.0
          80        125       2.578311          105.0
          80        125       2.604702          105.0
          80        125       2.613471          105.0
          80        125       2.614668           90.0
          80        125       2.622180          105.0
          80        125       2.630491          105.0
          80        125       2.633508           90.0
          80        125       2.639508          105.0
          80        125       2.641043           90.0
          80        125       2.641043          120.0
          80        125       2.642147          105.0
          80        125       2.643301           90.0
          80        125       2.648243          105.0
          80        125       2.650852           90.0
          80        125       2.650852          105.0
          80        125       2.650852          120.0
          80        125       2.656995          105.0
          80        125       2.659553          105.0
          80        125       2.665803          105.0
          80        125       2.668307          105.0
          80        125       2.672229          105.0
          80        125       2.674633          105.0
          80        125       2.683528          105.0
          80        125       2.684936          120.0
          80        125       2.687664          180.0
          80        125       2.692290          105.0
          80        125       2.693297           90.0
          80        125       2.714676          105.0
          80        125       2.732379           45.0
          80        125       2.758512          105.0
          80        125       2.767723           90.0
          80        125       2.767723          105.0
          80        125       2.769424          120.0
          80        125       2.772518           15.0
          80        125       2.853541          150.0
          85        130       0.109594           90.0
          85        130       0.111045          105.0
          85        130       0.119055           90.0
          85        130       0.240589          105.0
          85        130       0.241633           90.0
          85        130       0.250223           90.0
          85        130       0.250223          105.0
          85        130       0.251286           75.0
          85        130       0.252276          105.0
          85        130       0.259674          105.0
          85        130       0.260703           90.0
          85        130       0.261719          105.0
          85        130       0.262750           90.0
          85        130       0.269126           90.0
          85        130       0.270161          105.0
          85        130       0.271446           90.0
          85        130       0.272522          105.0
          85        130       0.273532           90.0
          85        130       0.278618           90.0
          85        130       0.279645          105.0
          85        130       0.283025          120.0
          85        130       0.288149           90.0
          85        130       0.289213           75.0
          85        130       0.290481           90.0
          85        130       0.291502          105.0
          85        130       0.292527           90.0
          85        130       0.297766           90.0
          85        130       0.298910          270.0
          85        130       0.318223          105.0
          85        130       0.326413          105.0
          85        130       0.327695           90.0
          85        130       0.328727          105.0
          85        130       0.336135          105.0
          85        130       0.337122           90.0
          85        130       0.338186          105.0
          85        130       0.339254           90.0
          85        130       0.345514          105.0
          85        130       0.346519           90.0
          85        130       0.348663           75.0
          85        130       0.354475          105.0
          85        130       0.363674          105.0
          85        130       0.367008           90.0
          85        130       0.372665           90.0
          85        130       0.373696          105.0
          85        130       0.374993           90.0
          85        130       0.478963          105.0
          85        130       0.480668           90.0
          85        130       0.486635          105.0
          85        130       0.488617           90.0
          85        130       0.490321          105.0
          85        130       0.491418           90.0
          85        130       0.495112          105.0
          85        130       0.498524          105.0
          85        130       0.499558           90.0
          85        130       0.503362          105.0
          85        130       0.504465           90.0
          85        130       0.511766           90.0
          85        130       0.513102          105.0
          85        130       0.515335          255.0
          85        130       0.520268          105.0
          85        130       0.523293           90.0
          85        130       0.527019           90.0
          85        130       0.528746          105.0
          85        130       0.530074           90.0
          85        130       0.533132          105.0
          85        130       0.536994          120.0
          85        130       0.538665           90.0
          85        130       0.538665          105.0
          85        130       0.543137           90.0
          85        130       0.547202          105.0
          85        130       0.550611          120.0
          85        130       0.555062           90.0
          85        130       0.556639          345.0
          85        130       0.563422           90.0
          85        130       0.586616          105.0
          85        130       0.589309          105.0
          85        130       0.590463          120.0
          85        130       0.593911          105.0
          85        130       0.598299          120.0
          85        130       0.606479          105.0
          85        130       0.606479          345.0
          85        130       0.607822          120.0
          85        130       0.610735           75.0
          85        130       0.616676           90.0
          85        130       0.618036          255.0
          85        130       0.618036          270.0
          85        130       0.619661          105.0
          85        130       0.620622           45.0
          85        130       0.620622           60.0
          85        130       0.628442           90.0
          85        130       0.640206          255.0
          85        130       0.641776          105.0
          85        130       0.709114           90.0
          85        130       0.713854          135.0
          85        130       0.715301          150.0
          85        130       0.716395          105.0
          85        130       0.723735          255.0
          85        130       0.725114          120.0
          85        130       0.738417          105.0
          85        130       0.745862          105.0
          85        130       0.755635          120.0
          85        130       0.767042          105.0
          85        130       0.773567          105.0
          85        130       0.788124          105.0
          85        130       0.789432          120.0
          85        130       0.795065          105.0
          85        130       0.808356          270.0
          85        130       0.811504          330.0
          85        130       0.814777           90.0
          85        130       0.816340          105.0
          85        130       0.821226           90.0
          85        130       0.827688           90.0
          85        130       0.829563          105.0
          85        130       0.834192           90.0
          85        130       0.834192          105.0
          85        130       0.838482          135.0
          85        130       0.841913          105.0
          85        130       0.847083          105.0
          85        130       0.848330          120.0
          85        130       0.851993          270.0
          85        130       0.851993          285.0
          85        130       0.853168           90.0
          85        130       0.859182          105.0
          85        130       0.863840           90.0
          85        130       0.865381          105.0
          85        130       0.872938           90.0
          85        130       0.877674          105.0
          85        130       0.879000           90.0
          85        130       0.883766           90.0
          85        130       0.885141           75.0
          85        130       0.886148           90.0
          85        130       0.889703           90.0
          85        130       0.890754          105.0
          85        130       0.892109           90.0
          85        130       0.893159          105.0
          85        130       0.895676           90.0
          85        130       0.895676          105.0
          85        130       0.898067          105.0
          85        130       0.901518          105.0
          85        130       0.948188          120.0
          85        130       1.578301           90.0
          85        130       1.578301          105.0
          85        130       1.579452           75.0
          85        130       1.580778          105.0
          85        130       1.587657           90.0
          85        130       1.587657          105.0
          85        130       1.594656           90.0
          85        130       1.596366          105.0
          85        130       1.598379           90.0
          85        130       1.599536          105.0
          85        130       1.601967          105.0
          85        130       1.602972           90.0
          85        130       1.612668          105.0
          85        130       1.617512           30.0
          85        130       1.638396          120.0
          85        130       1.653488           90.0
          85        130       1.668590           15.0
          85        130       1.668590           75.0
          85        130       1.670176          225.0
          85        130       1.673370           75.0
          85        130       1.674524          105.0
          85        130       1.676007          285.0
          85        130       1.680135          105.0
          85        130       1.681239           90.0
          85        130       1.689151          105.0
          85        130       1.690285           90.0
          85        130       1.691637          105.0
          85        130       1.691637          165.0
          85        130       1.695598          105.0
          85        130       1.696853          330.0
          85        130       1.698227           90.0
          85        130       1.699358          105.0
          85        130       1.716448          105.0
          85        130       1.725563           90.0
          85        130       1.727710          105.0
          85        130       1.733786          270.0
          85        130       1.734961           90.0
          85        130       1.734961          105.0
          85        130       1.744122           90.0
          85        130       1.745475          120.0
          85        130       1.749811          315.0
          85        130       1.762242           90.0
          85        130       1.771133           90.0
          85        130       1.772182           75.0
          85        130       1.775823          105.0
          85        130       1.776868           75.0
          85        130       1.779876          270.0
          85        130       1.785721           75.0
          85        130       1.791471          255.0
          85        130       1.793469          270.0
          85        130       1.794805          150.0
          85        130       1.796914          165.0
          85        130       1.808233          105.0
          85        130       1.810426          270.0
          85        130       1.815303           75.0
          85        130       1.818374          105.0
          85        130       1.824815          105.0
          85        130       1.827942          105.0
          85        130       1.833887          255.0
          85        130       1.835163          105.0
          85        130       1.841921          255.0
          85        130       1.843172          105.0
          85        130       1.851766          105.0
          85        130       1.855620          105.0
          85        130       1.858534          105.0
          85        130       1.860807          255.0
          85        130       1.869569          105.0
          85        130       1.870516          255.0
          85        130       1.873375           90.0
          85        130       1.877516           15.0
          85        130       1.881661          105.0
          85        130       1.887555          120.0
          85        130       1.888913          105.0
          85        130       1.891639          105.0
          85        130       1.897887          105.0
          85        130       1.899473          120.0
          85        130       1.900499          105.0
          85        130       1.910182          105.0
          85        130       1.912608          105.0
          85        130       1.924085          105.0
          85        130       1.925489           60.0
          85        130       1.925489           75.0
          85        130       1.929753          105.0
          85        130       1.932532           90.0
          85        130       1.935751           90.0
          85        130       1.952626          270.0
          85        130       1.973374          105.0
          85        130       1.979899           75.0
          85        130       1.981375          270.0
          85        130       1.982579           90.0
          85        130       1.982579          105.0
          85        130       1.987729          105.0
          85        130       1.995936          120.0
          85        130       1.997527           90.0
          85        130       2.000262           90.0
          85        130       2.005855           90.0
          85        130       2.007081          255.0
          85        130       2.010290           90.0
          85        130       2.012768          105.0
          85        130       2.014695           90.0
          85        130       2.021307          105.0
          85        130       2.024243          105.0
          85        130       2.030196          105.0
          85        130       2.047493          105.0
          85        130       2.052157          135.0
          85        130       2.056062           90.0
          85        130       2.064668           90.0
          85        130       2.066784           15.0
          85        130       2.073191           90.0
          85        130       2.074295          105.0
          85        130       2.075315           75.0
          85        130       2.082174          105.0
          85        130       2.083915           75.0
          85        130       2.086073          135.0
          85        130       2.094772           75.0
          85        130       2.099102          105.0
          85        130       2.103359           90.0
          85        130       2.110930           30.0
          85        130       2.110930           45.0
          85        130       2.116584          105.0
          85        130       2.126976           90.0
          85        130       2.129096          105.0
          85        130       2.133301          105.0
          85        130       2.135497           90.0
          85        130       2.137624          105.0
          85        130       2.141781           90.0
          85        130       2.142911          105.0
          85        130       2.146106           75.0
          85        130       2.147156           90.0
          85        130       2.150328           90.0
          85        130       2.151434          105.0
          85        130       2.152563          135.0
          85        130       2.154626           90.0
          85        130       2.155667          105.0
          85        130       2.162141           75.0
          85        130       2.163207           90.0
          85        130       2.165665           75.0
          85        130       2.169643          105.0
          85        130       2.170740          120.0
          85        130       2.171769           90.0
          85        130       2.172789           75.0
          85        130       2.174179           90.0
          85        130       2.177547           90.0
          85        130       2.179381          120.0
          85        130       2.182822           60.0
          85        130       2.187839          105.0
          85        130       2.188922           90.0
          85        130       2.193714          105.0
          85        130       2.194847           90.0
          85        130       2.204985           90.0
          85        130       2.207032          120.0
          85        130       2.214438           90.0
          85        130       2.215789          105.0
          85        130       2.217957           90.0
          85        130       2.226597          135.0
          85        130       2.425485           90.0
          85        130       2.427016          105.0
          85        130       2.429164          105.0
          85        130       2.442035          270.0
          85        130       2.469472           90.0
          85        130       2.470901          105.0
          85        130       2.470901          120.0
          85        130       2.476524          105.0
          85        130       2.483219           90.0
          85        130       2.483219          105.0
          85        130       2.485201          120.0
          85        130       2.490325          105.0
          85        130       2.497799          105.0
          85        130       2.505606          105.0
          85        130       2.507014          120.0
          85        130       2.508051           90.0
          85        130       2.512737          105.0
          85        130       2.514360           90.0
          85        130       2.526223          120.0
          85        130       2.536034          105.0
          85        130       2.543785          120.0
          85        130       2.551661           90.0
          85        130       2.779499          105.0
          85        130       2.785415            0.0
          85        130       2.792286          105.0
          85        130       2.793929           90.0
          85        130       2.794995          105.0
          85        130       2.796247           90.0
          85        130       2.798229          105.0
          85        130       2.805225          105.0
          85        130       2.807088          255.0
          85        130       2.815472           90.0
          85        130       2.818877          240.0
          85        130       2.821432          105.0
          85        130       2.823571          105.0
          85        130       2.827272          105.0
          85        130       2.840485          105.0
          85        130       2.844329          105.0
          85        130       2.873092          105.0
          85        130       2.881167          105.0
          85        130       2.882285           90.0
          85        130       2.890082           90.0
          85        130       2.891203          105.0
          85        130       2.897993            0.0
          85        130       2.899258          270.0
          85        130       2.903999           75.0
          85        130       2.905116          105.0
          85        130       2.908852          105.0
          85        130       2.913247          105.0
          85        130       2.927725          105.0
          85        130       2.937332          105.0
          85        130       2.964270           90.0
          85        130       2.965647          105.0
          85        130       2.967549          120.0
          85        130       2.980098          270.0
          90        135       0.008539           90.0
          90        135       0.009879           75.0
          90        135       0.017838           60.0
          90        135       0.035489          105.0
          90        135       0.043118           90.0
          90        135       0.056042          105.0
          90        135       0.065528           90.0
          90        135       0.073976           90.0
          90        135       0.145008           90.0
          90        135       0.146735          105.0
          90        135       0.153105           90.0
          90        135       0.178519           90.0
          90        135       0.188145           90.0
          90        135       0.189604          255.0
          90        135       0.192155           75.0
          90        135       0.197914           90.0
          90        135       0.207028           90.0
          90        135       0.208157           75.0
          90        135       0.216473          105.0
          90        135       0.217785           90.0
          90        135       0.250141          105.0
          90        135       0.252978           45.0
          90        135       0.254887           90.0
          90        135       0.260805          270.0
          90        135       0.309307          135.0
          90        135       0.332930           90.0
          90        135       0.343180           90.0
          90        135       0.346043          105.0
          90        135       0.419945           90.0
          90        135       0.436336           90.0
          90        135       0.445219          270.0
          90        135       0.447324           90.0
          90        135       0.448559           60.0
          90        135       0.450953           30.0
          90        135       0.456596          105.0
          90        135       0.457816           90.0
          90        135       0.459104           75.0
          90        135       0.568476           90.0
          90        135       0.574202          105.0
          90        135       0.583657          270.0
          90        135       0.585121           90.0
          90        135       0.585121          105.0
          90        135       0.586326          120.0
          90        135       0.587918           90.0
          90        135       0.589151           75.0
          90        135       0.593543           90.0
          90        135       0.594713           75.0
          90        135       0.595836           90.0
          90        135       0.598105           90.0
          90        135       0.599249           75.0
          90        135       0.605070           90.0
          90        135       0.607303          105.0
          90        135       0.608433           90.0
          90        135       0.614731           90.0
          90        135       0.617304          270.0
          90        135       0.624528          285.0
          90        135       0.627082           90.0
          90        135       0.628546          105.0
          90        135       0.633020          105.0
          90        135       0.644745          105.0
          90        135       0.647040          285.0
          90        135       0.652454           90.0
          90        135       0.652454          105.0
          90        135       0.654618           90.0
          90        135       0.657995           15.0
          90        135       0.659354          105.0
          90        135       0.661793           90.0
          90        135       0.663366          105.0
          90        135       0.667762           15.0
          90        135       0.667762          255.0
          90        135       0.667762          270.0
          90        135       0.669077          105.0
          90        135       0.674486           60.0
          90        135       0.681528          105.0
          90        135       0.683058           90.0
          90        135       0.684276          105.0
          90        135       0.691290           90.0
          90        135       0.691290          105.0
          90        135       0.700848           90.0
          90        135       0.710465           90.0
          90        135       0.720194          105.0
          90        135       0.724748          120.0
          90        135       0.731143          105.0
          90        135       0.741287           60.0
          90        135       0.757512          105.0
          90        135       0.845367           90.0
          90        135       0.846399          105.0
          90        135       0.847433           90.0
          90        135       0.874051           90.0
          90        135       0.876063          105.0
          90        135       0.883124          255.0
          90        135       0.884997           90.0
          90        135       0.897630           45.0
          90        135       0.902040           90.0
          90        135       0.908676           90.0
          90        135       0.911250           90.0
          90        135       0.912676           75.0
          90        135       0.913781           90.0
          90        135       0.915678           60.0
          90        135       0.919070            0.0
          90        135       0.921039           90.0
          90        135       0.922149           75.0
          90        135       0.924801           90.0
          90        135       0.930430           90.0
          90        135       0.931883          105.0
          90        135       0.937086            0.0
          90        135       0.940004           90.0
          90        135       0.940004          105.0
          90        135       0.941502           75.0
          90        135       0.942614           90.0
          90        135       0.944151          105.0
          90        135       0.949805           90.0
          90        135       0.951805          105.0
          90        135       0.963674           75.0
          90        135       0.969211           90.0
          90        135       0.976032           90.0
          90        135       0.976032          105.0
          90        135       0.977200           30.0
          90        135       0.978645          105.0
          90        135       0.979758           90.0
          90        135       0.980926           75.0
          90        135       0.984252           30.0
          90        135       0.984252           60.0
          90        135       0.988254           90.0
          90        135       0.989391          105.0
          90        135       0.997868           90.0
          90        135       0.999010          105.0
          90        135       1.000152           90.0
          90        135       1.002412           60.0
          90        135       1.003600          105.0
          90        135       1.007543           90.0
          90        135       1.012104          105.0
          90        135       1.017409          105.0
          90        135       1.018512           90.0
          90        135       1.045996          345.0
          90        135       1.123711          120.0
          90        135       1.127215           90.0
          90        135       1.155582           90.0
          90        135       1.164180           30.0
          90        135       1.165270           90.0
          90        135       1.166453           75.0
          90        135       1.169778           90.0
          90        135       1.174883           90.0
          90        135       1.176065          105.0
          90        135       1.179390           90.0
          90        135       1.180532           45.0
          90        135       1.180532           60.0
          90        135       1.180532           75.0
          90        135       1.184563           90.0
          90        135       1.185729          105.0
          90        135       1.186903           90.0
          90        135       1.190817           75.0
          90        135       1.194243           90.0
          90        135       1.203988           90.0
          90        135       1.205106          105.0
          90        135       1.214851           90.0
          90        135       1.232269           90.0
          90        135       1.233457          105.0
          90        135       1.234531           90.0
          90        135       1.235764           75.0
          90        135       1.236857           30.0
          90        135       1.236857           60.0
          90        135       1.270433           90.0
          90        135       1.281376           90.0
          90        135       1.295398            0.0
          90        135       1.296633          105.0
          90        135       1.299124          105.0
          90        135       1.304164            0.0
          90        135       1.304164           90.0
          90        135       1.308872           90.0
          90        135       1.373020           75.0
          90        135       1.373020           90.0
          90        135       1.392016           90.0
          90        135       1.393757          105.0
          90        135       1.396774          105.0
          90        135       1.403414           90.0
          90        135       1.410774           90.0
          90        135       1.410774          105.0
          90        135       1.415372           90.0
          90        135       1.416471          165.0
          90        135       1.431897          105.0
          90        135       1.433032           90.0
          90        135       1.434747          105.0
          90        135       1.441475          105.0
          90        135       1.445678           75.0
          90        135       1.457847           90.0
          90        135       1.459109          270.0
          90        135       1.460657           90.0
          90        135       1.465414           90.0
          90        135       1.465414          180.0
          90        135       1.477565          105.0
          90        135       1.478570           90.0
          90        135       1.480641          105.0
          90        135       1.483352           90.0
          90        135       1.485754           90.0
          90        135       1.487221           75.0
          90        135       1.488868           90.0
          90        135       1.492581          135.0
          90        135       1.505246           90.0
          90        135       1.506379           30.0
          90        135       1.513625          330.0
          90        135       1.529191           90.0
          90        135       1.530578           75.0
          90        135       1.532645          120.0
          90        135       1.532645          135.0
          90        135       1.533734           90.0
          90        135       1.534885           75.0
          90        135       1.547311           75.0
          90        135       1.634613           90.0
          90        135       1.639121           90.0
          90        135       1.644461           90.0
          90        135       1.654082           90.0
          90        135       1.673312           90.0
          90        135       1.856282           90.0
          90        135       1.863469           90.0
          90        135       1.870558           90.0
          90        135       1.877938           90.0
          90        135       1.931766           90.0
          90        135       1.933198          105.0
          90        135       1.941590           90.0
          90        135       1.944036           90.0
          90        135       1.949149           90.0
          90        135       1.949149          105.0
          90        135       1.951463          105.0
          90        135       1.957623          120.0
          90        135       1.962410           90.0
          90        135       1.964495          105.0
          90        135       1.971451          150.0
          90        135       1.976926           90.0
          90        135       1.983372           90.0
          90        135       2.004155          105.0
          90        135       2.025567          255.0
          90        135       2.046613           90.0
          90        135       2.048045           75.0
          90        135       2.049226           90.0
          90        135       2.050394            0.0
          90        135       2.051926          105.0
          90        135       2.056876           90.0
          90        135       2.058469           75.0
          90        135       2.062699           90.0
          90        135       2.063686          255.0
          90        135       2.066703          105.0
          90        135       2.067997           75.0
          90        135       2.067997           90.0
          90        135       2.069383            0.0
          90        135       2.070864           90.0
          90        135       2.072917          105.0
          90        135       2.077203          105.0
          90        135       2.085657           90.0
          90        135       2.090029          120.0
          90        135       2.091307          105.0
          90        135       2.094114           90.0
          90        135       2.095920          105.0
          90        135       2.097008           90.0
          90        135       2.098399          105.0
          90        135       2.104375           90.0
          90        135       2.105495          105.0
          90        135       2.107555           90.0
          90        135       2.115375          120.0
          90        135       2.121645           90.0
          90        135       2.122819          105.0
          90        135       2.127887           90.0
          90        135       2.130251           90.0
          90        135       2.131420          105.0
          90        135       2.138922           90.0
          90        135       2.143334          120.0
          90        135       2.145547          270.0
          90        135       2.158754           75.0
          90        135       2.162649          285.0
          90        135       2.164950          105.0
          90        135       2.172512          300.0
          90        135       2.173605           90.0
          90        135       2.183624          105.0
          90        135       2.190574           90.0
          90        135       2.194347           90.0
          90        135       2.199383           90.0
          90        135       2.207273            0.0
          90        135       2.218803          195.0
          90        135       2.225844          270.0
          90        135       2.234872           90.0
          90        135       2.234872          105.0
          90        135       2.242743           90.0
          90        135       2.246290           75.0
          90        135       2.249750           90.0
          90        135       2.259387           90.0
          90        135       2.316610           90.0
          90        135       2.337790           90.0
          90        135       2.350383           90.0
          90        135       2.352213          105.0
          90        135       2.355024          105.0
          90        135       2.359819          105.0
          90        135       2.363567           90.0
          90        135       2.365793           90.0
          90        135       2.365793          120.0
          90        135       2.374812           90.0
          90        135       2.376543          120.0
          90        135       2.377547           90.0
          90        135       2.397770           90.0
          90        135       2.406301           90.0
          90        135       2.413672           90.0
          90        135       2.414756          105.0
          90        135       2.416028           90.0
          90        135       2.418876           90.0
          90        135       2.420536          105.0
          90        135       2.429922           30.0
          90        135       2.429922           45.0
          90        135       2.441104          105.0
          90        135       2.443885          105.0
          90        135       2.445469           90.0
          90        135       2.447194          105.0
          90        135       2.452125           90.0
          90        135       2.454168          270.0
          90        135       2.455547          285.0
          90        135       2.460389          210.0
          90        135       2.463492           90.0
          90        135       2.636871          120.0
          90        135       2.643504           90.0
          90        135       2.644731          105.0
          90        135       2.649992           90.0
          90        135       2.726191           90.0
          90        135       2.734597           90.0
          90        135       2.738438          120.0
          90        135       2.742614           90.0
          90        135       2.743745          105.0
          90        135       2.745707           90.0
          90        135       2.752722           90.0
          90        135       2.764622           90.0
          90        135       2.765744          120.0
          90        135       2.772293           90.0
          90        135       2.773714           75.0
          90        135       2.774883           90.0
          90        135       2.776006           30.0
          90        135       2.776006           60.0
          90        135       2.777387           90.0
          90        135       2.778475          105.0
          90        135       2.781500          105.0
          90        135       2.782531           90.0
          90        135       2.783670           75.0
          90        135       2.786002          105.0
          90        135       2.823539           75.0
          90        135       2.824732           60.0
          90        135       2.976219           90.0
          90        135       2.980336           90.0
          90        135       2.986454           90.0
          95        140       0.061061          105.0
          95        140       0.067711           90.0
          95        140       0.072640           90.0
          95        140       0.083226           90.0
          95        140       0.086782          150.0
          95        140       0.089633           90.0
          95        140       0.091508          270.0
          95        140       0.107219           75.0
          95        140       0.114547           90.0
          95        140       0.156558           90.0
          95        140       0.159602           90.0
          95        140       0.179977          120.0
          95        140       0.187972           90.0
          95        140       0.192452          315.0
          95        140       0.199192           90.0
          95        140       0.200840           75.0
          95        140       0.203321           90.0
          95        140       0.207094           90.0
          95        140       0.216336           90.0
          95        140       0.225547           90.0
          95        140       0.233047           90.0
          95        140       0.234653          105.0
          95        140       0.235938           75.0
          95        140       0.245028           90.0
          95        140       0.245028          105.0
          95        140       0.246459          120.0
          95        140       0.247770          105.0
          95        140       0.249225           15.0
          95        140       0.252891           90.0
          95        140       0.258475           60.0
          95        140       0.258475           75.0
          95        140       0.371993           90.0
          95        140       0.375683            0.0
          95        140       0.381102           90.0
          95        140       0.383329          105.0
          95        140       0.383329          120.0
          95        140       0.390980           90.0
          95        140       0.400176           90.0
          95        140       0.403195           90.0
          95        140       0.409894           90.0
          95        140       0.414781          270.0
          95        140       0.416086          300.0
          95        140       0.419067           90.0
          95        140       0.422286          105.0
          95        140       0.423459          120.0
          95        140       0.424668           75.0
          95        140       0.425805          105.0
          95        140       0.428515           90.0
          95        140       0.432965           90.0
          95        140       0.435172            0.0
          95        140       0.437954           90.0
          95        140       0.439030          105.0
          95        140       0.442382           75.0
          95        140       0.447579           90.0
          95        140       0.548829           90.0
          95        140       0.550211           75.0
          95        140       0.551265           90.0
          95        140       0.552346           75.0
          95        140       0.553918           90.0
          95        140       0.554973          105.0
          95        140       0.557363           90.0
          95        140       0.558403           75.0
          95        140       0.561399          105.0
          95        140       0.566320           90.0
          95        140       0.567370           75.0
          95        140       0.574686          105.0
          95        140       0.575829           90.0
          95        140       0.580969           90.0
          95        140       0.584961          270.0
          95        140       0.589221           60.0
          95        140       0.603715           90.0
          95        140       0.603715          105.0
          95        140       0.613891          120.0
          95        140       0.621493          300.0
          95        140       0.985426           90.0
          95        140       0.988028           90.0
          95        140       0.991047           90.0
          95        140       0.992106          105.0
          95        140       1.000223           90.0
          95        140       1.003840           90.0
          95        140       1.004897           75.0
          95        140       1.009785           90.0
          95        140       1.012649           90.0
          95        140       1.018375           90.0
          95        140       1.021293          105.0
          95        140       1.024078           90.0
          95        140       1.029500           90.0
          95        140       1.034043          105.0
          95        140       1.039906           90.0
          95        140       1.149776           75.0
          95        140       1.154098           90.0
          95        140       1.158122           90.0
          95        140       1.160075          105.0
          95        140       1.163204           90.0
          95        140       1.164811           75.0
          95        140       1.164811          105.0
          95        140       1.169304           90.0
          95        140       1.173117           90.0
          95        140       1.180031           90.0
          95        140       1.184626           90.0
          95        140       1.195184           90.0
          95        140       1.197168          105.0
          95        140       1.321328           90.0
          95        140       1.322493          270.0
          95        140       1.324254           90.0
          95        140       1.325280           75.0
          95        140       1.327793           90.0
          95        140       1.330012          270.0
          95        140       1.331176           90.0
          95        140       1.332260           75.0
          95        140       1.332260          105.0
          95        140       1.348116           75.0
          95        140       1.355882          105.0
          95        140       1.512836           90.0
          95        140       1.514168           75.0
          95        140       1.521442           90.0
          95        140       1.522778          105.0
          95        140       1.533008          285.0
          95        140       1.534472           90.0
          95        140       1.536889           30.0
          95        140       1.540813           90.0
          95        140       1.550508           90.0
          95        140       1.560118           90.0
          95        140       1.569016          270.0
          95        140       1.585668          105.0
          95        140       1.635094           90.0
          95        140       1.803054           90.0
          95        140       1.806109           90.0
          95        140       1.811493           90.0
          95        140       1.813922           90.0
          95        140       1.817047           90.0
          95        140       1.821187           90.0
          95        140       1.822430          270.0
          95        140       1.823695           90.0
          95        140       1.835972           90.0
          95        140       1.859054          270.0
          95        140       1.869012           90.0
          95        140       1.930413          105.0
          95        140       1.934859           90.0
          95        140       1.939914           90.0
          95        140       1.941584          105.0
          95        140       1.944465           90.0
          95        140       1.949508           90.0
          95        140       1.951194           75.0
          95        140       1.959145           90.0
          95        140       1.961715           90.0
          95        140       1.968829           90.0
          95        140       1.978516           90.0
          95        140       1.988140           90.0
          95        140       2.007656           90.0
          95        140       2.023370          195.0
          95        140       2.200157           90.0
          95        140       2.201477          105.0
          95        140       2.202508           90.0
          95        140       2.203559          105.0
          95        140       2.204633           90.0
          95        140       2.208579           90.0
          95        140       2.217039           90.0
          95        140       2.218114          105.0
          95        140       2.219293          270.0
          95        140       2.220504           90.0
          95        140       2.226597          270.0
          95        140       2.238926            0.0
          95        140       2.246097           90.0
          95        140       2.262578            0.0
          95        140       2.262578           90.0
          95        140       2.264126          270.0
          95        140       2.273676           90.0
          95        140       2.283633           90.0
          95        140       2.316243           90.0
          95        140       2.317311           60.0
          95        140       2.330210           45.0
          95        140       2.331250           90.0
          95        140       2.334437           90.0
          95        140       2.336223          105.0
          95        140       2.340215          210.0
          95        140       2.346165           90.0
          95        140       2.349405          345.0
          95        140       2.350633          105.0
          95        140       2.352907           75.0
          95        140       2.356485           90.0
          95        140       2.361018          120.0
          95        140       2.362100           75.0
          95        140       2.363378          345.0
          95        140       2.366898           90.0
          95        140       2.369520           75.0
          95        140       2.377734           90.0
          95        140       2.419004           90.0
          95        140       2.424101           90.0
          95        140       2.429015           90.0
          95        140       2.430897          105.0
          95        140       2.437075          105.0
          95        140       2.439293           90.0
          95        140       2.441394           90.0
          95        140       2.449454           90.0
          95        140       2.451558           90.0
          95        140       2.459583           90.0
          95        140       2.461696          105.0
          95        140       2.469711           90.0
          95        140       2.479851           90.0
          95        140       2.480985           75.0
          95        140       2.490055           90.0
          95        140       2.492223           90.0
          95        140       2.495965          270.0
          95        140       2.497168           90.0
          95        140       2.500265           90.0
          95        140       2.502461           90.0
          95        140       2.510784          105.0
          95        140       2.512112           75.0
          95        140       2.648079           90.0
          95        140       2.650785           90.0
          95        140       2.657571           90.0
          95        140       2.662987           75.0
          95        140       2.664422           90.0
          95        140       2.666731           90.0
          95        140       2.670668           90.0
          95        140       2.682922           90.0
          95        140       2.684538          105.0
          95        140       2.685833           90.0
          95        140       2.695188           90.0
          95        140       2.700961          150.0
          95        140       2.703747           90.0
          95        140       2.705297          105.0
          95        140       2.705297          120.0
          95        140       2.714699           90.0
          95        140       2.717090           90.0
          95        140       2.724632          105.0
          95        140       2.730379          330.0
          95        140       2.733281           90.0
          95        140       2.739351          270.0
          95        140       2.742172           90.0
          95        140       2.752758           90.0
          95        140       2.767914           90.0
          95        140       2.794332           90.0
          95        140       2.796176           15.0
          95        140       2.802311          105.0
          95        140       2.803527           90.0
          95        140       2.818786          180.0
          95        140       2.825282           90.0
          95        140       2.827754           90.0
          95        140       2.831489          120.0
          95        140       2.834027           90.0
          95        140       2.838598           30.0
          95        140       2.838598           45.0
          95        140       2.840957          345.0
          95        140       2.847473          270.0
          95        140       2.857680          180.0
         100        145       0.773688           90.0
         100        145       0.779742           90.0
         100        145       0.780842           75.0
         100        145       0.781879           90.0
         100        145       0.785813           90.0
         100        145       0.785813          105.0
         100        145       0.785813          120.0
         100        145       0.790328           90.0
         100        145       0.793008            0.0
         100        145       0.797039           90.0
         100        145       0.802706          135.0
         100        145       0.807786           90.0
         100        145       0.848722           90.0
         100        145       0.850739           75.0
         100        145       0.852205          120.0
         100        145       0.853941          270.0
         100        145       0.856750           90.0
         100        145       0.858014           75.0
         100        145       0.865872           90.0
         100        145       0.867157           75.0
         100        145       0.868413          105.0
         100        145       0.875102           90.0
         100        145       0.879760           75.0
         100        145       0.882768          105.0
         100        145       0.884479          285.0
         100        145       0.887863            0.0
         100        145       0.887863           90.0
         100        145       0.889757          105.0
         100        145       0.893562           90.0
         100        145       0.900200           45.0
         100        145       0.911621           90.0
         100        145       0.941317           90.0
         100        145       1.098262           90.0
         100        145       1.099370          105.0
         100        145       1.100410           90.0
         100        145       1.109836          270.0
         100        145       1.111022           75.0
         100        145       1.117202           75.0
         100        145       1.124727           90.0
         100        145       1.125819           75.0
         100        145       1.134004           90.0
         100        145       1.135120          105.0
         100        145       1.143096          105.0
         100        145       1.144256           60.0
         100        145       1.151950           60.0
         100        145       1.239773           90.0
         100        145       1.241227           75.0
         100        145       1.246539           90.0
         100        145       1.247877           75.0
         100        145       1.248969           90.0
         100        145       1.251570           90.0
         100        145       1.253793           90.0
         100        145       1.255127          105.0
         100        145       1.256144           90.0
         100        145       1.257188           75.0
         100        145       1.258730           90.0
         100        145       1.260758           90.0
         100        145       1.267664           90.0
         100        145       1.269933           90.0
         100        145       1.270999           75.0
         100        145       1.274512           90.0
         100        145       1.275668          270.0
         100        145       1.276819           75.0
         100        145       1.281379           90.0
         100        145       1.282523          270.0
         100        145       1.283652           90.0
         100        145       1.288242           90.0
         100        145       1.290387          270.0
         100        145       1.295207           90.0
         100        145       1.302913          105.0
         100        145       1.331675           45.0
         100        145       1.335006           60.0
         100        145       1.343871           90.0
         100        145       1.379174          105.0
         100        145       1.383230          270.0
         100        145       1.384364           90.0
         100        145       1.385405           75.0
         100        145       1.393354          105.0
         100        145       1.403411           75.0
         100        145       1.413168           90.0
         100        145       1.414917          105.0
         100        145       1.416668           75.0
         100        145       1.423652           90.0
         100        145       1.498137           90.0
         100        145       1.509829           90.0
         100        145       1.511555           75.0
         100        145       1.515457           90.0
         100        145       1.517973           90.0
         100        145       1.521113           90.0
         100        145       1.525769           90.0
         100        145       1.535484          270.0
         100        145       1.613657           90.0
         100        145       1.755144           90.0
         100        145       1.765094           90.0
         100        145       1.774652           90.0
         100        145       1.784450           90.0
         100        145       1.794715           90.0
         100        145       1.804578           90.0
         100        145       2.031667          105.0
         100        145       2.058769           90.0
         100        145       2.059876           75.0
         100        145       2.191790           90.0
         100        145       2.192981          270.0
         100        145       2.202172           90.0
         100        145       2.203520           75.0
         100        145       2.204562           90.0
         100        145       2.210973           90.0
         100        145       2.212020           75.0
         100        145       2.228891           90.0
         100        145       2.230221           75.0
         100        145       2.239617           90.0
         100        145       2.240657          105.0
         100        145       2.248281           90.0
         100        145       2.249313           75.0
         100        145       2.437929           90.0
         100        145       2.460856           90.0
         100        145       2.469981           90.0
         100        145       2.471034           75.0
         100        145       2.488094           90.0
         100        145       2.489422          105.0
         100        145       2.490914           90.0
         100        145       2.525992           90.0
         100        145       2.543113           90.0
         100        145       2.561765           90.0
         100        145       2.580235           90.0
         100        145       2.581303           75.0
         100        145       2.600828           90.0
         100        145       2.620457           90.0
         100        145       2.621815           75.0
         100        145       2.623458           90.0
         100        145       2.640805           90.0
         100        145       2.675250           90.0
         100        145       2.714105           90.0
         100        145       2.715821           75.0
         100        145       2.734094           90.0
         100        145       2.756695           90.0
         100        145       2.780988           90.0
         100        145       2.782665           75.0
         100        145       2.802578           90.0
         100        145       2.985118           90.0
         100        145       2.998036           90.0
         105        150       0.000471           75.0
         105        150       0.008159          165.0
         105        150       0.010692          330.0
         105        150       0.014527          270.0
         105        150       0.019899           75.0
         105        150       0.023211           90.0
         105        150       0.030751          105.0
         105        150       0.034444          285.0
         105        150       0.037000           75.0
         105        150       0.044473           90.0
         105        150       0.049230           90.0
         105        150       0.054929           90.0
         105        150       0.059527           90.0
         105        150       0.061278          105.0
         105        150       0.064723          120.0
         105        150       0.072383          270.0
         105        150       0.074399           75.0
         105        150       0.091516           90.0
         105        150       0.124414          300.0
         105        150       0.346915           90.0
         105        150       0.351926          105.0
         105        150       0.353086           45.0
         105        150       0.360702           75.0
         105        150       0.364541           60.0
         105        150       0.366618           90.0
         105        150       0.368377           75.0
         105        150       0.369657           90.0
         105        150       0.373016           90.0
         105        150       0.375924           75.0
         105        150       0.379012           90.0
         105        150       0.385149           90.0
         105        150       0.391304           90.0
         105        150       0.393127           75.0
         105        150       0.398071           90.0
         105        150       0.406168           90.0
         105        150       0.410348           90.0
         105        150       0.412894           90.0
         105        150       0.417473           90.0
         105        150       0.420543           60.0
         105        150       0.420543           75.0
         105        150       0.421746          105.0
         105        150       0.423992           90.0
         105        150       0.431036           45.0
         105        150       0.432528           75.0
         105        150       0.438375           90.0
         105        150       0.439624           75.0
         105        150       0.441430           90.0
         105        150       0.445536           90.0
         105        150       0.446608           75.0
         105        150       0.454877          105.0
         105        150       0.456090           90.0
         105        150       0.459583           90.0
         105        150       0.460821          270.0
         105        150       0.474582           90.0
         105        150       0.490280           75.0
         105        150       0.491547           90.0
         105        150       0.495272           15.0
         105        150       0.498751           15.0
         105        150       0.500436           60.0
         105        150       0.501625           90.0
         105        150       0.505247          180.0
         105        150       0.507102          105.0
         105        150       0.507102          165.0
         105        150       0.508340           90.0
         105        150       0.518016            0.0
         105        150       0.518016          345.0
         105        150       0.550890          270.0
         105        150       0.559325           90.0
         105        150       0.565418           90.0
         105        150       0.568273           90.0
         105        150       0.584770            0.0
         105        150       0.589937           90.0
         105        150       0.594827          195.0
         105        150       0.602808          270.0
         105        150       0.604024           90.0
         105        150       0.608137           90.0
         105        150       0.616743           90.0
         105        150       0.669363          180.0
         105        150       0.675875           90.0
         105        150       0.683043           75.0
         105        150       0.690073          195.0
         105        150       0.697058           90.0
         105        150       0.727479           75.0
         105        150       0.888872           90.0
         105        150       0.890206           75.0
         105        150       0.891508           90.0
         105        150       0.894489           90.0
         105        150       0.898059           90.0
         105        150       0.899374           75.0
         105        150       0.900708           90.0
         105        150       0.907325           90.0
         105        150       0.908801          300.0
         105        150       0.909989           75.0
         105        150       0.911041           60.0
         105        150       0.916485           90.0
         105        150       0.917840           75.0
         105        150       0.919040          285.0
         105        150       0.920266           45.0
         105        150       0.927004           75.0
         105        150       0.928379           60.0
         105        150       0.929397           75.0
         105        150       0.936124           75.0
         105        150       0.937458           90.0
         105        150       0.943941           90.0
         105        150       0.945288           75.0
         105        150       0.953500           75.0
         105        150       0.954559           60.0
         105        150       0.968790           15.0
         105        150       0.990639           75.0
         105        150       0.991683           90.0
         105        150       0.992807           75.0
         105        150       0.994990          120.0
         105        150       0.999438           90.0
         105        150       1.000524           75.0
         105        150       1.008437           90.0
         105        150       1.009526           75.0
         105        150       1.014226           90.0
         105        150       1.017569          285.0
         105        150       1.018646          300.0
         105        150       1.019695          270.0
         105        150       1.026293           90.0
         105        150       1.027352           75.0
         105        150       1.035063           90.0
         105        150       1.036106           75.0
         105        150       1.041323           15.0
         105        150       1.043821           90.0
         105        150       1.045211           60.0
         105        150       1.045211           75.0
         105        150       1.046276           45.0
         105        150       1.052429           90.0
         105        150       1.053665          285.0
         105        150       1.054868           90.0
         105        150       1.061000           90.0
         105        150       1.062401           75.0
         105        150       1.063411           90.0
         105        150       1.069453          285.0
         105        150       1.070654           60.0
         105        150       1.071747           75.0
         105        150       1.078219           90.0
         105        150       1.081454           90.0
         105        150       1.086829           90.0
         105        150       1.087926           75.0
         105        150       1.089020           90.0
         105        150       1.095520           75.0
         105        150       1.096473          270.0
         105        150       1.097656           90.0
         105        150       1.098805           60.0
         105        150       1.105155           75.0
         105        150       1.116449           90.0
         105        150       1.121215          105.0
         105        150       1.132481           75.0
         105        150       1.148855           90.0
         105        150       1.150229           75.0
         105        150       1.157902           90.0
         105        150       1.159247           75.0
         105        150       1.166817           75.0
         105        150       1.175917          285.0
         105        150       1.178436           60.0
         105        150       1.184858           75.0
         105        150       1.186512           90.0
         105        150       1.188643           75.0
         105        150       1.194156           90.0
         105        150       1.196063          105.0
         105        150       1.197516           75.0
         105        150       1.203164           90.0
         105        150       1.204680           75.0
         105        150       1.212268           75.0
         105        150       1.221293           90.0
         105        150       1.222997           75.0
         105        150       1.225491           75.0
         105        150       1.241088           75.0
         105        150       1.251930           90.0
         105        150       1.257583           90.0
         105        150       1.259290           75.0
         105        150       1.266742           90.0
         105        150       1.268391          300.0
         105        150       1.275937           90.0
         105        150       1.285149           90.0
         105        150       1.294485           90.0
         105        150       1.296225           60.0
         105        150       1.298288           75.0
         105        150       1.299961           90.0
         105        150       1.313036           90.0
         105        150       1.325790           75.0
         105        150       1.325790           90.0
         105        150       1.331121          300.0
         105        150       1.364652           90.0
         105        150       1.365797            0.0
         105        150       1.549730           90.0
         105        150       1.558922           90.0
         105        150       1.568227           90.0
         105        150       1.577648           90.0
         105        150       1.602640           90.0
         105        150       1.633633           90.0
         105        150       1.643570           90.0
         105        150       1.644674           75.0
         105        150       2.389152           90.0
         105        150       2.390485           75.0
         105        150       2.391735           90.0
         105        150       2.393627           75.0
         105        150       2.400063           60.0
         105        150       2.401922           90.0
         105        150       2.405418           90.0
         105        150       2.413926           75.0
         105        150       2.413926           90.0
         105        150       2.415446          105.0
         105        150       2.422086           90.0
         105        150       2.423477          270.0
         105        150       2.424909          135.0
         105        150       2.430391          285.0
         105        150       2.431551           90.0
         105        150       2.432606           75.0
         105        150       2.438109           90.0
         105        150       2.440813           90.0
         105        150       2.441879           75.0
         105        150       2.446340           90.0
         105        150       2.447432           75.0
         105        150       2.448506          105.0
         105        150       2.452254          300.0
         105        150       2.454633           90.0
         105        150       2.455727           75.0
         105        150       2.458943           60.0
         105        150       2.466730           90.0
         105        150       2.471907           90.0
         105        150       2.480805           75.0
         105        150       2.483839           75.0
         105        150       2.490208          270.0
         105        150       2.490208          285.0
         105        150       2.490208          300.0
         105        150       2.490208          315.0
         105        150       2.512863           90.0
         105        150       2.555969           90.0
         105        150       2.622424           75.0
         105        150       2.631676           90.0
         105        150       2.632971           75.0
         105        150       2.641122           90.0
         105        150       2.642297          270.0
         105        150       2.643383          285.0
         105        150       2.648133           60.0
         105        150       2.650734           90.0
         105        150       2.651821           75.0
         105        150       2.652828           90.0
         105        150       2.653883           75.0
         105        150       2.657379           90.0
         105        150       2.660356           90.0
         105        150       2.661426           75.0
         105        150       2.662461           90.0
         105        150       2.670071           90.0
         105        150       2.671178           75.0
         105        150       2.672299           60.0
         105        150       2.673344           90.0
         105        150       2.679692           90.0
         105        150       2.683333           90.0
         105        150       2.697127           15.0
         105        150       2.698950           90.0
         105        150       2.708797          270.0
         105        150       2.708797          285.0
         105        150       2.709924          300.0
         105        150       2.718469          270.0
         105        150       2.729395           75.0
         105        150       2.765918           90.0
         105        150       2.776090           90.0
         105        150       2.777424           75.0
         105        150       2.779054           90.0
         105        150       2.781051           75.0
         105        150       2.783165           90.0
         105        150       2.785493           75.0
         105        150       2.788398           90.0
         105        150       2.791776           75.0
         105        150       2.796488           90.0
         105        150       2.800141           90.0
         105        150       2.803918           75.0
         105        150       2.806137           90.0
         105        150       2.809924           75.0
         105        150       2.888122            0.0
         110        155       0.006262           75.0
         110        155       0.010899          270.0
         110        155       0.010899          300.0
         110        155       0.015985           90.0
         110        155       0.025590           90.0
         110        155       0.053960          105.0
         110        155       0.151320           90.0
         110        155       0.156581           75.0
         110        155       0.158793          315.0
         110        155       0.169957           90.0
         110        155       0.197007           75.0
         110        155       0.198059           90.0
         110        155       0.202526          285.0
         110        155       0.207526           75.0
         110        155       0.208787           60.0
         110        155       0.217711           90.0
         110        155       0.238658           60.0
         110        155       0.244733           75.0
         110        155       0.255594           75.0
         110        155       0.263536           75.0
         110        155       0.264918           90.0
         110        155       0.265975           75.0
         110        155       0.269780           75.0
         110        155       0.271278            0.0
         110        155       0.272573           75.0
         110        155       0.275051           75.0
         110        155       0.276672          180.0
         110        155       0.281592           75.0
         110        155       0.283973           75.0
         110        155       0.283973           90.0
         110        155       0.291508           90.0
         110        155       0.296284           15.0
         110        155       0.299075           75.0
         110        155       0.308571           75.0
         110        155       0.317723          300.0
         110        155       0.333676           60.0
         110        155       0.337981           75.0
         110        155       0.395726           90.0
         110        155       0.400035            0.0
         110        155       0.401346           75.0
         110        155       0.404872           75.0
         110        155       0.404872           90.0
         110        155       0.413417           75.0
         110        155       0.417811           45.0
         110        155       0.420439          135.0
         110        155       0.423094           90.0
         110        155       0.503633           75.0
         110        155       0.503633           90.0
         110        155       0.664257           75.0
         110        155       0.703483           75.0
         110        155       0.711717           75.0
         110        155       0.713032           90.0
         110        155       0.721268           75.0
         110        155       0.725647           60.0
         110        155       0.730776           75.0
         110        155       0.732059           90.0
         110        155       0.740354           75.0
         110        155       0.750571           75.0
         110        155       0.750571           90.0
         110        155       0.756065           75.0
         110        155       0.796584           75.0
         110        155       0.800346           75.0
         110        155       0.805704           75.0
         110        155       0.805704           90.0
         110        155       0.808239           75.0
         110        155       0.814852           75.0
         110        155       0.819504           75.0
         110        155       0.824155           75.0
         110        155       0.826225           30.0
         110        155       0.829403           75.0
         110        155       0.829403           90.0
         110        155       0.833621           90.0
         110        155       0.838821           90.0
         110        155       0.839924           75.0
         110        155       0.840991           45.0
         110        155       0.842637           90.0
         110        155       0.847944           75.0
         110        155       0.849973           60.0
         110        155       0.852116           75.0
         110        155       1.065788           75.0
         110        155       1.075823           75.0
         110        155       1.085922           75.0
         110        155       1.085922           90.0
         110        155       1.102207            0.0
         110        155       1.235764           75.0
         110        155       1.283979           75.0
         110        155       1.285264           60.0
         110        155       1.305626           75.0
         110        155       1.305626           90.0
         110        155       1.312083           90.0
         110        155       1.313508           45.0
         110        155       1.313508           60.0
         110        155       1.313508           75.0
         110        155       1.321784           75.0
         110        155       1.330729           75.0
         110        155       1.332137           60.0
         110        155       1.417959           75.0
         110        155       1.418994           60.0
         110        155       1.427657           75.0
         110        155       1.437264           75.0
         110        155       1.727819           75.0
         110        155       1.744459           75.0
         110        155       1.747777           90.0
         110        155       1.751211           75.0
         110        155       1.754469           75.0
         110        155       1.759784           75.0
         110        155       1.761129           90.0
         110        155       1.762161           75.0
         110        155       1.763356          225.0
         110        155       1.766313           90.0
         110        155       1.767479           75.0
         110        155       1.779227           90.0
         110        155       1.839442           90.0
         110        155       1.875324           90.0
         110        155       1.891106           60.0
         110        155       1.907790           75.0
         110        155       1.907790           90.0
         110        155       1.915729           75.0
         110        155       1.920650          120.0
         110        155       1.920650          150.0
         110        155       1.921973           75.0
         110        155       1.928752           75.0
         110        155       1.939200           75.0
         110        155       1.942911           75.0
         110        155       1.944432           60.0
         110        155       1.947342           75.0
         110        155       1.965604           75.0
         110        155       1.969053           75.0
         110        155       1.972241           45.0
         110        155       1.975721           75.0
         110        155       1.979596           75.0
         110        155       1.989778           90.0
         110        155       1.991413           75.0
         110        155       2.565946          195.0
         110        155       2.567116           75.0
         110        155       2.579895           75.0
         110        155       2.579895           90.0
         110        155       2.599020           75.0
         110        155       2.600848           60.0
         110        155       2.600848           90.0
         110        155       2.601991           75.0
         110        155       2.609972           90.0
         110        155       2.618696           75.0
         110        155       2.618696           90.0
         110        155       2.624928          105.0
         110        155       2.628516           90.0
         110        155       2.630045           75.0
         110        155       2.726559           75.0
         110        155       2.727989           90.0
         110        155       2.736360           75.0
         110        155       2.737804           90.0
         110        155       2.741320           90.0
         110        155       2.746081           75.0
         110        155       2.755683           90.0
         110        155       2.761696          120.0
         110        155       2.765303           75.0
         110        155       2.774926          270.0
         110        155       2.778991           75.0
         110        155       2.784538           75.0
         110        155       2.786143           60.0
         110        155       2.788467           60.0
         110        155       2.793876           75.0
         110        155       2.793876           90.0
         110        155       2.795494           60.0
         110        155       2.797848           75.0
         110        155       2.798936           60.0
         110        155       2.801086           75.0
         110        155       2.803082          285.0
         110        155       2.808278            0.0
         110        155       2.808278           30.0
         110        155       2.811512           90.0
         110        155       2.812606           75.0
         110        155       2.823149           75.0
         110        155       2.829040          315.0
         110        155       2.832632           75.0
         110        155       2.838463          285.0
         110        155       2.841012           90.0
         110        155       2.842073           75.0
         110        155       2.843145           90.0
         110        155       2.844817           75.0
         110        155       2.846776          195.0
         110        155       2.847883          270.0
         110        155       2.851702           15.0
         110        155       2.858608           75.0
         110        155       2.859608           15.0
         110        155       2.944887           75.0
         110        155       2.947971           75.0
         110        155       2.954793           75.0
         110        155       2.956395           90.0
         110        155       2.964055           75.0
         110        155       2.966152           90.0
         110        155       2.973959           75.0
         110        155       2.984282           75.0
         110        155       2.984282           90.0
         110        155       2.989100           75.0
         110        155       2.996539           75.0
         110        155       2.998484           90.0
         115        160       0.437905           75.0
         115        160       0.446749           75.0
         115        160       0.455249           75.0
         115        160       0.456942           90.0
         115        160       0.460861           30.0
         115        160       0.463762           75.0
         115        160       0.464813           90.0
         115        160       0.469383           30.0
         115        160       0.472350          285.0
         115        160       0.474114           60.0
         115        160       0.475354           75.0
         115        160       0.483592           75.0
         115        160       0.516543           75.0
         115        160       0.526137           75.0
         115        160       0.527483          285.0
         115        160       0.533643           75.0
         115        160       0.543415           75.0
         115        160       0.543415           90.0
         115        160       0.549104           75.0
         115        160       0.557507           75.0
         115        160       0.558866          285.0
         115        160       0.565125          285.0
         115        160       0.570453           90.0
         115        160       0.600929           90.0
         115        160       0.605629           90.0
         115        160       0.606698           75.0
         115        160       0.623461           75.0
         115        160       0.624653           90.0
         115        160       0.808237           75.0
         115        160       0.818784           75.0
         115        160       0.826622           75.0
         115        160       0.830111           60.0
         115        160       0.834428           75.0
         115        160       0.837856           60.0
         115        160       0.838960           75.0
         115        160       0.841239           75.0
         115        160       0.842265           90.0
         115        160       0.847836           30.0
         115        160       0.848953           60.0
         115        160       0.850067           75.0
         115        160       0.851173           45.0
         115        160       0.852743           75.0
         115        160       0.855604           45.0
         115        160       0.857909           75.0
         115        160       0.859383           60.0
         115        160       0.860538           75.0
         115        160       0.861652           90.0
         115        160       0.862889           60.0
         115        160       0.865768           60.0
         115        160       0.866918           75.0
         115        160       0.896961           30.0
         115        160       0.896961           45.0
         115        160       0.896961           60.0
         115        160       0.900382           75.0
         115        160       0.901434           60.0
         115        160       0.901434           90.0
         115        160       0.908135           75.0
         115        160       0.909183           90.0
         115        160       0.910251           60.0
         115        160       0.911335           75.0
         115        160       0.913725           75.0
         115        160       0.915877           60.0
         115        160       0.916915           45.0
         115        160       0.917944           75.0
         115        160       0.919051           60.0
         115        160       0.920508           30.0
         115        160       0.921522           75.0
         115        160       0.925735           60.0
         115        160       0.926821           45.0
         115        160       0.928254           60.0
         115        160       0.932481           60.0
         115        160       0.933534           75.0
         115        160       0.934596           60.0
         115        160       0.936007           75.0
         115        160       0.939290           75.0
         115        160       0.940307           60.0
         115        160       0.941344           75.0
         115        160       0.949141           75.0
         115        160       0.950201           60.0
         115        160       0.952368           30.0
         115        160       0.955885           75.0
         115        160       0.956950           60.0
         115        160       0.959799           60.0
         115        160       0.962592           60.0
         115        160       0.962592           75.0
         115        160       0.964662           60.0
         115        160       0.968891           30.0
         115        160       0.971284           75.0
         115        160       0.980432           75.0
         115        160       0.986483           75.0
         115        160       0.987992           90.0
         115        160       0.995551           90.0
         115        160       1.000540           75.0
         115        160       1.001611           60.0
         115        160       1.009774          270.0
         115        160       1.025859            0.0
         115        160       1.027782          105.0
         115        160       1.035179           90.0
         115        160       1.157376           75.0
         115        160       1.177690           75.0
         115        160       1.178707           90.0
         115        160       1.187147           75.0
         115        160       1.197198           75.0
         115        160       1.208959           75.0
         115        160       1.282878           75.0
         115        160       1.293792           75.0
         115        160       1.370042           75.0
         115        160       2.067418           75.0
         115        160       2.067418           90.0
         115        160       2.077022           75.0
         115        160       2.085626           75.0
         115        160       2.085626           90.0
         115        160       2.094319           75.0
         115        160       2.101934           75.0
         115        160       2.103145           90.0
         115        160       2.105527           90.0
         115        160       2.112936           75.0
         115        160       2.114367           90.0
         115        160       2.115897           75.0
         115        160       2.119772           75.0
         115        160       2.120915           90.0
         115        160       2.123266           75.0
         115        160       2.124684           60.0
         115        160       2.124684           90.0
         115        160       2.129799           75.0
         115        160       2.137706           75.0
         115        160       2.140061           75.0
         115        160       2.142405          105.0
         115        160       2.144489           90.0
         115        160       2.149743           45.0
         115        160       2.149743           60.0
         115        160       2.149743           75.0
         115        160       2.152053           75.0
         115        160       2.153395           45.0
         115        160       2.153395           60.0
         115        160       2.162268           75.0
         115        160       2.167985           90.0
         115        160       2.169834           75.0
         115        160       2.171161           90.0
         115        160       2.176893          210.0
         115        160       2.370778           75.0
         115        160       2.380518           75.0
         115        160       2.390463           75.0
         115        160       2.935459           75.0
         115        160       2.944098           75.0
         115        160       2.961649           60.0
         115        160       2.961649           75.0
         115        160       2.964491           75.0
         115        160       2.970559           75.0
         115        160       2.979389           75.0
         115        160       2.988891           75.0
         115        160       2.991239           90.0
         115        160       2.993586           30.0
         115        160       2.999190           75.0
         120        165       0.373668           60.0
         120        165       0.457846           75.0
         120        165       0.520180           75.0
         120        165       0.521313           60.0
         120        165       0.529161           75.0
         120        165       0.529161           90.0
         120        165       0.534361           60.0
         120        165       0.536822           60.0
         120        165       0.540192           75.0
         120        165       0.542196           60.0
         120        165       0.542196           90.0
         120        165       0.543203           75.0
         120        165       0.544317           45.0
         120        165       0.545317           60.0
         120        165       0.549727           75.0
         120        165       0.550744           60.0
         120        165       0.551782           75.0
         120        165       0.555081           75.0
         120        165       0.558350           75.0
         120        165       0.559369           60.0
         120        165       0.564667           75.0
         120        165       0.566061           60.0
         120        165       0.572801           60.0
         120        165       0.581530           75.0
         120        165       0.588016           60.0
         120        165       0.589336           75.0
         120        165       0.589336           90.0
         120        165       0.590741           45.0
         120        165       0.596159           75.0
         120        165       0.597182           60.0
         120        165       0.604040           90.0
         120        165       0.607030           45.0
         120        165       0.612112           75.0
         120        165       0.795342           60.0
         120        165       0.796422           75.0
         120        165       0.796422           90.0
         120        165       0.797489           60.0
         120        165       0.798602           75.0
         120        165       0.805993           60.0
         120        165       0.805993           75.0
         120        165       0.813913           75.0
         120        165       0.819914           75.0
         120        165       0.824372           90.0
         120        165       0.831605            0.0
         120        165       0.841106           15.0
         120        165       0.841106           30.0
         120        165       0.841106           60.0
         120        165       0.841106           75.0
         120        165       1.257334           60.0
         120        165       1.403508           90.0
         120        165       1.404942           15.0
         120        165       1.404942           75.0
         120        165       1.692438           75.0
         120        165       1.824032           75.0
         120        165       1.825646           60.0
         120        165       1.833731           75.0
         120        165       2.115348          285.0
         120        165       2.118114          120.0
         120        165       2.118114          135.0
         120        165       2.119959           60.0
         120        165       2.171086           75.0
         120        165       2.171086           90.0
         120        165       2.207715           60.0
         120        165       2.209325           45.0
         120        165       2.219203           60.0
         120        165       2.229321           45.0
         120        165       2.229321           60.0
         120        165       2.232080           60.0
         120        165       2.237629           75.0
         120        165       2.238860           90.0
         120        165       2.240227           75.0
         120        165       2.242371           90.0
         120        165       2.248399           75.0
         120        165       2.249622           60.0
         120        165       2.251313           90.0
         120        165       2.254766           60.0
         120        165       2.263055          285.0
         120        165       2.266096           75.0
         120        165       2.267628          345.0
         120        165       2.271159           75.0
         120        165       2.280684           60.0
         120        165       2.302110           45.0
         120        165       2.302110           60.0
         120        165       2.308594           90.0
         120        165       2.325936           60.0
         120        165       2.328705           60.0
         120        165       2.353790           75.0
         120        165       2.375127           60.0
         120        165       2.382356           60.0
         120        165       2.390407          225.0
         120        165       2.390407          240.0
         120        165       2.408600           75.0
         120        165       2.579247           75.0
         120        165       2.591287           60.0
         120        165       2.795957           60.0
         120        165       2.798045           60.0
         120        165       2.816135           75.0
         120        165       2.817248           60.0
         120        165       2.826883           75.0
         120        165       2.838272           75.0
         120        165       2.841940           75.0
         120        165       2.849200           75.0
         120        165       2.852042           75.0
         120        165       2.860257           75.0
         120        165       2.863092           75.0
         120        165       2.864635           60.0
         120        165       2.871247           75.0
         120        165       2.872314           60.0
         120        165       2.874069           75.0
         120        165       2.875649           60.0
         120        165       2.882329           75.0
         120        165       2.893852           60.0
         120        165       2.895749           75.0
         120        165       2.907882           75.0
         120        165       2.908971           60.0
         120        165       2.916774           75.0
         120        165       2.917836           60.0
         120        165       2.928145           75.0
         120        165       2.929180           60.0
         120        165       2.930475           75.0
         120        165       2.962739           75.0
         125        170       0.071784           75.0
         125        170       1.951782            0.0
         125        170       1.976921           75.0
         125        170       1.983533           60.0
         125        170       2.019122           75.0
         125        170       2.020891          300.0
         125        170       2.023092           75.0
         125        170       2.027557           15.0
         125        170       2.029594           75.0
         125        170       2.029594           90.0
         125        170       2.031149            0.0
         125        170       2.040533           60.0
         125        170       2.042584           60.0
         125        170       2.049053           75.0
         125        170       2.053559           15.0
         125        170       2.055611           60.0
         125        170       2.056672           75.0
         125        170       2.063170           75.0
         125        170       2.068563           75.0
         125        170       2.069665           45.0
         125        170       2.069665           60.0
         125        170       2.069665           90.0
         125        170       2.075073           75.0
         125        170       2.077569           75.0
         125        170       2.082657           60.0
         125        170       2.084049           75.0
         125        170       2.089149           60.0
         125        170       2.092442           75.0
         125        170       2.095675           45.0
         125        170       2.097064           60.0
         125        170       2.102176           30.0
         125        170       2.102176           60.0
         125        170       2.103579           75.0
         125        170       2.107569           75.0
         125        170       2.108650           60.0
         125        170       2.110049           75.0
         125        170       2.112674          300.0
         125        170       2.114024           75.0
         125        170       2.115111           60.0
         125        170       2.120467           75.0
         125        170       2.122947           60.0
         125        170       2.127235           45.0
         125        170       2.127235           60.0
         125        170       2.128489          285.0
         125        170       2.128489          300.0
         125        170       2.133645           75.0
         125        170       2.139657           60.0
         125        170       2.141467           75.0
         125        170       2.142828           90.0
         125        170       2.146482           60.0
         125        170       2.147844           75.0
         125        170       2.149239           90.0
         125        170       2.154262           90.0
         125        170       2.155836          285.0
         125        170       2.160726           90.0
         125        170       2.162293          270.0
         125        170       2.163637          300.0
         125        170       2.171893           75.0
         125        170       2.176450           30.0
         125        170       2.178376           90.0
         125        170       2.179497           75.0
         125        170       2.180889           60.0
         125        170       2.182977           75.0
         125        170       2.185008           60.0
         125        170       2.186049           75.0
         125        170       2.187438           60.0
         125        170       2.192594           60.0
         125        170       2.193963           75.0
         125        170       2.195127          285.0
         125        170       2.199111           60.0
         125        170       2.201665          285.0
         125        170       2.206991           75.0
         125        170       2.208163          285.0
         125        170       2.209370           75.0
         125        170       2.212127           60.0
         125        170       2.213475           75.0
         125        170       2.215828           30.0
         125        170       2.217560           45.0
         125        170       2.218583           75.0
         125        170       2.219963           60.0
         125        170       2.221257           45.0
         125        170       2.224018           75.0
         125        170       2.225103           60.0
         125        170       2.230506           75.0
         125        170       2.231569           15.0
         125        170       2.232922           90.0
         125        170       2.237010           75.0
         125        170       2.238103           60.0
         125        170       2.239426           90.0
         125        170       2.240665          285.0
         125        170       2.244645           60.0
         125        170       2.245995           45.0
         125        170       2.247157          285.0
         125        170       2.248332           60.0
         125        170       2.252521           60.0
         125        170       2.253565           75.0
         125        170       2.256116          315.0
         125        170       2.258930          285.0
         125        170       2.260114           60.0
         125        170       2.260114           75.0
         125        170       2.261286          270.0
         125        170       2.261286          285.0
         125        170       2.262623           60.0
         125        170       2.263700           45.0
         125        170       2.267870          285.0
         125        170       2.270346           75.0
         125        170       2.274501          300.0
         125        170       2.274501          315.0
         125        170       2.280871          285.0
         125        170       2.282805           75.0
         125        170       2.302725           75.0
         125        170       2.307247           75.0
         125        170       2.309512          210.0
         125        170       2.312467          150.0
         125        170       2.318010           75.0
         125        170       2.320858          285.0
         125        170       2.322034           45.0
         125        170       2.324790           75.0
         125        170       2.328125           90.0
         125        170       2.329282          105.0
         125        170       2.330493           15.0
         125        170       2.330493           75.0
         125        170       2.331592           30.0
         125        170       2.333221          285.0
         125        170       2.334371           60.0
         125        170       2.337779           60.0
         125        170       2.338870           75.0
         125        170       2.339979           60.0
         125        170       2.344651           75.0
         125        170       2.350524           75.0
         125        170       2.351563           60.0
         125        170       2.352667           75.0
         125        170       2.360688           75.0
         125        170       2.361922           45.0
         125        170       2.367629           60.0
         125        170       2.379040           60.0
         125        170       2.380145           75.0
         125        170       2.380145           90.0
         125        170       2.385440           60.0
         125        170       2.387594           75.0
         125        170       2.393648          270.0
         125        170       2.394631           60.0
         125        170       2.397887          180.0
         125        170       2.399530           75.0
         125        170       2.400598           60.0
         125        170       2.401700           75.0
         125        170       2.403567           60.0
         125        170       2.404850           75.0
         125        170       2.407686           60.0
         125        170       2.408782           45.0
         125        170       2.409882           75.0
         125        170       2.426000          300.0
         125        170       2.435584           60.0
         125        170       2.442942           75.0
         125        170       2.448080          150.0
         125        170       2.450801           60.0
         125        170       2.450801           75.0
         125        170       2.457729           75.0
         125        170       2.458768           60.0
         125        170       2.459893           75.0
         125        170       2.465512           75.0
         125        170       2.468503           75.0
         125        170       2.471985          270.0
         125        170       2.473178           75.0
         125        170       2.477204           30.0
         125        170       2.477204           45.0
         125        170       2.482254           75.0
         125        170       2.488653           75.0
         125        170       2.491210           75.0
         125        170       2.492479          225.0
         125        170       2.504607           60.0
         125        170       2.508106           60.0
         125        170       2.515340          300.0
         125        170       2.517139           75.0
         125        170       2.519309          135.0
         125        170       2.519309          150.0
         125        170       2.520994           60.0
         125        170       2.523317          150.0
         125        170       2.525994           60.0
         125        170       2.528782           30.0
         125        170       2.537127          150.0
         125        170       2.542376            0.0
         125        170       2.542376          270.0
         125        170       2.546133          105.0
         125        170       2.595504           60.0
         125        170       2.779678          345.0
         125        170       2.793596           60.0
         125        170       2.794532          120.0
         125        170       2.794532          135.0
         125        170       2.800864           75.0
         125        170       2.801883           60.0
         125        170       2.804403          120.0
         125        170       2.808930           75.0
         125        170       2.816141          120.0
         125        170       2.829219          120.0
         125        170       2.830225          135.0
         125        170       2.832825           75.0
         125        170       2.836083           60.0
         125        170       2.836083           75.0
         125        170       2.837105           90.0
         125        170       2.843096           60.0
         125        170       2.844090           75.0
         125        170       2.851051           75.0
         125        170       2.867889           60.0
         125        170       2.880325           90.0
         125        170       2.885414           90.0
         125        170       2.887284           75.0
         125        170       2.894391           90.0
         125        170       2.897268           75.0
         130        175       0.003502           75.0
         130        175       0.004602           90.0
         130        175       0.007453           75.0
         130        175       0.008786           90.0
         130        175       0.012032           45.0
         130        175       0.012032           60.0
         130        175       0.012032           75.0
         130        175       0.023502           75.0
         130        175       0.027750           30.0
         130        175       0.032562            0.0
         130        175       0.033743           60.0
         130        175       0.037227          195.0
         130        175       0.045141           75.0
         130        175       0.046660            0.0
         130        175       0.139252           30.0
         130        175       0.139252           60.0
         130        175       0.142783           60.0
         130        175       0.180708           75.0
         130        175       0.187989           45.0
         130        175       0.187989           60.0
         130        175       0.195564           60.0
         130        175       0.196598           75.0
         130        175       0.203504           60.0
         130        175       0.203504           75.0
         130        175       0.207875           75.0
         130        175       0.214883           75.0
         130        175       0.217325          180.0
         130        175       0.288334           60.0
         130        175       0.289813          285.0
         130        175       0.291282           75.0
         130        175       0.293428           60.0
         130        175       0.296692           60.0
         130        175       0.297716           45.0
         130        175       0.303020           75.0
         130        175       0.304150          135.0
         130        175       0.305305          285.0
         130        175       0.307852           75.0
         130        175       0.309865           60.0
         130        175       0.315465           75.0
         130        175       0.326840          150.0
         130        175       0.331042           75.0
         130        175       0.332111           60.0
         130        175       0.338750          345.0
         130        175       0.348584           60.0
         130        175       0.354648            0.0
         130        175       0.367215           90.0
         130        175       0.375227           60.0
         130        175       0.375227           75.0
         130        175       0.381702          345.0
         130        175       0.386070            0.0
         130        175       0.415192          180.0
         130        175       0.416928          255.0
         130        175       0.421740          120.0
         130        175       0.439565           75.0
         130        175       0.583434           75.0
         130        175       0.595825            0.0
         130        175       0.597926          180.0
         130        175       0.606036          180.0
         130        175       0.622721           15.0
         130        175       0.634571           30.0
         130        175       0.645109           90.0
         130        175       0.648100          195.0
         130        175       0.661225          195.0
         130        175       0.676883          180.0
         130        175       0.683258            0.0
         130        175       0.706090          180.0
         130        175       0.770108           60.0
         130        175       0.772151           60.0
         130        175       0.785268           30.0
         130        175       0.787471           75.0
         130        175       0.789854           45.0
         130        175       0.793908           60.0
         130        175       0.794858          300.0
         130        175       0.796696           60.0
         130        175       0.798999          135.0
         130        175       0.800108          345.0
         130        175       0.804961           75.0
         130        175       0.808817           45.0
         130        175       0.811299           30.0
         130        175       0.811299           60.0
         130        175       0.812452           75.0
         130        175       0.813671           45.0
         130        175       0.819237           75.0
         130        175       0.821512          345.0
         130        175       0.823770          285.0
         130        175       0.825006           75.0
         130        175       0.832821           60.0
         130        175       0.835346           60.0
         130        175       0.839260           75.0
         130        175       0.844984            0.0
         130        175       0.846780           15.0
         130        175       0.848081           75.0
         130        175       0.849215           45.0
         130        175       0.849215           60.0
         130        175       0.854514           30.0
         130        175       0.855908           60.0
         130        175       0.864293           60.0
         130        175       0.875217           75.0
         130        175       0.877040           90.0
         130        175       0.878264          315.0
         130        175       0.881458           60.0
         130        175       0.887770          180.0
         130        175       0.887770          195.0
         130        175       0.890882          315.0
         130        175       0.918479          120.0
         130        175       0.935014           60.0
         130        175       0.937330          300.0
         130        175       0.937330          330.0
         130        175       0.946904           60.0
         130        175       0.948540           45.0
         130        175       0.948540           75.0
         130        175       0.965029          210.0
         130        175       0.975352           75.0
         130        175       0.978111           60.0
         130        175       0.980129           45.0
         130        175       0.985645           75.0
         130        175       0.992424           60.0
         130        175       0.999024          180.0
         130        175       1.004418           60.0
         130        175       1.004418           75.0
         130        175       1.007215           60.0
         130        175       1.010215          120.0
         130        175       1.011870           75.0
         130        175       1.014061           60.0
         130        175       1.014061           75.0
         130        175       1.026090          345.0
         130        175       1.049094           60.0
         130        175       1.054602           30.0
         130        175       1.058206          105.0
         130        175       1.069507           45.0
         130        175       1.070877           75.0
         130        175       1.080239          300.0
         130        175       1.081422           75.0
         130        175       1.082504           60.0
         130        175       1.088989           60.0
         130        175       1.091075          285.0
         130        175       1.093194           15.0
         130        175       1.121546          345.0
         130        175       1.125101          180.0
         130        175       1.126276          195.0
         130        175       1.169271           60.0
         130        175       1.179895           75.0
         130        175       1.192319           60.0
         130        175       1.201876            0.0
         130        175       1.214987           15.0
         130        175       1.218145          270.0
         130        175       1.218145          285.0
         130        175       1.218145          300.0
         130        175       1.219797           75.0
         130        175       1.229047           75.0
         130        175       1.233766           30.0
         130        175       1.250279           30.0
         130        175       1.307145           60.0
         130        175       1.404145           60.0
         130        175       1.426394          180.0
         130        175       1.436410           90.0
         130        175       1.440793          105.0
         130        175       1.442473           75.0
         130        175       1.451993           75.0
         130        175       1.463457           60.0
         130        175       1.475657           60.0
         130        175       1.488856           15.0
         130        175       1.671424           60.0
         130        175       1.672776           75.0
         130        175       1.677815          105.0
         130        175       1.681899           75.0
         130        175       1.688735           45.0
         130        175       1.688735           60.0
         130        175       1.692235           60.0
         130        175       1.698797          195.0
         130        175       1.698797          210.0
         130        175       1.703497          345.0
         130        175       1.708568           60.0
         130        175       1.711917          285.0
         130        175       1.720444          135.0
         130        175       1.725991           75.0
         130        175       1.858399          285.0
         130        175       1.858399          300.0
         130        175       1.918454          180.0
         130        175       1.943875           60.0
         130        175       1.948822           60.0
         130        175       1.966041          240.0
         130        175       1.986622          300.0
         130        175       2.013745          285.0
         130        175       2.101754            0.0
         130        175       2.113182           60.0
         130        175       2.138622          300.0
         130        175       2.140048          315.0
         130        175       2.186477           75.0
         130        175       2.189434           60.0
         130        175       2.204731           30.0
         130        175       2.215831           15.0
         130        175       2.218602          300.0
         130        175       2.242288          165.0
         130        175       2.298619          300.0
         130        175       2.321414          180.0
         130        175       2.326809           15.0
         130        175       2.366487           15.0
         130        175       2.378631          300.0
         130        175       2.392227           75.0
         130        175       2.568797          195.0
         130        175       2.694243          285.0
         130        175       2.694243          300.0
         130        175       2.716979          255.0
         130        175       2.757914            0.0
         130        175       2.766637          180.0
         130        175       2.797868          300.0
         130        175       2.797868          330.0
         130        175       2.817883          180.0
         130        175       2.821078          195.0
         130        175       2.828906            0.0
         130        175       2.859607           60.0
         130        175       2.861858           75.0
         130        175       2.871807           60.0
         130        175       2.877606          195.0
         130        175       2.889894            0.0
         130        175       2.905118           60.0
         130        175       2.916415          285.0
         130        175       2.924844           75.0
         130        175       2.926385          120.0
         130        175       2.931486           60.0
         130        175       2.935326           60.0
         130        175       2.943950           75.0
         130        175       2.946430           75.0
         130        175       2.946430           90.0
         130        175       2.948646           45.0
         130        175       2.950838           60.0
         130        175       2.952110           45.0
         130        175       2.953822          210.0
         130        175       2.954856           75.0
         130        175       2.960487          285.0
         130        175       2.962877           60.0
         130        175       2.964297          120.0
         130        175       2.965907          210.0
         130        175       2.969501          225.0
         130        175       2.971156           90.0
         130        175       2.975643           60.0
         130        175       2.976778           15.0
         130        175       2.983242            0.0
         130        175       2.993206          105.0
         130        175       2.994776           60.0

======================================================================
Summary:
  True Angle  Best Pred    Error   #Fires   #Input
----------------------------------------------------------------------
           0       180°     180°      295     2500
           5       180°     175°      261     2276
          10       180°     170°      246     2085
          15       165°     150°      173     1568
          20       165°     145°      163     1348
          25       165°     140°       10     1313
          30       150°     120°      154     1362
          35       150°     115°      374     3095
          40       150°     110°      400     2895
          45       150°     105°      492     3449
          50       135°      85°      279     2131
          55       120°      65°      134      938
          60       120°      60°      505     4251
          65       120°      55°      291     2652
          70       105°      35°      310     2286
          75       105°      30°      269     2083
          80       105°      25°      348     3339
          85       105°      20°      350     3265
          90        90°       0°      344     3051
          95        90°       5°      247     2430
         100        90°      10°      141     1219
         105        90°      15°      275     2849
         110        75°      35°      197     1531
         115        75°      40°      154     1262
         120        75°      45°      121      897
         125        75°      50°      209     1813
         130        60°      70°      241     3644

Mean error: 76.1°
Max error:  180.0°
Std error:  55.5°
Success rate: 27/27 (100%)
