LIF SNN Neuron Firing Log — Foci
Parameters: tau_leaky=100us, v_thresh=0.8V
LIF Resolution: 15° per neuron
Date: 2026-03-30 06:04:08
======================================================================
  True Angle  Servo Pos  Fire Time (s)   Neuron Angle
----------------------------------------------------------------------
           0         45       0.000719          180.0
           0         45       0.002354          195.0
           0         45       0.004139          165.0
           0         45       0.007480          180.0
           0         45       0.008559          165.0
           0         45       0.014187          180.0
           0         45       0.018098          180.0
           0         45       0.022304          180.0
           0         45       0.023651          165.0
           0         45       0.024698          195.0
           0         45       0.026192          210.0
           0         45       0.026192          225.0
           0         45       0.026192          240.0
           0         45       0.027239          180.0
           0         45       0.028852          195.0
           0         45       0.030172          180.0
           0         45       0.031778          165.0
           0         45       0.034301          180.0
           0         45       0.035348          195.0
           0         45       0.037219          180.0
           0         45       0.039186          195.0
           0         45       0.040812          180.0
           0         45       0.041864          165.0
           0         45       0.043811          150.0
           0         45       0.045665          180.0
           0         45       0.047315          195.0
           0         45       0.048328          180.0
           0         45       0.050249          195.0
           0         45       0.052192          135.0
           0         45       0.052192          150.0
           0         45       0.052192          165.0
           0         45       0.053805          180.0
           0         45       0.060297          180.0
           0         45       0.061339          165.0
           0         45       0.063811          165.0
           0         45       0.066808          180.0
           0         45       0.073321          180.0
           0         45       0.079833          180.0
           0         45       0.081327          255.0
           0         45       0.086313          180.0
           0         45       0.087797          210.0
           0         45       0.092782          180.0
           0         45       0.100172          255.0
           0         45       0.100172          270.0
           0         45       0.105708          180.0
           0         45       0.109308          180.0
           0         45       0.118562          180.0
           0         45       0.119964          165.0
           0         45       0.121344          270.0
           0         45       0.124949          180.0
           0         45       0.126377          150.0
           0         45       0.127743          180.0
           0         45       0.130828          180.0
           0         45       0.137285          180.0
           0         45       0.143762          180.0
           0         45       0.150316          180.0
           0         45       0.157515          180.0
           0         45       0.160379          180.0
           0         45       0.164137          180.0
           0         45       0.170762          180.0
           0         45       0.171973          195.0
           0         45       0.174629          180.0
           0         45       0.176851          180.0
           0         45       0.179590          210.0
           0         45       0.183476          180.0
           0         45       0.186251          180.0
           0         45       0.188020          195.0
           0         45       0.190282            0.0
           0         45       0.191508           15.0
           0         45       0.191508          345.0
           0         45       0.192832          180.0
           0         45       0.195615           30.0
           0         45       0.195615          240.0
           0         45       0.196872            0.0
           0         45       0.202218          225.0
           0         45       0.208769          180.0
           0         45       0.210364          195.0
           0         45       0.216863          180.0
           0         45       0.220957          180.0
           0         45       0.223387          210.0
           0         45       0.223387          225.0
           0         45       0.227566          180.0
           0         45       0.229914          180.0
           0         45       0.236434          180.0
           0         45       0.238086          165.0
           0         45       0.242976          180.0
           0         45       0.244606          195.0
           0         45       0.249515          180.0
           0         45       0.251188          165.0
           0         45       0.252743          150.0
           0         45       0.254032          180.0
           0         45       0.256090          180.0
           0         45       0.259674          195.0
           0         45       0.262722          180.0
           0         45       0.264199            0.0
           0         45       0.266265          180.0
           0         45       0.275922          180.0
           0         45       0.282704          180.0
           0         45       0.284604          195.0
           0         45       0.285917          165.0
           0         45       0.289555          180.0
           0         45       0.297754          180.0
           0         45       0.299344          195.0
           0         45       0.300625          120.0
           0         45       0.303781          180.0
           0         45       0.304897          225.0
           0         45       0.312518          195.0
           0         45       0.314333            0.0
           0         45       0.317469          180.0
           0         45       0.320347           90.0
           0         45       0.323512          270.0
           0         45       0.325604          195.0
           0         45       0.327433           90.0
           0         45       0.337076          150.0
           0         45       0.338730          180.0
           0         45       0.341860          120.0
           0         45       0.363672          180.0
           0         45       0.387605          180.0
           0         45       0.404227          180.0
           0         45       0.409312           90.0
           0         45       0.409312          180.0
           0         45       0.456254          180.0
           0         45       0.782867          180.0
           0         45       0.793437          180.0
           0         45       0.795820          180.0
           0         45       0.805715          180.0
           0         45       0.961789          180.0
           0         45       0.973520          180.0
           0         45       0.974639          165.0
           0         45       1.524054          180.0
           0         45       1.535973          180.0
           0         45       1.543195          180.0
           0         45       1.642043          180.0
           0         45       1.648270          180.0
           0         45       1.654376          180.0
           0         45       1.666747          180.0
           0         45       1.673101          180.0
           0         45       1.676128          165.0
           0         45       1.679536          180.0
           0         45       1.684764           45.0
           0         45       1.686149          180.0
           0         45       1.691471          210.0
           0         45       1.699022          315.0
           0         45       1.700519          180.0
           0         45       1.701737          195.0
           0         45       1.705965           75.0
           0         45       1.707383          180.0
           0         45       1.708524          195.0
           0         45       1.708524          210.0
           0         45       1.708524          225.0
           0         45       1.828609          180.0
           0         45       1.835051          180.0
           0         45       1.836254          195.0
           0         45       1.840176          180.0
           0         45       1.841594          195.0
           0         45       1.844539          180.0
           0         45       1.848321          180.0
           0         45       1.850327          165.0
           0         45       1.851633          180.0
           0         45       1.853313           15.0
           0         45       1.853313           30.0
           0         45       1.855234          180.0
           0         45       1.856329          195.0
           0         45       1.856329          210.0
           0         45       1.856329          240.0
           0         45       1.859239          165.0
           0         45       1.859239          180.0
           0         45       1.862488          180.0
           0         45       1.864303          165.0
           0         45       1.868825          180.0
           0         45       1.869913          195.0
           0         45       1.879680          165.0
           0         45       1.879680          180.0
           0         45       1.883999          105.0
           0         45       1.888952          345.0
           0         45       1.897417          345.0
           0         45       1.963602          180.0
           0         45       2.054575          180.0
           0         45       2.057008          180.0
           0         45       2.058081          195.0
           0         45       2.059645          180.0
           0         45       2.060803          195.0
           0         45       2.061922          180.0
           0         45       2.063053           75.0
           0         45       2.063053          195.0
           0         45       2.070043          180.0
           0         45       2.072168          180.0
           0         45       2.073383          195.0
           0         45       2.074894          270.0
           0         45       2.079844          180.0
           0         45       2.080917          195.0
           0         45       2.082457          180.0
           0         45       2.083574           90.0
           0         45       2.087547          180.0
           0         45       2.089196          165.0
           0         45       2.095250          180.0
           0         45       2.097520          180.0
           0         45       2.102902          180.0
           0         45       2.110523          180.0
           0         45       2.112737          165.0
           0         45       2.120340          180.0
           0         45       2.121879          195.0
           0         45       2.126083          180.0
           0         45       2.127866          165.0
           0         45       2.136490          210.0
           0         45       2.140551          180.0
           0         45       2.142170          195.0
           0         45       2.145953          120.0
           0         45       2.148062          180.0
           0         45       2.151238          180.0
           0         45       2.155547          180.0
           0         45       2.155547          195.0
           0         45       2.159894          180.0
           0         45       2.161715            0.0
           0         45       2.169426          165.0
           0         45       2.185317          255.0
           0         45       2.190141            0.0
           0         45       2.190141          345.0
           0         45       2.196430          180.0
           0         45       2.197739          330.0
           0         45       2.203164          180.0
           0         45       2.297882          135.0
           0         45       2.297882          315.0
           0         45       2.300218          225.0
           0         45       2.304661          180.0
           0         45       2.304661          195.0
           0         45       2.306590          105.0
           0         45       2.307890           90.0
           0         45       2.307890          180.0
           0         45       2.310312          180.0
           0         45       2.311499          195.0
           0         45       2.312625          240.0
           0         45       2.314863          180.0
           0         45       2.318223          180.0
           0         45       2.318223          255.0
           0         45       2.321766          180.0
           0         45       2.325175          315.0
           0         45       2.327102          180.0
           0         45       2.328231          195.0
           0         45       2.329480          180.0
           0         45       2.330616          165.0
           0         45       2.350165          180.0
           0         45       2.351207          165.0
           0         45       2.362676            0.0
           0         45       2.362676          345.0
           0         45       2.363912          210.0
           0         45       2.363912          240.0
           0         45       2.365077          195.0
           0         45       2.419125          180.0
           0         45       2.430551          180.0
           0         45       2.432363            0.0
           0         45       2.438723          180.0
           0         45       2.440139          195.0
           0         45       2.442981          180.0
           0         45       2.444417          195.0
           0         45       2.447347          180.0
           0         45       2.453062          180.0
           0         45       2.456757          165.0
           0         45       2.459258            0.0
           0         45       2.460372          165.0
           0         45       2.469129          180.0
           0         45       2.498407          150.0
           0         45       2.501449          180.0
           0         45       2.503249          195.0
           0         45       2.504258          180.0
           0         45       2.508809          180.0
           0         45       2.510086           15.0
           0         45       2.511129            0.0
           0         45       2.512297          180.0
           0         45       2.513350          195.0
           0         45       2.515738          180.0
           0         45       2.517227          165.0
           0         45       2.518254          180.0
           0         45       2.519311          195.0
           0         45       2.520336          180.0
           0         45       2.521696          195.0
           0         45       2.524301          180.0
           0         45       2.525352          165.0
           0         45       2.526368          180.0
           0         45       2.528668          180.0
           0         45       2.529715          255.0
           0         45       2.538692          180.0
           0         45       2.540000          195.0
           0         45       2.540973          180.0
           0         45       2.542551          165.0
           0         45       2.542551          195.0
           0         45       2.548847          180.0
           0         45       2.549885          165.0
           0         45       2.553453          180.0
           0         45       2.555434          165.0
           0         45       2.557399          180.0
           0         45       2.562418          180.0
           0         45       2.563481          165.0
           0         45       2.568335           75.0
           0         45       2.569371          180.0
           0         45       2.573067          135.0
           0         45       2.573067          150.0
           0         45       2.573067          165.0
           0         45       2.578979          165.0
           0         45       2.585758          180.0
           0         45       2.587450            0.0
           0         45       2.589507          285.0
           0         45       2.590535          180.0
           0         45       2.593551          180.0
           0         45       2.595260          165.0
           0         45       2.597442          105.0
           0         45       2.597442          120.0
           0         45       2.599715          180.0
           0         45       2.603586          180.0
           0         45       2.606679            0.0
           0         45       2.608144          180.0
           0         45       2.611018          240.0
           0         45       2.613105          180.0
           0         45       2.614282          165.0
           0         45       2.615679          180.0
           0         45       2.621328          165.0
           0         45       2.621328          180.0
           0         45       2.622547            0.0
           0         45       2.626213          195.0
           0         45       2.627738          180.0
           0         45       2.634282          180.0
           0         45       2.643442          180.0
           0         45       2.649179          180.0
           0         45       2.650551          195.0
           0         45       2.656317          195.0
           0         45       2.657657          180.0
           0         45       2.676969           45.0
           0         45       2.676969           60.0
           0         45       2.778414          180.0
           0         45       2.779446          195.0
           0         45       2.783219          180.0
           0         45       2.785625          180.0
           0         45       2.786684          165.0
           0         45       2.787840           15.0
           0         45       2.787840           30.0
           0         45       2.789622          180.0
           0         45       2.791473          195.0
           0         45       2.792450          180.0
           0         45       2.793561          165.0
           0         45       2.796143          195.0
           0         45       2.797934          180.0
           0         45       2.798959          165.0
           0         45       2.801371          180.0
           0         45       2.807747            0.0
           0         45       2.809156          180.0
           0         45       2.812019          180.0
           0         45       2.813112          195.0
           0         45       2.815035          180.0
           0         45       2.819958          105.0
           0         45       2.821133          180.0
           0         45       2.822221          165.0
           0         45       2.824872          180.0
           0         45       2.824872          195.0
           0         45       2.826418          165.0
           0         45       2.827626          180.0
           0         45       2.829424          165.0
           0         45       2.832188          180.0
           0         45       2.833327          165.0
           0         45       2.834793          180.0
           0         45       2.836000          165.0
           0         45       2.837082          180.0
           0         45       2.838598          165.0
           0         45       2.840175           45.0
           0         45       2.841276           15.0
           0         45       2.845797          180.0
           0         45       2.847342          195.0
           0         45       2.850898          180.0
           0         45       2.854151          165.0
           0         45       2.855758          120.0
           0         45       2.858401          210.0
           0         45       2.866344          210.0
           0         45       2.871942          180.0
           0         45       2.875297          180.0
           0         45       2.875297          270.0
           0         45       2.876422           60.0
           0         45       2.881293           90.0
           0         45       2.881293          105.0
           0         45       2.881293          165.0
           0         45       2.881293          180.0
           0         45       2.882430          195.0
           0         45       2.895127          285.0
           0         45       2.895127          345.0
           0         45       2.914926          180.0
           0         45       2.922562          180.0
           0         45       2.925272          165.0
           0         45       2.931575            0.0
           0         45       2.938481          180.0
           0         45       2.939750          195.0
           0         45       2.941766          300.0
           0         45       2.945464           15.0
           0         45       2.946883          180.0
           0         45       2.948118          165.0
           0         45       2.953852          150.0
           0         45       2.955210          195.0
           0         45       2.963286          345.0
           0         45       2.966718           45.0
           0         45       2.975129          210.0
           0         45       2.976229           60.0
           0         45       2.978879          180.0
           5         50       0.000211            0.0
           5         50       0.002079          180.0
           5         50       0.008941          180.0
           5         50       0.010508          210.0
           5         50       0.019118          180.0
           5         50       0.020219          195.0
           5         50       0.020219          210.0
           5         50       0.020219          225.0
           5         50       0.038614          210.0
           5         50       0.039719           90.0
           5         50       0.052918          180.0
           5         50       0.152512          180.0
           5         50       0.162371          180.0
           5         50       0.179625           90.0
           5         50       0.181477            0.0
           5         50       0.240878          165.0
           5         50       0.241992          180.0
           5         50       0.243182          105.0
           5         50       0.243182          165.0
           5         50       0.244325          195.0
           5         50       0.244325          255.0
           5         50       0.250126          180.0
           5         50       0.251211          195.0
           5         50       0.252418          180.0
           5         50       0.254723          210.0
           5         50       0.259415          165.0
           5         50       0.260540          180.0
           5         50       0.260540          195.0
           5         50       0.260540          210.0
           5         50       0.260540          240.0
           5         50       0.261747          225.0
           5         50       0.263975           45.0
           5         50       0.275749           75.0
           5         50       0.405746          180.0
           5         50       0.407944          165.0
           5         50       0.417735          180.0
           5         50       0.477461          180.0
           5         50       0.480594          210.0
           5         50       0.490567          180.0
           5         50       0.499234          180.0
           5         50       0.501198          195.0
           5         50       0.504781          180.0
           5         50       0.505949           90.0
           5         50       0.506969          150.0
           5         50       0.506969          300.0
           5         50       0.509590          180.0
           5         50       0.511504          255.0
           5         50       0.512601          180.0
           5         50       0.515293          180.0
           5         50       0.519868          180.0
           5         50       0.521453          165.0
           5         50       0.529200          180.0
           5         50       0.533836            0.0
           5         50       0.538828          180.0
           5         50       0.541827          165.0
           5         50       0.550399          180.0
           5         50       0.556079          180.0
           5         50       0.557461          195.0
           5         50       0.559700          180.0
           5         50       0.564820          180.0
           5         50       0.565871          195.0
           5         50       0.573043          180.0
           5         50       0.574082          195.0
           5         50       0.575484          180.0
           5         50       0.576953          165.0
           5         50       0.579551            0.0
           5         50       0.580833          180.0
           5         50       0.582157          165.0
           5         50       0.582157          195.0
           5         50       0.585301          165.0
           5         50       0.589106          180.0
           5         50       0.590282            0.0
           5         50       0.594495          165.0
           5         50       0.595749          135.0
           5         50       0.597032          180.0
           5         50       0.604938          180.0
           5         50       0.606352          135.0
           5         50       0.606352          150.0
           5         50       0.609825           45.0
           5         50       0.609825           60.0
           5         50       0.687758          180.0
           5         50       0.688829          165.0
           5         50       0.693640          180.0
           5         50       0.695014          195.0
           5         50       0.696047          180.0
           5         50       0.697219          165.0
           5         50       0.699686           45.0
           5         50       0.701329          180.0
           5         50       0.702711          195.0
           5         50       0.703726          180.0
           5         50       0.705155          195.0
           5         50       0.709344          180.0
           5         50       0.710723          195.0
           5         50       0.712137          180.0
           5         50       0.713124          195.0
           5         50       0.714464          165.0
           5         50       0.717887          180.0
           5         50       0.719145            0.0
           5         50       0.720475           15.0
           5         50       0.724370          315.0
           5         50       0.725989          180.0
           5         50       0.727376          195.0
           5         50       0.727376          210.0
           5         50       0.727376          240.0
           5         50       0.728823          165.0
           5         50       0.732528           90.0
           5         50       0.732528          180.0
           5         50       0.735914          180.0
           5         50       0.736971          165.0
           5         50       0.737988          180.0
           5         50       0.740557          195.0
           5         50       0.743547          180.0
           5         50       0.744600          195.0
           5         50       0.747145          135.0
           5         50       0.747145          150.0
           5         50       0.749578           30.0
           5         50       0.752799          195.0
           5         50       0.752799          210.0
           5         50       0.754230          180.0
           5         50       0.755532          270.0
           5         50       0.756721          165.0
           5         50       0.759452          345.0
           5         50       0.765133          210.0
           5         50       0.767086          180.0
           5         50       0.776793            0.0
           5         50       0.782626          285.0
           5         50       0.785191          180.0
           5         50       0.826144            0.0
           5         50       1.489383          180.0
           5         50       1.490713          165.0
           5         50       1.497825          180.0
           5         50       1.505047          180.0
           5         50       1.506155          165.0
           5         50       1.513125          180.0
           5         50       1.514730            0.0
           5         50       1.523602          180.0
           5         50       1.524934          165.0
           5         50       1.526601          180.0
           5         50       1.581043           15.0
           5         50       1.596629            0.0
           5         50       1.612590          345.0
           5         50       1.613804          180.0
           5         50       1.623559          180.0
           5         50       1.624622          165.0
           5         50       1.634164          180.0
           5         50       1.635700          165.0
           5         50       1.637125          180.0
           5         50       1.643336          210.0
           5         50       1.646281          180.0
           5         50       1.647788          165.0
           5         50       1.655293          345.0
           5         50       1.656488          180.0
           5         50       1.658450          195.0
           5         50       1.665586          180.0
           5         50       1.666979          165.0
           5         50       1.669077          345.0
           5         50       1.670312          180.0
           5         50       1.675918          180.0
           5         50       1.677328          165.0
           5         50       1.678415          180.0
           5         50       1.682083           75.0
           5         50       1.689637            0.0
           5         50       1.695194           15.0
           5         50       1.702988          180.0
           5         50       1.704122            0.0
           5         50       1.717653          180.0
           5         50       1.725012          180.0
           5         50       1.729257          285.0
           5         50       1.753257          225.0
           5         50       1.754391          285.0
           5         50       1.757989          180.0
           5         50       1.759268          165.0
           5         50       1.764698          315.0
           5         50       1.767938          180.0
           5         50       1.775004          180.0
           5         50       1.776145           60.0
           5         50       1.777895          180.0
           5         50       1.779961          180.0
           5         50       1.787992          180.0
           5         50       1.789520          120.0
           5         50       1.789520          150.0
           5         50       1.789520          165.0
           5         50       1.795856          180.0
           5         50       1.799704          180.0
           5         50       1.801001          165.0
           5         50       1.808222          180.0
           5         50       1.809416          150.0
           5         50       1.810813          195.0
           5         50       1.812129          165.0
           5         50       1.813397          135.0
           5         50       1.814594          180.0
           5         50       1.815832          210.0
           5         50       1.817047          180.0
           5         50       1.817047          195.0
           5         50       1.818575          165.0
           5         50       1.821137          150.0
           5         50       1.821137          165.0
           5         50       1.824836           15.0
           5         50       1.825942           45.0
           5         50       1.825942           60.0
           5         50       1.827223           30.0
           5         50       1.831198          195.0
           5         50       1.832473          180.0
           5         50       1.833922          120.0
           5         50       1.835264          330.0
           5         50       1.836394          180.0
           5         50       1.839848          180.0
           5         50       1.841840          195.0
           5         50       1.844024          165.0
           5         50       1.845379          150.0
           5         50       1.845379          180.0
           5         50       1.846729          165.0
           5         50       1.850153          180.0
           5         50       1.851584          195.0
           5         50       1.854660          150.0
           5         50       1.860687          180.0
           5         50       1.862149          210.0
           5         50       1.871226          180.0
           5         50       1.872702          195.0
           5         50       1.874543          180.0
           5         50       1.881769          180.0
           5         50       1.883024          195.0
           5         50       1.884531          180.0
           5         50       1.892379          180.0
           5         50       1.893535            0.0
           5         50       1.895187          180.0
           5         50       1.896807          165.0
           5         50       1.902954            0.0
           5         50       1.904097          180.0
           5         50       1.906954          180.0
           5         50       1.913508          180.0
           5         50       1.914840          165.0
           5         50       1.918147          195.0
           5         50       1.924215          180.0
           5         50       1.925563          165.0
           5         50       1.926563          180.0
           5         50       1.927899          165.0
           5         50       1.930282          105.0
           5         50       1.933308           90.0
           5         50       1.935258          180.0
           5         50       1.936288          195.0
           5         50       1.937297          180.0
           5         50       1.938481            0.0
           5         50       1.938481          285.0
           5         50       1.938481          345.0
           5         50       1.941023          180.0
           5         50       1.944026           60.0
           5         50       1.945719          180.0
           5         50       1.947069          165.0
           5         50       1.948101          180.0
           5         50       1.949157          195.0
           5         50       1.950211          165.0
           5         50       1.950211          180.0
           5         50       1.957524          180.0
           5         50       1.978117          180.0
           5         50       1.979192          165.0
           5         50       1.979192          195.0
           5         50       1.981805          135.0
           5         50       1.981805          150.0
           5         50       1.981805          165.0
           5         50       1.981805          180.0
           5         50       1.988750          180.0
           5         50       1.990163          165.0
           5         50       1.992774          180.0
           5         50       1.993901          105.0
           5         50       1.999290          180.0
           5         50       2.000682          195.0
           5         50       2.003387          180.0
           5         50       2.003387          195.0
           5         50       2.006422            0.0
           5         50       2.010390          180.0
           5         50       2.012918          180.0
           5         50       2.014061          165.0
           5         50       2.020977          180.0
           5         50       2.025422          180.0
           5         50       2.027006          165.0
           5         50       2.029860          195.0
           5         50       2.032348          180.0
           5         50       2.033452          165.0
           5         50       2.037504           30.0
           5         50       2.043441          180.0
           5         50       2.044534          165.0
           5         50       2.054497          180.0
           5         50       2.055577          195.0
           5         50       2.056871           15.0
           5         50       2.060907          180.0
           5         50       2.060907          195.0
           5         50       2.060907          210.0
           5         50       2.060907          225.0
           5         50       2.060907          240.0
           5         50       2.066914          180.0
           5         50       2.070604          210.0
           5         50       2.071640           90.0
           5         50       2.072814          150.0
           5         50       2.074336          180.0
           5         50       2.078429          180.0
           5         50       2.081672          150.0
           5         50       2.088297          180.0
           5         50       2.095753          195.0
           5         50       2.121444          285.0
           5         50       2.221934          180.0
           5         50       2.233250          180.0
           5         50       2.244747          180.0
           5         50       2.255922          180.0
           5         50       2.278626          180.0
           5         50       2.280014          165.0
           5         50       2.291293          180.0
           5         50       2.298463          150.0
           5         50       2.300601          180.0
           5         50       2.302078          165.0
           5         50       2.306352          195.0
           5         50       2.309679           90.0
           5         50       2.309679          180.0
           5         50       2.311898          180.0
           5         50       2.312959          165.0
           5         50       2.317703          150.0
           5         50       2.335828          180.0
           5         50       2.338176          180.0
           5         50       2.340766          180.0
           5         50       2.341792          195.0
           5         50       2.343102            0.0
           5         50       2.344250          180.0
           5         50       2.349484          180.0
           5         50       2.350955          210.0
           5         50       2.352012          180.0
           5         50       2.353063          195.0
           5         50       2.354261          135.0
           5         50       2.354261          315.0
           5         50       2.358613          180.0
           5         50       2.359893          165.0
           5         50       2.367200           75.0
           5         50       2.370368            0.0
           5         50       2.372504          180.0
           5         50       2.374010           60.0
           5         50       2.374010          210.0
           5         50       2.378633          300.0
           5         50       2.382273          180.0
           5         50       2.383543          165.0
           5         50       2.385725          210.0
           5         50       2.390129           60.0
           5         50       2.394351          180.0
           5         50       2.395655          195.0
           5         50       2.399426           90.0
           5         50       2.405743          180.0
           5         50       2.408868          150.0
           5         50       2.412609          180.0
           5         50       2.413852          195.0
           5         50       2.417977          180.0
           5         50       2.419160            0.0
           5         50       2.423727          225.0
           5         50       2.423727          240.0
           5         50       2.423727          255.0
           5         50       2.426424          120.0
           5         50       2.429953          180.0
           5         50       2.433803          165.0
           5         50       2.441883          180.0
           5         50       2.443190          165.0
           5         50       2.453887          180.0
           5         50       2.466613          180.0
           5         50       2.486994           60.0
           5         50       2.490719           90.0
           5         50       2.498963           60.0
          10         55       0.007047          180.0
          10         55       0.016981          180.0
          10         55       0.018090          165.0
          10         55       0.027031          180.0
          10         55       0.028133          165.0
          10         55       0.038241          165.0
          10         55       0.039551          180.0
          10         55       0.040649          105.0
          10         55       0.044523           90.0
          10         55       0.051608          195.0
          10         55       0.053202          105.0
          10         55       0.054346          345.0
          10         55       0.055543           60.0
          10         55       0.059551          180.0
          10         55       0.061067          165.0
          10         55       0.063523           90.0
          10         55       0.067969          180.0
          10         55       0.070051          180.0
          10         55       0.075789          120.0
          10         55       0.078062          180.0
          10         55       0.081534          165.0
          10         55       0.083996          180.0
          10         55       0.089028          180.0
          10         55       0.091875          180.0
          10         55       0.097502           15.0
          10         55       0.099915          180.0
          10         55       0.102183          180.0
          10         55       0.104503          165.0
          10         55       0.105762          135.0
          10         55       0.105762          150.0
          10         55       0.109376           90.0
          10         55       0.111586          180.0
          10         55       0.122461          105.0
          10         55       0.122461          180.0
          10         55       0.124674          210.0
          10         55       0.125887            0.0
          10         55       0.131524          300.0
          10         55       0.150997            0.0
          10         55       0.150997           15.0
          10         55       0.150997           75.0
          10         55       0.150997           90.0
          10         55       0.155749          135.0
          10         55       0.155749          315.0
          10         55       0.182090            0.0
          10         55       0.334751          165.0
          10         55       0.334751          180.0
          10         55       0.337805          180.0
          10         55       0.344902          180.0
          10         55       0.346418          195.0
          10         55       0.348237          285.0
          10         55       0.350738           90.0
          10         55       0.355821          180.0
          10         55       0.357338          165.0
          10         55       0.359141          180.0
          10         55       0.359141          255.0
          10         55       0.367008          180.0
          10         55       0.372729          165.0
          10         55       0.378453          180.0
          10         55       0.381797          165.0
          10         55       0.384187          180.0
          10         55       0.386042          315.0
          10         55       0.390094          180.0
          10         55       0.426157          180.0
          10         55       0.428316          180.0
          10         55       0.437719          180.0
          10         55       0.448385           75.0
          10         55       0.449532          180.0
          10         55       0.461596          165.0
          10         55       0.466108           60.0
          10         55       0.466108          210.0
          10         55       0.519440           75.0
          10         55       0.897045          150.0
          10         55       0.906721          165.0
          10         55       0.908797          210.0
          10         55       0.923366           75.0
          10         55       0.925549          165.0
          10         55       0.935161          180.0
          10         55       0.942418          165.0
          10         55       0.945125          180.0
          10         55       0.952352          180.0
          10         55       0.955047          180.0
          10         55       0.962233           60.0
          10         55       0.964972          180.0
          10         55       0.973033           30.0
          10         55       0.974891          180.0
          10         55       0.975907           90.0
          10         55       0.982782          180.0
          10         55       0.984739          165.0
          10         55       0.985739          180.0
          10         55       0.986870          165.0
          10         55       0.990370          165.0
          10         55       0.995004          150.0
          10         55       0.995004          165.0
          10         55       0.996071          180.0
          10         55       0.997024           15.0
          10         55       0.998231          180.0
          10         55       0.999270          165.0
          10         55       1.000325          150.0
          10         55       1.002754            0.0
          10         55       1.004637          180.0
          10         55       1.005694          165.0
          10         55       1.006711          180.0
          10         55       1.008317          195.0
          10         55       1.009359          180.0
          10         55       1.012534           75.0
          10         55       1.014231          180.0
          10         55       1.015264          165.0
          10         55       1.016958            0.0
          10         55       1.020430          165.0
          10         55       1.022245           45.0
          10         55       1.022245          225.0
          10         55       1.023883          180.0
          10         55       1.038016          210.0
          10         55       1.039458          195.0
          10         55       1.041004           90.0
          10         55       1.043157          180.0
          10         55       1.047487          165.0
          10         55       1.049751          180.0
          10         55       1.054071          180.0
          10         55       1.055729          165.0
          10         55       1.057422          180.0
          10         55       1.061907          180.0
          10         55       1.063573          195.0
          10         55       1.069226          180.0
          10         55       1.076929          180.0
          10         55       1.080158          210.0
          10         55       1.081176          180.0
          10         55       1.082417          165.0
          10         55       1.084471          195.0
          10         55       1.090512          180.0
          10         55       1.091973          195.0
          10         55       1.093418          180.0
          10         55       1.100054          180.0
          10         55       1.101516          195.0
          10         55       1.103190          120.0
          10         55       1.108172          315.0
          10         55       1.109590          180.0
          10         55       1.110957            0.0
          10         55       1.112385          150.0
          10         55       1.119071          180.0
          10         55       1.120358          165.0
          10         55       1.128492          180.0
          10         55       1.129872          165.0
          10         55       1.130876          120.0
          10         55       1.134965           90.0
          10         55       1.137872          180.0
          10         55       1.143289          180.0
          10         55       1.154808          180.0
          10         55       1.156360          165.0
          10         55       1.159770            0.0
          10         55       1.159770           15.0
          10         55       1.160832          345.0
          10         55       1.162882           15.0
          10         55       1.165985          180.0
          10         55       1.169668          180.0
          10         55       1.171047          165.0
          10         55       1.172375          180.0
          10         55       1.175340          180.0
          10         55       1.177194          105.0
          10         55       1.179250            0.0
          10         55       1.180288           15.0
          10         55       1.184739          150.0
          10         55       1.184739          165.0
          10         55       1.189414            0.0
          10         55       1.194051           15.0
          10         55       1.198836            0.0
          10         55       1.200440           60.0
          10         55       1.207079          180.0
          10         55       1.208290            0.0
          10         55       1.213522          165.0
          10         55       1.217129          150.0
          10         55       1.217129          165.0
          10         55       1.218543           90.0
          10         55       1.222965          180.0
          10         55       1.224116          165.0
          10         55       1.225307          195.0
          10         55       1.232493           75.0
          10         55       1.236156            0.0
          10         55       1.241528          180.0
          10         55       1.251438          180.0
          10         55       1.253456          195.0
          10         55       1.264410          180.0
          10         55       1.264410          270.0
          10         55       1.317597           90.0
          10         55       1.333501          105.0
          10         55       1.353118          165.0
          10         55       1.353118          180.0
          10         55       1.360980           90.0
          10         55       1.363197          210.0
          10         55       1.365394            0.0
          10         55       1.384719          120.0
          10         55       1.387897          195.0
          10         55       1.391027          180.0
          10         55       1.395453          180.0
          10         55       1.396578           15.0
          10         55       1.397672          165.0
          10         55       1.399926          180.0
          10         55       1.401086            0.0
          10         55       1.403252          210.0
          10         55       1.405572          150.0
          10         55       1.407781          270.0
          10         55       1.409012            0.0
          10         55       1.412082          180.0
          10         55       1.413182          195.0
          10         55       1.414371          180.0
          10         55       1.415629           90.0
          10         55       1.416805          195.0
          10         55       1.416805          210.0
          10         55       1.416805          225.0
          10         55       1.416805          240.0
          10         55       1.418980          180.0
          10         55       1.420856          165.0
          10         55       1.422121           90.0
          10         55       1.425632           15.0
          10         55       1.429551          180.0
          10         55       1.430922          195.0
          10         55       1.431975          165.0
          10         55       1.433301          180.0
          10         55       1.433301          195.0
          10         55       1.433301          255.0
          10         55       1.433301          270.0
          10         55       1.434425          225.0
          10         55       1.435879          180.0
          10         55       1.437608          165.0
          10         55       1.438777          180.0
          10         55       1.439979          165.0
          10         55       1.441129          210.0
          10         55       1.443387            0.0
          10         55       1.444579          180.0
          10         55       1.446301          195.0
          10         55       1.447446          180.0
          10         55       1.448636           45.0
          10         55       1.448636          225.0
          10         55       1.449847           90.0
          10         55       1.451067          240.0
          10         55       1.453344          180.0
          10         55       1.455063          165.0
          10         55       1.456268          150.0
          10         55       1.458531            0.0
          10         55       1.459858           75.0
          10         55       1.459858          195.0
          10         55       1.462247          180.0
          10         55       1.463346          165.0
          10         55       1.465125          210.0
          10         55       1.467563          150.0
          10         55       1.468696          165.0
          10         55       1.468696          180.0
          10         55       1.469961          195.0
          10         55       1.471057           45.0
          10         55       1.477672          180.0
          10         55       1.478739          165.0
          10         55       1.496497          180.0
          10         55       1.499672          180.0
          10         55       1.507414          180.0
          10         55       1.508518          195.0
          10         55       1.510098          165.0
          10         55       1.510098          180.0
          10         55       1.514336            0.0
          10         55       1.515926          180.0
          10         55       1.517061          210.0
          10         55       1.518547            0.0
          10         55       1.519813          210.0
          10         55       1.521328            0.0
          10         55       1.523668          180.0
          10         55       1.524975          165.0
          10         55       1.526352          180.0
          10         55       1.528358          165.0
          10         55       1.530200          180.0
          10         55       1.535622            0.0
          10         55       1.539465          180.0
          10         55       1.542687          180.0
          10         55       1.546985          180.0
          10         55       1.548567          165.0
          10         55       1.550898          180.0
          10         55       1.552836          165.0
          10         55       1.554977          255.0
          10         55       1.565211          180.0
          10         55       1.568199          180.0
          10         55       1.570230          270.0
          10         55       1.599418          180.0
          10         55       2.733922          180.0
          10         55       2.737833          180.0
          10         55       2.739010          165.0
          10         55       2.746239          165.0
          10         55       2.746239          180.0
          10         55       2.749387          180.0
          10         55       2.750801            0.0
          10         55       2.752160          180.0
          10         55       2.756012          180.0
          10         55       2.757534          165.0
          10         55       2.764730          180.0
          10         55       2.767010          150.0
          10         55       2.771476          180.0
          10         55       2.775011          135.0
          10         55       2.783555          180.0
          10         55       2.786126          180.0
          10         55       2.787257          165.0
          10         55       2.791047          180.0
          10         55       2.795895          165.0
          10         55       2.797469          180.0
          10         55       2.801180          180.0
          10         55       2.803875          180.0
          10         55       2.804977          150.0
          10         55       2.807626           15.0
          10         55       2.812480            0.0
          10         55       2.813979          210.0
          10         55       2.815161            0.0
          10         55       2.816194           15.0
          10         55       2.818854           30.0
          10         55       2.819926           90.0
          10         55       2.821153          180.0
          10         55       2.823731           60.0
          10         55       2.825008          135.0
          10         55       2.825008          150.0
          10         55       2.825008          165.0
          10         55       2.825008          180.0
          10         55       2.826305          210.0
          10         55       2.827743          270.0
          10         55       2.828867          180.0
          10         55       2.830315          195.0
          10         55       2.831424          165.0
          10         55       2.833914           90.0
          10         55       2.835251          195.0
          10         55       2.841554          180.0
          10         55       2.912074          180.0
          10         55       2.915445          180.0
          10         55       2.930286          180.0
          10         55       2.978168          180.0
          10         55       2.979840          165.0
          10         55       2.983770          195.0
          10         55       2.986633          180.0
          10         55       2.987737          165.0
          10         55       2.990731          180.0
          10         55       2.991875          195.0
          10         55       2.995726          180.0
          15         60       0.497247          180.0
          15         60       0.512040          165.0
          15         60       0.516075          210.0
          15         60       0.517297          180.0
          15         60       0.519258          165.0
          15         60       0.520635          150.0
          15         60       0.524590          165.0
          15         60       0.527840          180.0
          15         60       0.529204          165.0
          15         60       0.530307          150.0
          15         60       0.536418          180.0
          15         60       0.537786          165.0
          15         60       0.540469          180.0
          15         60       0.542760          195.0
          15         60       0.542760          210.0
          15         60       0.546336          105.0
          15         60       0.546336          180.0
          15         60       0.548096           30.0
          15         60       0.549174           15.0
          15         60       0.553868          180.0
          15         60       0.554973          135.0
          15         60       0.554973          150.0
          15         60       0.554973          165.0
          15         60       0.556145          120.0
          15         60       0.558817          300.0
          15         60       0.559948           75.0
          15         60       0.562247          180.0
          15         60       0.563631          165.0
          15         60       0.564799          150.0
          15         60       0.568657          105.0
          15         60       0.568657          345.0
          15         60       0.571028          180.0
          15         60       0.709385          165.0
          15         60       0.714172          180.0
          15         60       0.719157          180.0
          15         60       0.720957          195.0
          15         60       0.722168          165.0
          15         60       0.722168          180.0
          15         60       0.729467          165.0
          15         60       0.732078          180.0
          15         60       0.734238          180.0
          15         60       0.740215          180.0
          15         60       0.742406          180.0
          15         60       0.746096          150.0
          15         60       0.750504          210.0
          15         60       0.751567          165.0
          15         60       0.751567          180.0
          15         60       0.753047          195.0
          15         60       0.754879          180.0
          15         60       0.758414          120.0
          15         60       0.763661          165.0
          15         60       0.763661          180.0
          15         60       0.764774          120.0
          15         60       0.801215          195.0
          15         60       0.813047            0.0
          15         60       0.814223          345.0
          15         60       0.825879          180.0
          15         60       0.827717          165.0
          15         60       0.830524          255.0
          15         60       0.963265          180.0
          15         60       1.031385          165.0
          15         60       1.032887          180.0
          15         60       1.035933          180.0
          15         60       1.039262          165.0
          15         60       1.039262          180.0
          15         60       1.044820          180.0
          15         60       1.054539          165.0
          15         60       1.061877           15.0
          15         60       1.062825          180.0
          15         60       1.064934           90.0
          15         60       1.064934          105.0
          15         60       1.144852          165.0
          15         60       1.144852          180.0
          15         60       1.146325          195.0
          15         60       1.156344          165.0
          15         60       1.156344          180.0
          15         60       1.167590          165.0
          15         60       1.167590          180.0
          15         60       1.168689          120.0
          15         60       1.168689          150.0
          15         60       1.169891          135.0
          15         60       1.169891          165.0
          15         60       1.169891          180.0
          15         60       1.171010          105.0
          15         60       1.178699          180.0
          15         60       1.179784          165.0
          15         60       1.181536           15.0
          15         60       1.183520          120.0
          15         60       1.183520          150.0
          15         60       1.183520          165.0
          15         60       1.183520          180.0
          15         60       1.189383          180.0
          15         60       1.190467          165.0
          15         60       1.192575           15.0
          15         60       1.193772          150.0
          15         60       1.199665          180.0
          15         60       1.200743          165.0
          15         60       1.202309          195.0
          15         60       1.209528          180.0
          15         60       1.210608          165.0
          15         60       1.216454          165.0
          15         60       1.219144          180.0
          15         60       1.222477          165.0
          15         60       1.224235          240.0
          15         60       1.225741          345.0
          15         60       1.226891            0.0
          15         60       1.226891           90.0
          15         60       1.228465          180.0
          15         60       1.229567          135.0
          15         60       1.229567          150.0
          15         60       1.229567          165.0
          15         60       1.231433          180.0
          15         60       1.232854          165.0
          15         60       1.237426          180.0
          15         60       1.240032          105.0
          15         60       1.240032          180.0
          15         60       1.245683          180.0
          15         60       1.246836          150.0
          15         60       1.248707          180.0
          15         60       1.249796          135.0
          15         60       1.260577          195.0
          15         60       1.261954          180.0
          15         60       1.267592          165.0
          15         60       1.269871          195.0
          15         60       1.275004           60.0
          15         60       1.276583          180.0
          15         60       1.277705          150.0
          15         60       1.282918           15.0
          15         60       1.285321          180.0
          15         60       1.290465           30.0
          15         60       1.292825          180.0
          15         60       1.294434          165.0
          15         60       1.295540          105.0
          15         60       1.295540          180.0
          15         60       1.296854           15.0
          15         60       1.298067          180.0
          15         60       1.303546          165.0
          15         60       1.309102           75.0
          15         60       1.310269           90.0
          15         60       1.311969          150.0
          15         60       1.311969          165.0
          15         60       1.313106           90.0
          15         60       1.314778          180.0
          15         60       1.316457          150.0
          15         60       1.317617          180.0
          15         60       1.322042          165.0
          15         60       1.328102          105.0
          15         60       1.329333          180.0
          15         60       1.330930           60.0
          15         60       1.332562          270.0
          15         60       1.337172          180.0
          15         60       1.337172          195.0
          15         60       1.339438           90.0
          15         60       1.342276          105.0
          15         60       1.343573          225.0
          15         60       1.346204          180.0
          15         60       1.353535          180.0
          15         60       1.354725          165.0
          15         60       1.357465            0.0
          15         60       1.378062          180.0
          15         60       1.379797           90.0
          15         60       1.384374           45.0
          15         60       1.392188          195.0
          15         60       1.397649          165.0
          15         60       1.407289          180.0
          15         60       1.411230          180.0
          15         60       1.412823          165.0
          15         60       1.414113          180.0
          15         60       1.504532          180.0
          15         60       1.507731          180.0
          15         60       1.508788          165.0
          15         60       1.510286          180.0
          15         60       1.511399          165.0
          15         60       1.514981          180.0
          15         60       1.516077          165.0
          15         60       1.517559          180.0
          15         60       1.518637          165.0
          15         60       1.522297          180.0
          15         60       1.523356          195.0
          15         60       1.524859          180.0
          15         60       1.525936          165.0
          15         60       1.530180          180.0
          15         60       1.531325          165.0
          15         60       1.532373          150.0
          15         60       1.533407          105.0
          15         60       1.533407          180.0
          15         60       1.538790          165.0
          15         60       1.538790          180.0
          15         60       1.540001            0.0
          15         60       1.541038           15.0
          15         60       1.545126          180.0
          15         60       1.546239          165.0
          15         60       1.547334          150.0
          15         60       1.548508           30.0
          15         60       1.552286          180.0
          15         60       1.553664          165.0
          15         60       1.556094          180.0
          15         60       1.558457          180.0
          15         60       1.559842          165.0
          15         60       1.561203          180.0
          15         60       1.562251          105.0
          15         60       1.562251          165.0
          15         60       1.567719          180.0
          15         60       1.569799          150.0
          15         60       1.575289          180.0
          15         60       1.576331          165.0
          15         60       1.582926          180.0
          15         60       1.583961          165.0
          15         60       1.590601          180.0
          15         60       1.598362          165.0
          15         60       1.600373          150.0
          15         60       1.602769          180.0
          15         60       1.606199          180.0
          15         60       1.610269          180.0
          15         60       1.611346          195.0
          15         60       1.613109            0.0
          15         60       1.614586          180.0
          15         60       1.620555          105.0
          15         60       1.625992          180.0
          15         60       1.627162          150.0
          15         60       1.636561          165.0
          15         60       1.637809          180.0
          15         60       1.642083          180.0
          15         60       1.643694           45.0
          15         60       1.647128          165.0
          15         60       1.650780          345.0
          15         60       1.655195          180.0
          15         60       1.659004          165.0
          15         60       1.659004          180.0
          15         60       1.664208            0.0
          15         60       1.667424          165.0
          15         60       1.675234            0.0
          15         60       1.679332          180.0
          15         60       1.680663          285.0
          15         60       2.729808          180.0
          15         60       2.732816          180.0
          15         60       2.740325          165.0
          15         60       2.740325          180.0
          15         60       2.756809          180.0
          15         60       2.760863          180.0
          15         60       2.777643          165.0
          15         60       2.790950          165.0
          15         60       2.793043          180.0
          15         60       2.797031          180.0
          15         60       2.798141          165.0
          15         60       2.799789          180.0
          15         60       2.808331          165.0
          15         60       2.811082          180.0
          15         60       2.899348            0.0
          20         65       0.005941          180.0
          20         65       0.010055          180.0
          20         65       0.018961          165.0
          20         65       0.018961          180.0
          20         65       0.031905          165.0
          20         65       0.052617          180.0
          20         65       0.057932          165.0
          20         65       0.059371          180.0
          20         65       0.060408          150.0
          20         65       0.071950          165.0
          20         65       0.077586          165.0
          20         65       0.077586          180.0
          20         65       0.079373          150.0
          20         65       0.084297          180.0
          20         65       0.091239          165.0
          20         65       0.091239          180.0
          20         65       0.093280          195.0
          20         65       0.096864           90.0
          20         65       0.096864          105.0
          20         65       0.101839           45.0
          20         65       0.156578          180.0
          20         65       0.186053          165.0
          20         65       0.212251          165.0
          20         65       0.237372          165.0
          20         65       0.528741          165.0
          20         65       0.534694          165.0
          20         65       0.536797          165.0
          20         65       0.536797          180.0
          20         65       0.551778            0.0
          20         65       0.551778           15.0
          20         65       0.551778           30.0
          20         65       0.551778           60.0
          20         65       0.555063          165.0
          20         65       0.559202          165.0
          20         65       0.565448          165.0
          20         65       0.568221          165.0
          20         65       0.570387          165.0
          20         65       0.574016          180.0
          20         65       0.575157           90.0
          20         65       0.575157          105.0
          20         65       0.576961          180.0
          20         65       0.584383           30.0
          20         65       0.592018           45.0
          20         65       0.593178          150.0
          20         65       0.604911          165.0
          20         65       0.650605          180.0
          20         65       0.657870          165.0
          20         65       0.658918          180.0
          20         65       0.660051          135.0
          20         65       0.660051          150.0
          20         65       0.661598          165.0
          20         65       0.903610           15.0
          20         65       0.904762          165.0
          20         65       0.904762          180.0
          20         65       0.912176          105.0
          20         65       0.912176          165.0
          20         65       0.913188          180.0
          20         65       0.914258          165.0
          20         65       0.915308          180.0
          20         65       0.916360          165.0
          20         65       0.921054          180.0
          20         65       0.925614           75.0
          20         65       0.929786          120.0
          20         65       0.929786          135.0
          20         65       0.929786          150.0
          20         65       0.933590          180.0
          20         65       0.934717          165.0
          20         65       0.954428           60.0
          20         65       0.991828          165.0
          20         65       0.999473          180.0
          20         65       1.007110          135.0
          20         65       1.007110          150.0
          20         65       1.007110          165.0
          20         65       1.007110          180.0
          20         65       1.008319          195.0
          20         65       1.009398          180.0
          20         65       1.013821          165.0
          20         65       1.032563           15.0
          20         65       1.041305          165.0
          20         65       1.041305          180.0
          20         65       1.042807          150.0
          20         65       1.048583          180.0
          20         65       1.049946          165.0
          20         65       1.058379          165.0
          20         65       1.059899          120.0
          20         65       1.059899          150.0
          20         65       1.059899          180.0
          20         65       1.061561          105.0
          20         65       1.061561          165.0
          20         65       1.062649          180.0
          20         65       1.069305          180.0
          20         65       1.072331          105.0
          20         65       1.074290           45.0
          20         65       1.080128          225.0
          20         65       1.293914          180.0
          20         65       1.304362          165.0
          20         65       1.305961          180.0
          20         65       1.316227          165.0
          20         65       1.318140          180.0
          20         65       1.325906          180.0
          20         65       1.335715           15.0
          20         65       1.335715           30.0
          20         65       1.335715           45.0
          20         65       1.338184          165.0
          20         65       1.345989          180.0
          20         65       1.347137            0.0
          20         65       1.349890          180.0
          20         65       1.356159          165.0
          20         65       1.474501          180.0
          20         65       1.579366          165.0
          20         65       1.580691          180.0
          20         65       1.590153          165.0
          20         65       1.600973          165.0
          20         65       1.603243          165.0
          20         65       1.603243          180.0
          20         65       1.612043          180.0
          20         65       1.613346          195.0
          20         65       1.622985          165.0
          20         65       1.624301          180.0
          20         65       1.627645          120.0
          20         65       1.627645          150.0
          20         65       1.627645          165.0
          20         65       1.627645          180.0
          20         65       1.634307          165.0
          20         65       1.645258          180.0
          20         65       1.646629          165.0
          20         65       1.662296          195.0
          20         65       1.663258          270.0
          20         65       1.708836          165.0
          20         65       1.788594          165.0
          20         65       1.789779          150.0
          20         65       1.798243          165.0
          20         65       1.800055          180.0
          20         65       1.804290          180.0
          20         65       1.809540          165.0
          20         65       1.810605          180.0
          20         65       1.812135          165.0
          20         65       1.814174          255.0
          20         65       1.815268           75.0
          20         65       1.815268          195.0
          20         65       1.820153          180.0
          20         65       1.821221          165.0
          20         65       1.822422          195.0
          20         65       1.823557          165.0
          20         65       1.827448           45.0
          20         65       1.830848          165.0
          20         65       1.831903          180.0
          20         65       1.833409          165.0
          20         65       1.834952          135.0
          20         65       1.840620          105.0
          20         65       1.842424          165.0
          20         65       1.843956          195.0
          20         65       1.851081          165.0
          20         65       1.852879          105.0
          20         65       1.852879          180.0
          20         65       1.854511          135.0
          20         65       1.862058          180.0
          20         65       1.863508          150.0
          20         65       1.865018           60.0
          20         65       1.865018          210.0
          20         65       1.872668          150.0
          20         65       1.875610           60.0
          20         65       1.875610          210.0
          20         65       1.886222          135.0
          20         65       2.149883          165.0
          20         65       2.150918          180.0
          20         65       2.157555          180.0
          20         65       2.158676          150.0
          20         65       2.158676          165.0
          20         65       2.160157          180.0
          20         65       2.161680          165.0
          20         65       2.165870          165.0
          20         65       2.167332          180.0
          20         65       2.169176          165.0
          20         65       2.170704          150.0
          20         65       2.174360          180.0
          20         65       2.175839          165.0
          20         65       2.176938          180.0
          20         65       2.182020          180.0
          20         65       2.183055          105.0
          20         65       2.183055          165.0
          20         65       2.185660          180.0
          20         65       2.186811          165.0
          20         65       2.188278           15.0
          20         65       2.190486          120.0
          20         65       2.191992          180.0
          20         65       2.193684            0.0
          20         65       2.194828           15.0
          20         65       2.201239          180.0
          20         65       2.202725          165.0
          20         65       2.203868          180.0
          20         65       2.204945           90.0
          20         65       2.206066          180.0
          20         65       2.207277          270.0
          20         65       2.210652          180.0
          20         65       2.212188          165.0
          20         65       2.212188          195.0
          20         65       2.213329          180.0
          20         65       2.214364          120.0
          20         65       2.217422           15.0
          20         65       2.220355          180.0
          20         65       2.221819          165.0
          20         65       2.228520           60.0
          20         65       2.230258          180.0
          20         65       2.231743          165.0
          20         65       2.238719           30.0
          20         65       2.240313          165.0
          20         65       2.240313          180.0
          20         65       2.241418          135.0
          20         65       2.241418          150.0
          20         65       2.242938          165.0
          20         65       2.242938          180.0
          20         65       2.250852          195.0
          20         65       2.253813           75.0
          20         65       2.253813          195.0
          20         65       2.257586          135.0
          20         65       2.257586          150.0
          20         65       2.258679           90.0
          20         65       2.258679          180.0
          20         65       2.267691           90.0
          20         65       2.271809           90.0
          20         65       2.271809          180.0
          20         65       2.276662           30.0
          20         65       2.290692           30.0
          20         65       2.303754           45.0
          20         65       2.303754           60.0
          20         65       2.303754           75.0
          20         65       2.314539          195.0
          20         65       2.512008          105.0
          20         65       2.512008          165.0
          25         70       0.018204          180.0
          25         70       0.031711          180.0
          25         70       0.048608          105.0
          25         70       0.050540          180.0
          25         70       0.051795          105.0
          25         70       0.051795          165.0
          25         70       0.055852          105.0
          25         70       0.056934          165.0
          25         70       0.059229          195.0
          25         70       0.060969          105.0
          25         70       0.065253          135.0
          25         70       2.123293          105.0
          25         70       2.123293          165.0
          25         70       2.124387          180.0
          25         70       2.131014          165.0
          25         70       2.140721          165.0
          25         70       2.142096          150.0
          25         70       2.143522          345.0
          25         70       2.150040          165.0
          25         70       2.151606           15.0
          25         70       2.163280          165.0
          25         70       2.172086          165.0
          25         70       2.180501          105.0
          25         70       2.180501          165.0
          25         70       2.180501          180.0
          25         70       2.182338          120.0
          25         70       2.182338          150.0
          25         70       2.187489          180.0
          25         70       2.188702          165.0
          25         70       2.190076          150.0
          25         70       2.191811          165.0
          25         70       2.196891          120.0
          25         70       2.196891          150.0
          25         70       2.196891          165.0
          25         70       2.198765          180.0
          25         70       2.200428          165.0
          25         70       2.201782          180.0
          25         70       2.203015           90.0
          25         70       2.205024          105.0
          25         70       2.205024          165.0
          25         70       2.208152          180.0
          25         70       2.209795          345.0
          25         70       2.211231           15.0
          25         70       2.213606          105.0
          25         70       2.213606          165.0
          25         70       2.213606          180.0
          25         70       2.215315          150.0
          25         70       2.217821          180.0
          25         70       2.223815          105.0
          25         70       2.226270          120.0
          25         70       2.227684          180.0
          25         70       2.230460          165.0
          25         70       2.234480          180.0
          25         70       2.235793           90.0
          25         70       2.239024          120.0
          25         70       2.239024          165.0
          25         70       2.242596          165.0
          25         70       2.243973          120.0
          25         70       2.247577          165.0
          25         70       2.249702          105.0
          25         70       2.254249          165.0
          25         70       2.255709          150.0
          25         70       2.257191          180.0
          25         70       2.258262          105.0
          25         70       2.258262          165.0
          25         70       2.261405          165.0
          25         70       2.265830          150.0
          25         70       2.266860          120.0
          25         70       2.266860          165.0
          25         70       2.275447          150.0
          25         70       2.277061          135.0
          25         70       2.278102          120.0
          25         70       2.278102          150.0
          25         70       2.281934          120.0
          25         70       2.281934          150.0
          25         70       2.281934          165.0
          25         70       2.282975          105.0
          25         70       2.284083          165.0
          25         70       2.293129           90.0
          25         70       2.293129          180.0
          25         70       2.298780          105.0
          25         70       2.298780          165.0
          25         70       2.300649          180.0
          25         70       2.301959          105.0
          25         70       2.301959          165.0
          25         70       2.303133          120.0
          25         70       2.307288          165.0
          25         70       2.310603          150.0
          25         70       2.316083          165.0
          25         70       2.318151          165.0
          25         70       2.333317          105.0
          25         70       2.333317          165.0
          25         70       2.347413          345.0
          25         70       2.351418          255.0
          25         70       2.355961           75.0
          25         70       2.355961           90.0
          25         70       2.437334          105.0
          25         70       2.437334          165.0
          25         70       2.441922          180.0
          25         70       2.443408          120.0
          25         70       2.450514          285.0
          25         70       2.470168            0.0
          25         70       2.480036          165.0
          25         70       2.502847          180.0
          25         70       2.507535          180.0
          25         70       2.511834          150.0
          25         70       2.519348          105.0
          25         70       2.519348          165.0
          25         70       2.520580          150.0
          25         70       2.523368          180.0
          25         70       2.529336          180.0
          25         70       2.534817          105.0
          25         70       2.534817          165.0
          25         70       2.538846           60.0
          25         70       2.542600          165.0
          25         70       2.544730           90.0
          25         70       2.544730          180.0
          25         70       2.549079          180.0
          25         70       2.550229          165.0
          25         70       2.551600          150.0
          25         70       2.562534          135.0
          25         70       2.563897           15.0
          25         70       2.565376          165.0
          25         70       2.576028          300.0
          25         70       2.576028          315.0
          25         70       2.579842          150.0
          25         70       2.579842          165.0
          25         70       2.580850          120.0
          25         70       2.582485          150.0
          25         70       2.587086          165.0
          25         70       2.594258          180.0
          25         70       2.598458          180.0
          25         70       2.599954            0.0
          25         70       2.599954           15.0
          25         70       2.601407          180.0
          25         70       2.603032          105.0
          25         70       2.604536           15.0
          25         70       2.608567          105.0
          25         70       2.608567          165.0
          25         70       2.609680          135.0
          25         70       2.609680          150.0
          25         70       2.609680          180.0
          25         70       2.611079           90.0
          25         70       2.612842          165.0
          25         70       2.615754          105.0
          25         70       2.615754          165.0
          25         70       2.616953            0.0
          25         70       2.618635          105.0
          25         70       2.619740          120.0
          25         70       2.619740          150.0
          25         70       2.620825          165.0
          25         70       2.620825          180.0
          25         70       2.622938          165.0
          25         70       2.624240          150.0
          25         70       2.625342          165.0
          25         70       2.627395          165.0
          25         70       2.628394          180.0
          25         70       2.630191            0.0
          25         70       2.631391          165.0
          25         70       2.632708          180.0
          25         70       2.636396          120.0
          25         70       2.637499          165.0
          25         70       2.642140          180.0
          25         70       2.643557          195.0
          25         70       2.644733          165.0
          25         70       2.649293          150.0
          25         70       2.650654          300.0
          25         70       2.651899          165.0
          25         70       2.653325          105.0
          25         70       2.655426          240.0
          25         70       2.659046          165.0
          25         70       2.660453          180.0
          25         70       2.666738          180.0
          25         70       2.672465          150.0
          25         70       2.674897          165.0
          25         70       2.684358          165.0
          25         70       2.688034          165.0
          25         70       2.695747            0.0
          25         70       2.698625           15.0
          25         70       2.699846          165.0
          25         70       2.701696          150.0
          25         70       2.703075          105.0
          25         70       2.703075          165.0
          25         70       2.704834           30.0
          25         70       2.704834          240.0
          25         70       2.706109          180.0
          25         70       2.707155           45.0
          25         70       2.709000          150.0
          25         70       2.710825          165.0
          25         70       2.717555          180.0
          25         70       2.722542           75.0
          25         70       2.723863           90.0
          25         70       2.730040          195.0
          25         70       2.733100          150.0
          25         70       2.734917          165.0
          25         70       2.739719          180.0
          25         70       2.743116          165.0
          25         70       2.765454          165.0
          25         70       2.772265            0.0
          25         70       2.776958          180.0
          25         70       2.779227           90.0
          25         70       2.779227          180.0
          25         70       2.785654          150.0
          25         70       2.787465          180.0
          25         70       2.791208           30.0
          25         70       2.793578          180.0
          25         70       2.794674          165.0
          25         70       2.796531          180.0
          25         70       2.797832          210.0
          25         70       2.799159          135.0
          25         70       2.801441           90.0
          25         70       2.802645          120.0
          25         70       2.812106          195.0
          25         70       2.816106          180.0
          25         70       2.830639          285.0
          25         70       2.831762          150.0
          25         70       2.833940          135.0
          25         70       2.914247          180.0
          25         70       2.921055          180.0
          25         70       2.927323          165.0
          25         70       2.947020          150.0
          25         70       2.949010          165.0
          25         70       2.950029          150.0
          25         70       2.953977          105.0
          25         70       2.953977          165.0
          25         70       2.953977          180.0
          25         70       2.956006          150.0
          25         70       2.957008          165.0
          25         70       2.957008          180.0
          25         70       2.958043          150.0
          25         70       2.962731          165.0
          25         70       2.963910            0.0
          25         70       2.966909          165.0
          25         70       2.971450          165.0
          25         70       2.972485          120.0
          25         70       2.972485          180.0
          25         70       2.973541          150.0
          25         70       2.980251          165.0
          25         70       2.982777          180.0
          25         70       2.991007          135.0
          25         70       2.992444          165.0
          25         70       2.997776          165.0
          30         75       0.589485          165.0
          30         75       0.599122          165.0
          30         75       0.601292          105.0
          30         75       0.601292          165.0
          30         75       0.606502          150.0
          30         75       0.608674          105.0
          30         75       0.608674          165.0
          30         75       0.610336          180.0
          30         75       0.613576          150.0
          30         75       0.620776           15.0
          30         75       0.624465           75.0
          30         75       0.624465          195.0
          30         75       0.628176          180.0
          30         75       0.629622          165.0
          30         75       0.633336          150.0
          30         75       0.635805          165.0
          30         75       0.637236          150.0
          30         75       0.639391          120.0
          30         75       0.639391          135.0
          30         75       0.639391          165.0
          30         75       0.640955          150.0
          30         75       0.643579          105.0
          30         75       0.643579          165.0
          30         75       0.645016          180.0
          30         75       0.648262           75.0
          30         75       0.651409           15.0
          30         75       0.654614          180.0
          30         75       0.661101            0.0
          30         75       0.668104          165.0
          30         75       0.669117          180.0
          30         75       0.690190          225.0
          30         75       0.695781          180.0
          30         75       0.704843          225.0
          30         75       1.034981          120.0
          30         75       1.034981          150.0
          30         75       1.062676           60.0
          30         75       1.062676          210.0
          30         75       1.065649          150.0
          30         75       1.074561          105.0
          30         75       1.074561          165.0
          30         75       1.683958          150.0
          30         75       1.683958          165.0
          30         75       1.692991          165.0
          30         75       1.701583          120.0
          30         75       1.701583          150.0
          30         75       1.701583          165.0
          30         75       1.710303          150.0
          30         75       1.718932          165.0
          30         75       1.743768          150.0
          30         75       1.751747          105.0
          30         75       1.751747          165.0
          30         75       1.760026          150.0
          30         75       1.781883          150.0
          30         75       1.784821          105.0
          30         75       1.784821          165.0
          30         75       1.789657           90.0
          30         75       1.790967           15.0
          30         75       1.799065          135.0
          30         75       1.820711          210.0
          30         75       1.821838          330.0
          30         75       1.824782           90.0
          30         75       1.824782          105.0
          30         75       1.828738          180.0
          30         75       1.945243          120.0
          30         75       1.945243          150.0
          30         75       1.945243          165.0
          30         75       1.946539          180.0
          30         75       1.947557          150.0
          30         75       1.951207          195.0
          30         75       1.955110          105.0
          30         75       1.955110          165.0
          30         75       1.956145          120.0
          30         75       1.956145          150.0
          30         75       1.958838          150.0
          30         75       1.964020          165.0
          30         75       1.965318          120.0
          30         75       1.965318          150.0
          30         75       1.966479           15.0
          30         75       1.968418          150.0
          30         75       1.972490          150.0
          30         75       1.973739           15.0
          30         75       1.974878          165.0
          30         75       1.976088           30.0
          30         75       1.977872          120.0
          30         75       1.977872          180.0
          30         75       1.980518          135.0
          30         75       1.983952          165.0
          30         75       1.993203           15.0
          30         75       2.002859          180.0
          30         75       2.005663          165.0
          30         75       2.192868          165.0
          30         75       2.194053          150.0
          30         75       2.202444          150.0
          30         75       2.211934          165.0
          30         75       2.326952          105.0
          30         75       2.326952          135.0
          30         75       2.326952          165.0
          30         75       2.328040          120.0
          30         75       2.328040          150.0
          30         75       2.330290          150.0
          30         75       2.330290          165.0
          30         75       2.331383          120.0
          30         75       2.337090          150.0
          30         75       2.337090          165.0
          30         75       2.338178          120.0
          30         75       2.339297          150.0
          30         75       2.339297          165.0
          30         75       2.348211          165.0
          30         75       2.349305          120.0
          30         75       2.349305          150.0
          30         75       2.358321          165.0
          30         75       2.363143          150.0
          30         75       2.365782          150.0
          30         75       2.365782          165.0
          30         75       2.372133          120.0
          30         75       2.372133          135.0
          30         75       2.372133          150.0
          30         75       2.372133          165.0
          30         75       2.374688          105.0
          30         75       2.374688          165.0
          30         75       2.378280           75.0
          30         75       2.382563          105.0
          30         75       2.383688           90.0
          30         75       2.383688          180.0
          30         75       2.384889          165.0
          30         75       2.388352          120.0
          30         75       2.389848          165.0
          30         75       2.390967          150.0
          30         75       2.395286          180.0
          30         75       2.397465            0.0
          30         75       2.408612          165.0
          30         75       2.413456          315.0
          30         75       2.417883          165.0
          30         75       2.419344          150.0
          30         75       2.420588          105.0
          30         75       2.420588          165.0
          30         75       2.422274          150.0
          30         75       2.423409          135.0
          30         75       2.426875          240.0
          30         75       2.434668           15.0
          30         75       2.436053          105.0
          30         75       2.436053          165.0
          30         75       2.439456          165.0
          30         75       2.440571           90.0
          30         75       2.442485           15.0
          30         75       2.446743           15.0
          30         75       2.446743           75.0
          30         75       2.459622          180.0
          30         75       2.466942          225.0
          30         75       2.466942          240.0
          30         75       2.466942          255.0
          30         75       2.469469          180.0
          30         75       2.470668          165.0
          30         75       2.472174           75.0
          30         75       2.472174          195.0
          30         75       2.478745          165.0
          30         75       2.485446          180.0
          30         75       2.486619          150.0
          30         75       2.490688          165.0
          30         75       2.492633           15.0
          30         75       2.492764          165.0
          30         75       2.494747          120.0
          30         75       2.494747          135.0
          30         75       2.494747          150.0
          30         75       2.498026          165.0
          30         75       2.499094          180.0
          30         75       2.502776          315.0
          30         75       2.504139          105.0
          30         75       2.505490          150.0
          30         75       2.508876          180.0
          30         75       2.512501          165.0
          30         75       2.519325          120.0
          30         75       2.519325          150.0
          30         75       2.520868          165.0
          30         75       2.522872          105.0
          30         75       2.526010          150.0
          30         75       2.527518          195.0
          30         75       2.531365          210.0
          30         75       2.532749          165.0
          30         75       2.539176          180.0
          30         75       2.540549          165.0
          30         75       2.543297          210.0
          30         75       2.545694          150.0
          30         75       2.545694          165.0
          30         75       2.559133           90.0
          30         75       2.559133          180.0
          30         75       2.571840           60.0
          30         75       2.578192          135.0
          30         75       2.578192          150.0
          30         75       2.578192          165.0
          30         75       2.594075          120.0
          30         75       2.594075          135.0
          30         75       2.594075          150.0
          30         75       2.594075          165.0
          30         75       2.602647          165.0
          30         75       2.619878          165.0
          30         75       2.630258          120.0
          30         75       2.630258          135.0
          30         75       2.630258          150.0
          30         75       2.630258          165.0
          30         75       2.632585          285.0
          30         75       2.633770          180.0
          30         75       2.637397          165.0
          30         75       2.642762          120.0
          30         75       2.642762          165.0
          30         75       2.648487          165.0
          30         75       2.652135          165.0
          30         75       2.656407          180.0
          30         75       2.661108          165.0
          30         75       2.667588          165.0
          30         75       2.669793          180.0
          30         75       2.672883          180.0
          30         75       2.678477          180.0
          30         75       2.679705          150.0
          30         75       2.687444          165.0
          30         75       2.696274          105.0
          30         75       2.696274          120.0
          30         75       2.717200          180.0
          30         75       2.728597          180.0
          30         75       2.826243          165.0
          30         75       2.827278          150.0
          30         75       2.833760          150.0
          30         75       2.834772          165.0
          30         75       2.836803          150.0
          30         75       2.837819          165.0
          30         75       2.841985           30.0
          30         75       2.843111          150.0
          30         75       2.845133          195.0
          30         75       2.846157          135.0
          30         75       2.846157          150.0
          30         75       2.846157          165.0
          30         75       2.846157          180.0
          30         75       2.860747          105.0
          30         75       2.867869          150.0
          30         75       2.871554          180.0
          30         75       2.885436          210.0
          30         75       2.939079          165.0
          30         75       2.968325          165.0
          30         75       2.974395          165.0
          30         75       2.975434          105.0
          30         75       2.976503          165.0
          30         75       2.982524          165.0
          30         75       2.983619          120.0
          30         75       2.983619          150.0
          30         75       2.990864          105.0
          30         75       2.990864          165.0
          35         80       0.005338          150.0
          35         80       0.010637           90.0
          35         80       0.013172          105.0
          35         80       0.013172          165.0
          35         80       0.022502          150.0
          35         80       0.027253          135.0
          35         80       0.027253          315.0
          35         80       0.031950          150.0
          35         80       0.034389          150.0
          35         80       0.034389          165.0
          35         80       0.041707          150.0
          35         80       0.048683           90.0
          35         80       0.051449          270.0
          35         80       0.056213          165.0
          35         80       0.070891          165.0
          35         80       0.080862          165.0
          35         80       0.085633          120.0
          35         80       0.085633          165.0
          35         80       0.090311          150.0
          35         80       0.100297          120.0
          35         80       0.100297          135.0
          35         80       0.100297          150.0
          35         80       0.110590          210.0
          35         80       0.116983          330.0
          35         80       0.313540          105.0
          35         80       0.313540          165.0
          35         80       0.332094          120.0
          35         80       0.332094          150.0
          35         80       0.332094          165.0
          35         80       0.333796          135.0
          35         80       0.345257          165.0
          35         80       0.351208          165.0
          35         80       0.352885          150.0
          35         80       0.448918          105.0
          35         80       0.448918          165.0
          35         80       0.468425          135.0
          35         80       0.473696          105.0
          35         80       0.473696          165.0
          35         80       0.473696          180.0
          35         80       0.483358          150.0
          35         80       0.484434          105.0
          35         80       0.484434          165.0
          35         80       0.487192          150.0
          35         80       0.492334          165.0
          35         80       0.493413          135.0
          35         80       0.501551          120.0
          35         80       0.501551          165.0
          35         80       0.502619          150.0
          35         80       0.589965          165.0
          35         80       0.591176           15.0
          35         80       0.592387          120.0
          35         80       0.592387          135.0
          35         80       0.592387          150.0
          35         80       0.592387          165.0
          35         80       0.593434          180.0
          35         80       0.595198          165.0
          35         80       0.597529          120.0
          35         80       0.598416           30.0
          35         80       0.599489           15.0
          35         80       0.600653          120.0
          35         80       0.600653          135.0
          35         80       0.600653          150.0
          35         80       0.601688          105.0
          35         80       0.602758           90.0
          35         80       0.602758          120.0
          35         80       0.603815          105.0
          35         80       0.605551          165.0
          35         80       0.606600          120.0
          35         80       0.606600          150.0
          35         80       0.607620          165.0
          35         80       0.613528          150.0
          35         80       0.614575          165.0
          35         80       0.615778            0.0
          35         80       0.617024          165.0
          35         80       0.618063          105.0
          35         80       0.622043          135.0
          35         80       0.622043          150.0
          35         80       0.622043          165.0
          35         80       0.622043          180.0
          35         80       0.625231          165.0
          35         80       0.627197          330.0
          35         80       0.630102          105.0
          35         80       0.630102          165.0
          35         80       0.632512          165.0
          35         80       0.633583          180.0
          35         80       0.634688          150.0
          35         80       0.638493          105.0
          35         80       0.638493          165.0
          35         80       0.639534           75.0
          35         80       0.639534          195.0
          35         80       0.640627          150.0
          35         80       0.642010          195.0
          35         80       0.643109           90.0
          35         80       0.647167          165.0
          35         80       0.648204          135.0
          35         80       0.648204          150.0
          35         80       0.649297           90.0
          35         80       0.650340          105.0
          35         80       0.651418           75.0
          35         80       0.657059          105.0
          35         80       0.657059          120.0
          35         80       0.732356          150.0
          35         80       0.739991           15.0
          35         80       0.741028            0.0
          35         80       0.742135           15.0
          35         80       0.743086          150.0
          35         80       0.747256          150.0
          35         80       0.748258          105.0
          35         80       0.748258          165.0
          35         80       0.749301          150.0
          35         80       0.750840          165.0
          35         80       0.751850          135.0
          35         80       0.755133          150.0
          35         80       0.756143          135.0
          35         80       0.757047            0.0
          35         80       0.757047           15.0
          35         80       0.757047           30.0
          35         80       0.757164          150.0
          35         80       0.763266          225.0
          35         80       0.763266          240.0
          35         80       0.764342          150.0
          35         80       0.765383          165.0
          35         80       0.766715          180.0
          35         80       0.771479          150.0
          35         80       0.772487          165.0
          35         80       0.773536          120.0
          35         80       0.779072           60.0
          35         80       0.817465          210.0
          35         80       0.825420          150.0
          35         80       0.826426          120.0
          35         80       0.826426          165.0
          35         80       0.838000          150.0
          35         80       0.846418          150.0
          35         80       0.846418          165.0
          35         80       0.848924          165.0
          35         80       0.851400          150.0
          35         80       0.854004          150.0
          35         80       0.854004          165.0
          35         80       0.857137          120.0
          35         80       0.857137          150.0
          35         80       0.857137          165.0
          35         80       0.868512          135.0
          35         80       0.868512          150.0
          35         80       0.873987          105.0
          35         80       0.900989          120.0
          35         80       0.900989          135.0
          35         80       0.900989          150.0
          35         80       0.900989          165.0
          35         80       0.914873           60.0
          35         80       0.923680           90.0
          35         80       0.925139          300.0
          35         80       1.004635          105.0
          35         80       1.004635          150.0
          35         80       1.004635          165.0
          35         80       1.008286           30.0
          35         80       1.035387          165.0
          35         80       1.036457          150.0
          35         80       1.038219          120.0
          35         80       1.038219          135.0
          35         80       1.039618          150.0
          35         80       1.043918          105.0
          35         80       1.043918          165.0
          35         80       1.048182          105.0
          35         80       1.048182          165.0
          35         80       1.053356          150.0
          35         80       1.053356          165.0
          35         80       1.054479          135.0
          35         80       1.062079          105.0
          35         80       1.062079          165.0
          35         80       1.063205          150.0
          35         80       1.064672          120.0
          35         80       1.066118           90.0
          35         80       1.066118          180.0
          35         80       1.067211          135.0
          35         80       1.067211          150.0
          35         80       1.071860          150.0
          35         80       1.072889          165.0
          35         80       1.078511          135.0
          35         80       1.081239          105.0
          35         80       1.081239          165.0
          35         80       1.082294          135.0
          35         80       1.086333           90.0
          35         80       1.086333          180.0
          35         80       1.092938          135.0
          35         80       1.094059          120.0
          35         80       1.102727          165.0
          35         80       1.104559          120.0
          35         80       1.135057          150.0
          35         80       1.138883          165.0
          35         80       1.139942          105.0
          35         80       1.139942          150.0
          35         80       1.141146          120.0
          35         80       1.142260          105.0
          35         80       1.151626          195.0
          35         80       1.156811          165.0
          35         80       1.157912          150.0
          35         80       1.166161          165.0
          35         80       1.167874          135.0
          35         80       1.325016          165.0
          35         80       1.447422          120.0
          35         80       1.447422          165.0
          35         80       1.452305          150.0
          35         80       1.453764           75.0
          35         80       1.457321          105.0
          35         80       1.458770           30.0
          35         80       1.461725          150.0
          35         80       1.466187           90.0
          35         80       1.467879          120.0
          35         80       1.467879          135.0
          35         80       1.467879          150.0
          35         80       1.467879          165.0
          35         80       1.476299           15.0
          35         80       1.645368          150.0
          35         80       1.646454          135.0
          35         80       1.647879          300.0
          35         80       1.648787           30.0
          35         80       1.652758          105.0
          35         80       1.652758          165.0
          35         80       1.653832          150.0
          35         80       1.661872          120.0
          35         80       1.661872          135.0
          35         80       1.661872          150.0
          35         80       1.661872          165.0
          35         80       1.662957          180.0
          35         80       1.665083          150.0
          35         80       1.665083          165.0
          35         80       1.669764          150.0
          35         80       1.671073          165.0
          35         80       1.672153          150.0
          35         80       1.677532          120.0
          35         80       1.677532          150.0
          35         80       1.677532          165.0
          35         80       1.678624          135.0
          35         80       1.679676          150.0
          35         80       1.681008          105.0
          35         80       1.681008          165.0
          35         80       1.682096          150.0
          35         80       1.683097           90.0
          35         80       1.685137          165.0
          35         80       1.687637          120.0
          35         80       1.687637          135.0
          35         80       1.687637          150.0
          35         80       1.689723           90.0
          35         80       1.689723          105.0
          35         80       1.689723          120.0
          35         80       1.689723          135.0
          35         80       1.693740          150.0
          35         80       1.694817          105.0
          35         80       1.699041          150.0
          35         80       1.700083          315.0
          35         80       1.716362          105.0
          35         80       1.718447           60.0
          35         80       1.731533          120.0
          35         80       1.747001          315.0
          35         80       1.751293          120.0
          35         80       1.752583          165.0
          35         80       1.753735          210.0
          35         80       1.755807           30.0
          35         80       1.759713          150.0
          35         80       1.760840          210.0
          35         80       1.761985          165.0
          35         80       1.763452           45.0
          35         80       1.775356          150.0
          35         80       1.777918          150.0
          35         80       1.777918          165.0
          35         80       1.781012          150.0
          35         80       1.782254          165.0
          35         80       1.785040          105.0
          35         80       1.785040          165.0
          35         80       1.786512          150.0
          35         80       1.788108           45.0
          35         80       1.789430          180.0
          35         80       1.791260          150.0
          35         80       1.798981          210.0
          35         80       1.801828          180.0
          35         80       1.808567          105.0
          35         80       1.842583          105.0
          35         80       1.847300          135.0
          35         80       1.849046           15.0
          35         80       1.859389          150.0
          35         80       1.861821          165.0
          35         80       1.864508          150.0
          35         80       1.866956          135.0
          35         80       1.868045          165.0
          35         80       1.874080           30.0
          35         80       1.875592          105.0
          35         80       1.877301          150.0
          35         80       1.891557          135.0
          35         80       1.898362          135.0
          35         80       1.899453           90.0
          35         80       1.908172          135.0
          35         80       1.908172          150.0
          35         80       1.909344           60.0
          35         80       1.909344          210.0
          35         80       1.914105           90.0
          35         80       1.917774          135.0
          35         80       1.917774          150.0
          35         80       1.917774          165.0
          35         80       1.918989          180.0
          35         80       1.932934          150.0
          35         80       1.939658          150.0
          35         80       1.941856          120.0
          35         80       1.941856          150.0
          35         80       1.943671          135.0
          35         80       1.945825          165.0
          35         80       1.946989          150.0
          35         80       1.948811           15.0
          35         80       1.948811           30.0
          35         80       1.954528          150.0
          35         80       1.957379          120.0
          35         80       1.957379          150.0
          35         80       1.957379          165.0
          35         80       1.958855          180.0
          35         80       1.964165            0.0
          35         80       1.966998          150.0
          35         80       1.969360          105.0
          35         80       1.969360          165.0
          35         80       1.974061          165.0
          35         80       1.996821          105.0
          35         80       1.996821          150.0
          35         80       1.996821          165.0
          35         80       1.999372          120.0
          35         80       1.999372          135.0
          35         80       1.999372          150.0
          35         80       1.999372          165.0
          35         80       2.000664          180.0
          35         80       2.001989          105.0
          35         80       2.003995          315.0
          35         80       2.011807          150.0
          35         80       2.014020          135.0
          35         80       2.014020          150.0
          35         80       2.014020          165.0
          35         80       2.014020          180.0
          35         80       2.015860          345.0
          35         80       2.019766          120.0
          35         80       2.019766          135.0
          35         80       2.019766          150.0
          35         80       2.024090            0.0
          35         80       2.027848          120.0
          35         80       2.027848          165.0
          35         80       2.028899          105.0
          35         80       2.028899          150.0
          35         80       2.029911          165.0
          35         80       2.032106           90.0
          35         80       2.032106          180.0
          35         80       2.033209          150.0
          35         80       2.034481          120.0
          35         80       2.034481          165.0
          35         80       2.037284          165.0
          35         80       2.044963          150.0
          35         80       2.059299          150.0
          35         80       2.060319          105.0
          35         80       2.060319          165.0
          35         80       2.061463          150.0
          35         80       2.067813          150.0
          35         80       2.068977          165.0
          35         80       2.068977          180.0
          35         80       2.070747            0.0
          35         80       2.072028          150.0
          35         80       2.072028          165.0
          35         80       2.073043          105.0
          35         80       2.074180          180.0
          35         80       2.075915          105.0
          35         80       2.076958          180.0
          35         80       2.078405          165.0
          35         80       2.079422          180.0
          35         80       2.080551          120.0
          35         80       2.080551          150.0
          35         80       2.081688          135.0
          35         80       2.081688          165.0
          35         80       2.084834          150.0
          35         80       2.085887          120.0
          35         80       2.085887          135.0
          35         80       2.091352          105.0
          35         80       2.091352          165.0
          35         80       2.094418           15.0
          35         80       2.096243          300.0
          35         80       2.098094          105.0
          35         80       2.098094          135.0
          35         80       2.098094          165.0
          35         80       2.099464          315.0
          35         80       2.104329          240.0
          35         80       2.104329          255.0
          35         80       2.109539          150.0
          35         80       2.158297          150.0
          35         80       2.166684          120.0
          35         80       2.166684          150.0
          35         80       2.166684          165.0
          35         80       2.168083          180.0
          35         80       2.178043          165.0
          35         80       2.179426          180.0
          35         80       2.182959          120.0
          35         80       2.184391          150.0
          35         80       2.186155          165.0
          35         80       2.187792          105.0
          35         80       2.194801          165.0
          35         80       2.197022          165.0
          35         80       2.199715          150.0
          35         80       2.202190          135.0
          35         80       2.206161            0.0
          35         80       2.208217          165.0
          35         80       2.209543          150.0
          35         80       2.213555          150.0
          35         80       2.218268          165.0
          35         80       2.219735          180.0
          35         80       2.220815          135.0
          35         80       2.224450          165.0
          35         80       2.233145          180.0
          35         80       2.237409          165.0
          35         80       2.239813          150.0
          35         80       2.241129          165.0
          35         80       2.246933           90.0
          35         80       2.248301          120.0
          35         80       2.248301          150.0
          35         80       2.249454          165.0
          35         80       2.249454          180.0
          35         80       2.250504          135.0
          35         80       2.250504          150.0
          35         80       2.251786          120.0
          35         80       2.252860          105.0
          35         80       2.252860          165.0
          35         80       2.255860          225.0
          35         80       2.255860          240.0
          35         80       2.257442          120.0
          35         80       2.257442          150.0
          35         80       2.257442          165.0
          35         80       2.264714          165.0
          35         80       2.268154          150.0
          35         80       2.273429          180.0
          35         80       2.276422          240.0
          35         80       2.280711          105.0
          35         80       2.280711          165.0
          35         80       2.281762          120.0
          35         80       2.286399            0.0
          35         80       2.288122          165.0
          35         80       2.295411          150.0
          35         80       2.295411          165.0
          35         80       2.296485          120.0
          35         80       2.296485          135.0
          35         80       2.312732           60.0
          35         80       2.317270          150.0
          35         80       2.319118          135.0
          35         80       2.322922          255.0
          35         80       2.326668          120.0
          35         80       2.326668          135.0
          35         80       2.326668          150.0
          35         80       2.332467          150.0
          35         80       2.332467          165.0
          35         80       2.333870          345.0
          35         80       2.338781           90.0
          35         80       2.340145          165.0
          35         80       2.341387          180.0
          35         80       2.343204          165.0
          35         80       2.347856          105.0
          35         80       2.347856          165.0
          35         80       2.349079          150.0
          35         80       2.350836          180.0
          35         80       2.354192           90.0
          35         80       2.355612          165.0
          35         80       2.363397          150.0
          35         80       2.364635          165.0
          35         80       2.371176          165.0
          35         80       2.372459          150.0
          35         80       2.374043          120.0
          35         80       2.374043          135.0
          35         80       2.376795           60.0
          35         80       2.378981          105.0
          35         80       2.378981          165.0
          35         80       2.380252          120.0
          35         80       2.380252          150.0
          35         80       2.382700          180.0
          35         80       2.384629           15.0
          35         80       2.386821          165.0
          35         80       2.388075          105.0
          35         80       2.392161            0.0
          35         80       2.394686          150.0
          35         80       2.396971          165.0
          35         80       2.400018          285.0
          35         80       2.402586          150.0
          35         80       2.402586          165.0
          35         80       2.419493          165.0
          35         80       2.420865          150.0
          35         80       2.422747          135.0
          35         80       2.440722          135.0
          35         80       2.443260          105.0
          35         80       2.464479          105.0
          35         80       2.464479          165.0
          35         80       2.471015          180.0
          35         80       2.478777          270.0
          35         80       2.615532          165.0
          35         80       2.616887          120.0
          35         80       2.616887          150.0
          35         80       2.623668          165.0
          35         80       2.633739          135.0
          35         80       2.633739          150.0
          35         80       2.633739          165.0
          35         80       2.639946          165.0
          35         80       2.644473           90.0
          35         80       2.644473          180.0
          35         80       2.647645          165.0
          35         80       2.649219          135.0
          35         80       2.649219          150.0
          35         80       2.652565          135.0
          35         80       2.709008          150.0
          35         80       2.714936           15.0
          35         80       2.756524            0.0
          35         80       2.756524           15.0
          35         80       2.756524           30.0
          35         80       2.758465          165.0
          35         80       2.763387          150.0
          35         80       2.764438          120.0
          35         80       2.764438          165.0
          35         80       2.765586           90.0
          35         80       2.765586          105.0
          35         80       2.766640          180.0
          35         80       2.767743          120.0
          35         80       2.767743          135.0
          35         80       2.771506          150.0
          35         80       2.772575          165.0
          35         80       2.773649          120.0
          35         80       2.773649          135.0
          35         80       2.774668          180.0
          35         80       2.779872          105.0
          35         80       2.781069          240.0
          35         80       2.782024          150.0
          35         80       2.783065          165.0
          35         80       2.784651          150.0
          35         80       2.787047          180.0
          35         80       2.788680          165.0
          35         80       2.789731          105.0
          35         80       2.790782          165.0
          35         80       2.791811          120.0
          35         80       2.791811          150.0
          35         80       2.797069           30.0
          35         80       2.798690          105.0
          35         80       2.806348          165.0
          35         80       2.807598          150.0
          35         80       2.810823          135.0
          35         80       2.811886          315.0
          35         80       2.815383          135.0
          35         80       2.815383          150.0
          35         80       2.815383          165.0
          35         80       2.817364          120.0
          35         80       2.824467          165.0
          35         80       2.827977          150.0
          35         80       2.841363          270.0
          35         80       2.851777           90.0
          35         80       2.919622          150.0
          35         80       2.919622          165.0
          35         80       2.920981          120.0
          35         80       2.920981          135.0
          35         80       2.931204          120.0
          35         80       2.931204          150.0
          35         80       2.931204          165.0
          35         80       2.947614          120.0
          35         80       2.947614          150.0
          35         80       2.947614          165.0
          35         80       2.952528          150.0
          35         80       2.955241           15.0
          35         80       2.957028          150.0
          35         80       2.963747          150.0
          35         80       2.963747          165.0
          35         80       2.965173          135.0
          35         80       2.968311          165.0
          35         80       2.973839          165.0
          35         80       2.976512          210.0
          35         80       2.980801          165.0
          35         80       2.990146          150.0
          35         80       2.991209           30.0
          35         80       2.999154          150.0
          40         85       0.063608          135.0
          40         85       0.069360          165.0
          40         85       0.073305          135.0
          40         85       0.073305          150.0
          40         85       0.073305          165.0
          40         85       0.073305          180.0
          40         85       0.075948          165.0
          40         85       0.078165          150.0
          40         85       0.078165          165.0
          40         85       0.081106          120.0
          40         85       0.081106          135.0
          40         85       0.081106          150.0
          40         85       0.082151          165.0
          40         85       0.083225          135.0
          40         85       0.087032          120.0
          40         85       0.087032          150.0
          40         85       0.087032          165.0
          40         85       0.089942          150.0
          40         85       0.090965          120.0
          40         85       0.090965          135.0
          40         85       0.094303           75.0
          40         85       0.095696          150.0
          40         85       0.097325          165.0
          40         85       0.100942          150.0
          40         85       0.100942          300.0
          40         85       0.102026          135.0
          40         85       0.103579          105.0
          40         85       0.103579          165.0
          40         85       0.104736          120.0
          40         85       0.104736          150.0
          40         85       0.106030          105.0
          40         85       0.106030          165.0
          40         85       0.107893          150.0
          40         85       0.111016          135.0
          40         85       0.111016          150.0
          40         85       0.112063          165.0
          40         85       0.113286          120.0
          40         85       0.114840          150.0
          40         85       0.114840          165.0
          40         85       0.116356          105.0
          40         85       0.118488           90.0
          40         85       0.118488          180.0
          40         85       0.126274          180.0
          40         85       0.130039           30.0
          40         85       0.133412          150.0
          40         85       0.138750          150.0
          40         85       0.140204          165.0
          40         85       0.142401          165.0
          40         85       0.143847           90.0
          40         85       0.143847          180.0
          40         85       0.152494          120.0
          40         85       0.152494          150.0
          40         85       0.153561          195.0
          40         85       0.158229          165.0
          40         85       0.159597          135.0
          40         85       0.162190           60.0
          40         85       0.164157          150.0
          40         85       0.165545          300.0
          40         85       0.166885          165.0
          40         85       0.168251          150.0
          40         85       0.172612          225.0
          40         85       0.175571          180.0
          40         85       0.178568          150.0
          40         85       0.210760          120.0
          40         85       0.210760          150.0
          40         85       0.248001          120.0
          40         85       0.248001          135.0
          40         85       0.248001          150.0
          40         85       0.248001          165.0
          40         85       0.250177          135.0
          40         85       0.252365          210.0
          40         85       0.254491          165.0
          40         85       0.260618           15.0
          40         85       0.266915          105.0
          40         85       0.266915          165.0
          40         85       0.273792          165.0
          40         85       0.278645          150.0
          40         85       0.285260           30.0
          40         85       0.289512          120.0
          40         85       0.289512          135.0
          40         85       0.295797          120.0
          40         85       0.295797          165.0
          40         85       0.297067          150.0
          40         85       0.328074           90.0
          40         85       0.328074          180.0
          40         85       0.434528          150.0
          40         85       0.435559          120.0
          40         85       0.435559          135.0
          40         85       0.440180           30.0
          40         85       0.441415            0.0
          40         85       0.442620          135.0
          40         85       0.443641          150.0
          40         85       0.448020          120.0
          40         85       0.448020          135.0
          40         85       0.448020          150.0
          40         85       0.448020          165.0
          40         85       0.449066          180.0
          40         85       0.450321          150.0
          40         85       0.451379          180.0
          40         85       0.455946          120.0
          40         85       0.455946          150.0
          40         85       0.455946          165.0
          40         85       0.456965          105.0
          40         85       0.459655          135.0
          40         85       0.463946          120.0
          40         85       0.463946          135.0
          40         85       0.463946          150.0
          40         85       0.464965          165.0
          40         85       0.466887          150.0
          40         85       0.471739          105.0
          40         85       0.471739          165.0
          40         85       0.473623          120.0
          40         85       0.473623          150.0
          40         85       0.474649          135.0
          40         85       0.479438          150.0
          40         85       0.480487          135.0
          40         85       0.482438            0.0
          40         85       0.486997          120.0
          40         85       0.486997          135.0
          40         85       0.486997          150.0
          40         85       0.486997          165.0
          40         85       0.489376           90.0
          40         85       0.489376          180.0
          40         85       0.494489          165.0
          40         85       0.495502          120.0
          40         85       0.495502          150.0
          40         85       0.503379           75.0
          40         85       0.505016          105.0
          40         85       0.505016          180.0
          40         85       0.513430          330.0
          40         85       0.529381          120.0
          40         85       0.583082          150.0
          40         85       0.663659          135.0
          40         85       0.674926          135.0
          40         85       0.674926          150.0
          40         85       0.674926          165.0
          40         85       0.720090          120.0
          40         85       0.720090          135.0
          40         85       0.720090          165.0
          40         85       0.721227           90.0
          40         85       0.721227          180.0
          40         85       0.726473           75.0
          40         85       0.784352          120.0
          40         85       0.784352          150.0
          40         85       0.784352          165.0
          40         85       0.785723          135.0
          40         85       0.786817          120.0
          40         85       0.786817          150.0
          40         85       0.787899          165.0
          40         85       0.789069           15.0
          40         85       0.791946          150.0
          40         85       0.795176          120.0
          40         85       0.795176          150.0
          40         85       0.796268          135.0
          40         85       0.797891          150.0
          40         85       0.798964          135.0
          40         85       0.799942           90.0
          40         85       0.799942          180.0
          40         85       0.802198          135.0
          40         85       0.803278          120.0
          40         85       0.803278          150.0
          40         85       0.804348          105.0
          40         85       0.805700          135.0
          40         85       0.805700          150.0
          40         85       0.809141          105.0
          40         85       0.810200          165.0
          40         85       0.811300          135.0
          40         85       0.813950           90.0
          40         85       0.813950          180.0
          40         85       0.815038           75.0
          40         85       0.816325          135.0
          40         85       0.816325          150.0
          40         85       0.817387          120.0
          40         85       0.817387          165.0
          40         85       0.823645          150.0
          40         85       0.834768          165.0
          40         85       0.835915          210.0
          40         85       0.835915          225.0
          40         85       0.835915          240.0
          40         85       0.838481          165.0
          40         85       0.858536          180.0
          40         85       0.867085          135.0
          40         85       0.883233          120.0
          40         85       0.887012          165.0
          40         85       0.888211          105.0
          40         85       0.893567          150.0
          40         85       0.898870           45.0
          40         85       0.899971          120.0
          40         85       0.899971          150.0
          40         85       0.901047           90.0
          40         85       0.903061          120.0
          40         85       0.905382          165.0
          40         85       0.909262          150.0
          40         85       0.915817          105.0
          40         85       0.915817          135.0
          40         85       0.915817          165.0
          40         85       0.919922          120.0
          40         85       0.919922          135.0
          40         85       0.919922          150.0
          40         85       0.922393          150.0
          40         85       0.923499          165.0
          40         85       0.924665          105.0
          40         85       0.926227          150.0
          40         85       0.928071          105.0
          40         85       0.928071          165.0
          40         85       0.929122          120.0
          40         85       0.930939          135.0
          40         85       0.931954          105.0
          40         85       0.931954          165.0
          40         85       0.935504          165.0
          40         85       0.937327           15.0
          40         85       0.938456          135.0
          40         85       0.941068          120.0
          40         85       0.942842          105.0
          40         85       0.943751           15.0
          40         85       0.944768           30.0
          40         85       0.948661          225.0
          40         85       0.950145          120.0
          40         85       0.950145          135.0
          40         85       0.950145          150.0
          40         85       0.951391          105.0
          40         85       0.951391          165.0
          40         85       0.955264          135.0
          40         85       0.956778          150.0
          40         85       0.963438          105.0
          40         85       0.963438          165.0
          40         85       0.964478          120.0
          40         85       0.964478          150.0
          40         85       0.965473          165.0
          40         85       0.967014          135.0
          40         85       0.970266          120.0
          40         85       0.970266          135.0
          40         85       0.970266          150.0
          40         85       0.970266          165.0
          40         85       0.972680          150.0
          40         85       0.979639          135.0
          40         85       0.980696          150.0
          40         85       0.983286          105.0
          40         85       0.984512           15.0
          40         85       0.985635          105.0
          40         85       0.985635          165.0
          40         85       0.988469          165.0
          40         85       0.991651          165.0
          40         85       0.992663          105.0
          40         85       0.993686          120.0
          40         85       0.993686          150.0
          40         85       0.995145          135.0
          40         85       0.999088          150.0
          40         85       1.000100          165.0
          40         85       1.002549          150.0
          40         85       1.006377          150.0
          40         85       1.011891            0.0
          40         85       1.013051          150.0
          40         85       1.013051          195.0
          40         85       1.019333          135.0
          40         85       1.019333          150.0
          40         85       1.020719          120.0
          40         85       1.027361          150.0
          40         85       1.030243          150.0
          40         85       1.030243          165.0
          40         85       1.033243          150.0
          40         85       1.035848          105.0
          40         85       1.035848          165.0
          40         85       1.042914           90.0
          40         85       1.046354          135.0
          40         85       1.051766          105.0
          40         85       1.051766          165.0
          40         85       1.053668           90.0
          40         85       1.059237          135.0
          40         85       1.060282          150.0
          40         85       1.066123          150.0
          40         85       1.090098          165.0
          40         85       1.096454          180.0
          40         85       1.104438          150.0
          40         85       1.111788           45.0
          40         85       1.114967          150.0
          40         85       1.121558          180.0
          40         85       1.122694          165.0
          40         85       1.126668          105.0
          40         85       1.126668          120.0
          40         85       1.126668          150.0
          40         85       1.126668          165.0
          40         85       1.129661          165.0
          40         85       1.135412          150.0
          40         85       1.137244           60.0
          40         85       1.137244          210.0
          40         85       1.146113           90.0
          40         85       1.175161          105.0
          40         85       1.175161          165.0
          40         85       1.176197          120.0
          40         85       1.176197          150.0
          40         85       1.177931          135.0
          40         85       1.183309          150.0
          40         85       1.185200          105.0
          40         85       1.185200          165.0
          40         85       1.186854          135.0
          40         85       1.189503          165.0
          40         85       1.191416          120.0
          40         85       1.191416          150.0
          40         85       1.193525          150.0
          40         85       1.199668          150.0
          40         85       1.199668          165.0
          40         85       1.206256           15.0
          40         85       1.208165          120.0
          40         85       1.208165          135.0
          40         85       1.208165          150.0
          40         85       1.208165          165.0
          40         85       1.216522          345.0
          40         85       1.283321          120.0
          40         85       1.283321          150.0
          40         85       1.283321          165.0
          40         85       1.285102          180.0
          40         85       1.286911          150.0
          40         85       1.286911          165.0
          40         85       1.291231          150.0
          40         85       1.304449          270.0
          40         85       1.312292          225.0
          40         85       1.314592          195.0
          40         85       1.351246          120.0
          40         85       1.426727          120.0
          40         85       1.426727          135.0
          40         85       1.426727          150.0
          40         85       1.427788          165.0
          40         85       1.430912           30.0
          40         85       1.433352          105.0
          40         85       1.433352          165.0
          40         85       1.439559          105.0
          40         85       1.439559          165.0
          40         85       1.451637           15.0
          40         85       1.451637           30.0
          40         85       1.455649          165.0
          40         85       1.463064          150.0
          40         85       1.464114          105.0
          40         85       1.464114          165.0
          40         85       1.465833          120.0
          40         85       1.465833          135.0
          40         85       1.465833          150.0
          40         85       1.467350          165.0
          40         85       1.469076          300.0
          40         85       1.470289          150.0
          40         85       1.473347          135.0
          40         85       1.475575          120.0
          40         85       1.475575          135.0
          40         85       1.475575          150.0
          40         85       1.475575          165.0
          40         85       1.477450           90.0
          40         85       1.477450          180.0
          40         85       1.478895          120.0
          40         85       1.478895          150.0
          40         85       1.479983          105.0
          40         85       1.481127          150.0
          40         85       1.482153           90.0
          40         85       1.484328            0.0
          40         85       1.485588          150.0
          40         85       1.486629          120.0
          40         85       1.486629          165.0
          40         85       1.487702          105.0
          40         85       1.491415          120.0
          40         85       1.491415          135.0
          40         85       1.491415          150.0
          40         85       1.491415          165.0
          40         85       1.492540          180.0
          40         85       1.493622          165.0
          40         85       1.495455          150.0
          40         85       1.496831          165.0
          40         85       1.498764          120.0
          40         85       1.499825          150.0
          40         85       1.500961           90.0
          40         85       1.516515          180.0
          40         85       1.538476          180.0
          40         85       1.541137          150.0
          40         85       1.542157          165.0
          40         85       1.545030          105.0
          40         85       1.545030          165.0
          40         85       1.546516          150.0
          40         85       1.547586          165.0
          40         85       1.548657          135.0
          40         85       1.548657          150.0
          40         85       1.551975          165.0
          40         85       1.553107          120.0
          40         85       1.553107          150.0
          40         85       1.554133          105.0
          40         85       1.554133          165.0
          40         85       1.558665          150.0
          40         85       1.561219          105.0
          40         85       1.561219          165.0
          40         85       1.562429          180.0
          40         85       1.563422           90.0
          40         85       1.564356           15.0
          40         85       1.575495          105.0
          40         85       1.578715          105.0
          40         85       1.579768          120.0
          40         85       1.579768          150.0
          40         85       1.580793          135.0
          40         85       1.584430          150.0
          40         85       1.586534          165.0
          40         85       1.588700          180.0
          40         85       1.591674          105.0
          40         85       1.595893          165.0
          40         85       1.597012           90.0
          40         85       1.597012          180.0
          40         85       1.598893          105.0
          40         85       1.599946           60.0
          40         85       1.603043            0.0
          40         85       1.603043           15.0
          40         85       1.604347           90.0
          40         85       1.606229          105.0
          40         85       1.607311           75.0
          40         85       1.608461          105.0
          40         85       1.608461          165.0
          40         85       1.611479          150.0
          40         85       1.611479          165.0
          40         85       1.613323          105.0
          40         85       1.614523           90.0
          40         85       1.614523          180.0
          40         85       1.615651          105.0
          40         85       1.620711          150.0
          40         85       1.620711          165.0
          40         85       1.626924          120.0
          40         85       1.626924          150.0
          40         85       1.634633          105.0
          40         85       1.634633          165.0
          40         85       1.639528          150.0
          40         85       1.643032           90.0
          40         85       1.643032          180.0
          40         85       1.644264          135.0
          40         85       1.645891          150.0
          40         85       1.647352           90.0
          40         85       1.648538          135.0
          40         85       1.649926           60.0
          40         85       1.651022          345.0
          40         85       1.652274          105.0
          40         85       1.652274          165.0
          40         85       1.654982          150.0
          40         85       1.656157          105.0
          40         85       1.656157          120.0
          40         85       1.656157          165.0
          40         85       1.658649          105.0
          40         85       1.658649          165.0
          40         85       1.660040          240.0
          40         85       1.661347          135.0
          40         85       1.662542          105.0
          40         85       1.662542          165.0
          40         85       1.663899          180.0
          40         85       1.665026          105.0
          40         85       1.665026          165.0
          40         85       1.666251          120.0
          40         85       1.666251          135.0
          40         85       1.668908          150.0
          40         85       1.670083          345.0
          40         85       1.671399          105.0
          40         85       1.671399          165.0
          40         85       1.672546           45.0
          40         85       1.673696          105.0
          40         85       1.673696          120.0
          40         85       1.673696          150.0
          40         85       1.675207           90.0
          40         85       1.676282          135.0
          40         85       1.677825          105.0
          40         85       1.677825          120.0
          40         85       1.677825          150.0
          40         85       1.684317          150.0
          40         85       1.685774          120.0
          40         85       1.685774          135.0
          40         85       1.692348          120.0
          40         85       1.692348          165.0
          40         85       1.694020          150.0
          40         85       1.697602          120.0
          40         85       1.697602          135.0
          40         85       1.697602          150.0
          40         85       1.699030          165.0
          40         85       1.705872          165.0
          40         85       1.709608          165.0
          40         85       1.711309          150.0
          40         85       1.712351           90.0
          40         85       1.712351          180.0
          40         85       1.727971           15.0
          40         85       1.740866          135.0
          40         85       1.742379          150.0
          40         85       1.748352          105.0
          40         85       1.751940          135.0
          40         85       1.755774          120.0
          40         85       1.755774          150.0
          40         85       1.755774          165.0
          40         85       1.757193          135.0
          40         85       1.762985          105.0
          40         85       1.762985          165.0
          40         85       1.764375          150.0
          40         85       1.766554          180.0
          40         85       1.769782          150.0
          40         85       1.777482          135.0
          40         85       1.789414           15.0
          40         85       1.790930          105.0
          40         85       1.790930          165.0
          40         85       1.797895          105.0
          40         85       1.797895          165.0
          40         85       1.806989          165.0
          40         85       1.812317          150.0
          40         85       1.818368          150.0
          40         85       1.820887          150.0
          40         85       1.823240          150.0
          40         85       1.824682          165.0
          40         85       1.826141          105.0
          40         85       1.831332           30.0
          40         85       1.833754          120.0
          40         85       1.833754          150.0
          40         85       1.833754          165.0
          40         85       1.843993          135.0
          40         85       1.843993          150.0
          40         85       1.843993          165.0
          40         85       1.847051          285.0
          40         85       1.847051          300.0
          40         85       1.847051          315.0
          40         85       1.850016          105.0
          40         85       1.850016          165.0
          40         85       1.853793          165.0
          40         85       1.855864          165.0
          40         85       1.857286          210.0
          40         85       1.857286          225.0
          40         85       1.857286          240.0
          40         85       1.860112           75.0
          40         85       1.944700          120.0
          40         85       1.944700          135.0
          40         85       1.944700          150.0
          40         85       1.944700          165.0
          40         85       1.946047          180.0
          40         85       1.948503          105.0
          40         85       1.952317          120.0
          40         85       1.952317          150.0
          40         85       1.952317          165.0
          40         85       1.953547          240.0
          40         85       1.959914          150.0
          40         85       1.961011          135.0
          40         85       1.967715          165.0
          40         85       1.969071          105.0
          40         85       1.970180          135.0
          40         85       1.970180          150.0
          40         85       1.971243          120.0
          40         85       1.972329          135.0
          40         85       1.972329          150.0
          40         85       1.975762          150.0
          40         85       1.977110          120.0
          40         85       1.977110          135.0
          40         85       1.978157          150.0
          40         85       1.979247          120.0
          40         85       1.982407           90.0
          40         85       1.983578           60.0
          40         85       1.988850          120.0
          40         85       1.988850          150.0
          40         85       1.991909          165.0
          40         85       1.993047          120.0
          40         85       1.993047          135.0
          40         85       1.993047          150.0
          40         85       1.994301           15.0
          40         85       1.994301           30.0
          40         85       1.997313          120.0
          40         85       1.999817          240.0
          40         85       2.001077          135.0
          40         85       2.002121          150.0
          40         85       2.007909           75.0
          40         85       2.009317          240.0
          40         85       2.011325          120.0
          40         85       2.011325          135.0
          40         85       2.012405          165.0
          40         85       2.015938          165.0
          40         85       2.017299          150.0
          40         85       2.018817          135.0
          40         85       2.024167          135.0
          40         85       2.025411           45.0
          40         85       2.032436          105.0
          40         85       2.032436          165.0
          40         85       2.033516          150.0
          40         85       2.034600          135.0
          40         85       2.037034          165.0
          40         85       2.040680          120.0
          40         85       2.040680          150.0
          40         85       2.040680          165.0
          40         85       2.041712          135.0
          40         85       2.042766          150.0
          40         85       2.046844            0.0
          40         85       2.046844           15.0
          40         85       2.048969          105.0
          40         85       2.048969          165.0
          40         85       2.057309          150.0
          40         85       2.058270          180.0
          40         85       2.059342          165.0
          40         85       2.068133           90.0
          40         85       2.068133          180.0
          40         85       2.069243           75.0
          40         85       2.070319          105.0
          40         85       2.075594          180.0
          40         85       2.077292          195.0
          40         85       2.078376          120.0
          40         85       2.083098          105.0
          40         85       2.083098          150.0
          40         85       2.089217           75.0
          40         85       2.099629          180.0
          40         85       2.836909          135.0
          40         85       2.842598          120.0
          40         85       2.842598          150.0
          40         85       2.842598          165.0
          40         85       2.851270          120.0
          40         85       2.851270          150.0
          40         85       2.851270          165.0
          40         85       2.852995          135.0
          40         85       2.894981          150.0
          40         85       2.903793          120.0
          40         85       2.903793          150.0
          40         85       2.903793          165.0
          40         85       2.905461           90.0
          40         85       2.905461          180.0
          40         85       2.908321          150.0
          40         85       2.910771          120.0
          40         85       2.910771          150.0
          40         85       2.912397          135.0
          40         85       2.916789           90.0
          40         85       2.916789          180.0
          40         85       2.919904          150.0
          40         85       2.920903          105.0
          40         85       2.920903          165.0
          40         85       2.922575          120.0
          40         85       2.929446          150.0
          40         85       2.931096          120.0
          40         85       2.933915           90.0
          40         85       2.933915          180.0
          40         85       2.937740          150.0
          40         85       2.938821          120.0
          40         85       2.938821          135.0
          40         85       2.946276          150.0
          40         85       2.946276          165.0
          40         85       2.947358          135.0
          40         85       2.948776          150.0
          40         85       2.948776          165.0
          40         85       2.952018          135.0
          40         85       2.954899          165.0
          40         85       2.998633          105.0
          45         90       0.012676          270.0
          45         90       0.015442          105.0
          45         90       0.015442          120.0
          45         90       0.015442          150.0
          45         90       0.020375           90.0
          45         90       0.021753          225.0
          45         90       0.035563          180.0
          45         90       0.045097          135.0
          45         90       0.072620          105.0
          45         90       0.072620          165.0
          45         90       0.080233          330.0
          45         90       0.081700          165.0
          45         90       0.085690          135.0
          45         90       0.091098          150.0
          45         90       0.099915          150.0
          45         90       0.101016          135.0
          45         90       0.103254          120.0
          45         90       0.103254          150.0
          45         90       0.103254          165.0
          45         90       0.104350          105.0
          45         90       0.105537          150.0
          45         90       0.108108          135.0
          45         90       0.109201          120.0
          45         90       0.109201          150.0
          45         90       0.113254           90.0
          45         90       0.113254          105.0
          45         90       0.113254          120.0
          45         90       0.114321           75.0
          45         90       0.115446           90.0
          45         90       0.118081          165.0
          45         90       0.121973          150.0
          45         90       0.121973          165.0
          45         90       0.121973          180.0
          45         90       0.123147           15.0
          45         90       0.124483           30.0
          45         90       0.129301           30.0
          45         90       0.131726           90.0
          45         90       0.136378          135.0
          45         90       0.144825          150.0
          45         90       0.150071          120.0
          45         90       0.150071          135.0
          45         90       0.150071          150.0
          45         90       0.162317          165.0
          45         90       0.163786          195.0
          45         90       0.170071           90.0
          45         90       0.175011          135.0
          45         90       0.179489          165.0
          45         90       0.183258          135.0
          45         90       0.183258          150.0
          45         90       0.186518          135.0
          45         90       0.186518          315.0
          45         90       0.193934          105.0
          45         90       0.193934          165.0
          45         90       0.195325          120.0
          45         90       0.201165          120.0
          45         90       0.201165          135.0
          45         90       0.201165          150.0
          45         90       0.203529          330.0
          45         90       0.218058           90.0
          45         90       0.219262          120.0
          45         90       0.219262          135.0
          45         90       0.219262          150.0
          45         90       0.220757          255.0
          45         90       0.223803          120.0
          45         90       0.229446          255.0
          45         90       0.232112          135.0
          45         90       0.239676          105.0
          45         90       0.239676          165.0
          45         90       0.241141          120.0
          45         90       0.241141          150.0
          45         90       0.246071          135.0
          45         90       0.250379          120.0
          45         90       0.250379          150.0
          45         90       0.250379          165.0
          45         90       0.255132          165.0
          45         90       0.275629           15.0
          45         90       0.275629           75.0
          45         90       0.297640          180.0
          45         90       0.302534          165.0
          45         90       0.304839          135.0
          45         90       0.310350           30.0
          45         90       0.314358          225.0
          45         90       0.315434          105.0
          45         90       0.315434          165.0
          45         90       0.316506          120.0
          45         90       0.317577          105.0
          45         90       0.317577          165.0
          45         90       0.321047          105.0
          45         90       0.321047          165.0
          45         90       0.322077          135.0
          45         90       0.323145           90.0
          45         90       0.330001          120.0
          45         90       0.330001          135.0
          45         90       0.331067          150.0
          45         90       0.332129           90.0
          45         90       0.334307          255.0
          45         90       0.336897          165.0
          45         90       0.341797          105.0
          45         90       0.341797          165.0
          45         90       0.342849          135.0
          45         90       0.345612          105.0
          45         90       0.349370          135.0
          45         90       0.350497           75.0
          45         90       0.350497           90.0
          45         90       0.351532            0.0
          45         90       0.374239          225.0
          45         90       0.375417          135.0
          45         90       0.377132          315.0
          45         90       0.379278          345.0
          45         90       0.390003          135.0
          45         90       0.391055          165.0
          45         90       0.393469           30.0
          45         90       0.393469          240.0
          45         90       0.398120          135.0
          45         90       0.398120          315.0
          45         90       0.400792          135.0
          45         90       0.401871          150.0
          45         90       0.407442           30.0
          45         90       0.424081          135.0
          45         90       0.425817           90.0
          45         90       0.425817          180.0
          45         90       0.431001          315.0
          45         90       0.435961           90.0
          45         90       0.437795          105.0
          45         90       0.437795          165.0
          45         90       0.439540          180.0
          45         90       0.441719          195.0
          45         90       0.446433           90.0
          45         90       0.448225           45.0
          45         90       0.449383           90.0
          45         90       0.451554          225.0
          45         90       0.458472          135.0
          45         90       0.458472          315.0
          45         90       0.459667          255.0
          45         90       0.465811          135.0
          45         90       0.466954          150.0
          45         90       0.468930          105.0
          45         90       0.468930          165.0
          45         90       0.470088          120.0
          45         90       0.473059          150.0
          45         90       0.476711           90.0
          45         90       0.476711          165.0
          45         90       0.477825          180.0
          45         90       0.479444           45.0
          45         90       0.480693          120.0
          45         90       0.481770          150.0
          45         90       0.486547           90.0
          45         90       0.488415          105.0
          45         90       0.488415          165.0
          45         90       0.489782          120.0
          45         90       0.489782          135.0
          45         90       0.489782          150.0
          45         90       0.495348          105.0
          45         90       0.495348          165.0
          45         90       0.498110          165.0
          45         90       0.499554          180.0
          45         90       0.501004          270.0
          45         90       0.503055          105.0
          45         90       0.503055          165.0
          45         90       0.505576          150.0
          45         90       0.507073          165.0
          45         90       0.508223          120.0
          45         90       0.509364          105.0
          45         90       0.509364          165.0
          45         90       0.511586          135.0
          45         90       0.512614          180.0
          45         90       0.516816            0.0
          45         90       0.516816           90.0
          45         90       0.523757           75.0
          45         90       0.523757          195.0
          45         90       0.529948          255.0
          45         90       0.537301          180.0
          45         90       0.554057          135.0
          45         90       0.561559          105.0
          45         90       0.564719          120.0
          45         90       0.564719          135.0
          45         90       0.564719          150.0
          45         90       0.571653          105.0
          45         90       0.571653          165.0
          45         90       0.577045          105.0
          45         90       0.577045          165.0
          45         90       0.579147          135.0
          45         90       0.580729          105.0
          45         90       0.580729          165.0
          45         90       0.582143          120.0
          45         90       0.582143          135.0
          45         90       0.582143          150.0
          45         90       0.587416          120.0
          45         90       0.590321          180.0
          45         90       0.591660           90.0
          45         90       0.594774          150.0
          45         90       0.594774          165.0
          45         90       0.596243          135.0
          45         90       0.603114          105.0
          45         90       0.603114          165.0
          45         90       0.604412          120.0
          45         90       0.606305          135.0
          45         90       0.606305          150.0
          45         90       0.608067          255.0
          45         90       0.618237          135.0
          45         90       0.619379          120.0
          45         90       0.619379          150.0
          45         90       0.619379          165.0
          45         90       0.619379          180.0
          45         90       0.624850          135.0
          45         90       0.626067          120.0
          45         90       0.626067          150.0
          45         90       0.627196          105.0
          45         90       0.627196          135.0
          45         90       0.627196          165.0
          45         90       0.629211          150.0
          45         90       0.633907          120.0
          45         90       0.633907          150.0
          45         90       0.635473          180.0
          45         90       0.636646          150.0
          45         90       0.641723          120.0
          45         90       0.641723          150.0
          45         90       0.645170           60.0
          45         90       0.645170          210.0
          45         90       0.647600          105.0
          45         90       0.649536          120.0
          45         90       0.649536          150.0
          45         90       0.649536          165.0
          45         90       0.653088          105.0
          45         90       0.656293           75.0
          45         90       0.657407          105.0
          45         90       0.657407          165.0
          45         90       0.659680          255.0
          45         90       0.660856           30.0
          45         90       0.660856          240.0
          45         90       0.661984           90.0
          45         90       0.663233          135.0
          45         90       0.664254          120.0
          45         90       0.665368          135.0
          45         90       0.665368          150.0
          45         90       0.665368          165.0
          45         90       0.668686          240.0
          45         90       0.673153          150.0
          45         90       0.695483          165.0
          45         90       0.741083          120.0
          45         90       0.741083          135.0
          45         90       0.741083          150.0
          45         90       0.749364          150.0
          45         90       0.751560          135.0
          45         90       0.757626          135.0
          45         90       0.765804          315.0
          45         90       0.774407          120.0
          45         90       0.774407          150.0
          45         90       0.774407          165.0
          45         90       0.779992           90.0
          45         90       0.782836           15.0
          45         90       0.782836           30.0
          45         90       0.785300          135.0
          45         90       0.787282            0.0
          45         90       0.791297          120.0
          45         90       0.791297          135.0
          45         90       0.791297          150.0
          45         90       0.793872          135.0
          45         90       0.793872          150.0
          45         90       0.799993          120.0
          45         90       0.799993          150.0
          45         90       0.799993          165.0
          45         90       0.808465          150.0
          45         90       0.812675          135.0
          45         90       0.816764          150.0
          45         90       0.819302          135.0
          45         90       0.825840          165.0
          45         90       0.827676          180.0
          45         90       0.834376          135.0
          45         90       0.835459          165.0
          45         90       0.975196           45.0
          45         90       0.983993          120.0
          45         90       0.983993          135.0
          45         90       0.983993          150.0
          45         90       0.992672          120.0
          45         90       1.003648          180.0
          45         90       1.005699           90.0
          45         90       1.007127          150.0
          45         90       1.017383          300.0
          45         90       1.051121          105.0
          45         90       1.053192           15.0
          45         90       1.053192           90.0
          45         90       1.055061          135.0
          45         90       1.059937          180.0
          45         90       1.059937          270.0
          45         90       1.063168          330.0
          45         90       1.064642          135.0
          45         90       1.068663          165.0
          45         90       1.069985          120.0
          45         90       1.077572           60.0
          45         90       1.077572          210.0
          45         90       1.078957           75.0
          45         90       1.078957          195.0
          45         90       1.082543          165.0
          45         90       1.086618          120.0
          45         90       1.087745          255.0
          45         90       1.089261          135.0
          45         90       1.091376          120.0
          45         90       1.091376          150.0
          45         90       1.099276          315.0
          45         90       1.117073          285.0
          45         90       1.118376          120.0
          45         90       1.118376          150.0
          45         90       1.118376          165.0
          45         90       1.126047           60.0
          45         90       1.126047          210.0
          45         90       1.127464          135.0
          45         90       1.129415          105.0
          45         90       1.129415          165.0
          45         90       1.131400          120.0
          45         90       1.131400          150.0
          45         90       1.132647          135.0
          45         90       1.134692          105.0
          45         90       1.134692          165.0
          45         90       1.137659          135.0
          45         90       1.141703           60.0
          45         90       1.141703          210.0
          45         90       1.142789          255.0
          45         90       1.145206           45.0
          45         90       1.145206          225.0
          45         90       1.147376          195.0
          45         90       1.147376          255.0
          45         90       1.152731          120.0
          45         90       1.153975          135.0
          45         90       1.155168          150.0
          45         90       1.156251          135.0
          45         90       1.164172          105.0
          45         90       1.164172          165.0
          45         90       1.169944          135.0
          45         90       1.172632          135.0
          45         90       1.174321          150.0
          45         90       1.182891          150.0
          45         90       1.196429          135.0
          45         90       1.204981          120.0
          45         90       1.238958           90.0
          45         90       1.261961           15.0
          45         90       1.261961           75.0
          45         90       1.349262          120.0
          45         90       1.349262          135.0
          45         90       1.349262          150.0
          45         90       1.352171          135.0
          45         90       1.361068          135.0
          45         90       1.362106          105.0
          45         90       1.362106          150.0
          45         90       1.363163          165.0
          45         90       1.364254           90.0
          45         90       1.368139          135.0
          45         90       1.369438          165.0
          45         90       1.370550          135.0
          45         90       1.371649          150.0
          45         90       1.373697          120.0
          45         90       1.377586          120.0
          45         90       1.377586          135.0
          45         90       1.377586          150.0
          45         90       1.378790           30.0
          45         90       1.380356          135.0
          45         90       1.380356          150.0
          45         90       1.381409          165.0
          45         90       1.383139           75.0
          45         90       1.387198           15.0
          45         90       1.388353          150.0
          45         90       1.389850          165.0
          45         90       1.391520          150.0
          45         90       1.392592          105.0
          45         90       1.396686           30.0
          45         90       1.397891          135.0
          45         90       1.397891          150.0
          45         90       1.399329          105.0
          45         90       1.399329          165.0
          45         90       1.406141           30.0
          45         90       1.408743          180.0
          45         90       1.426997          150.0
          45         90       1.426997          165.0
          45         90       1.426997          180.0
          45         90       1.648188          105.0
          45         90       1.649260          120.0
          45         90       1.650309          150.0
          45         90       1.651434          120.0
          45         90       1.656711          120.0
          45         90       1.656711          135.0
          45         90       1.656711          150.0
          45         90       1.657739          105.0
          45         90       1.657739          165.0
          45         90       1.658782          120.0
          45         90       1.658782          150.0
          45         90       1.659844          135.0
          45         90       1.660864          120.0
          45         90       1.660864          150.0
          45         90       1.661911          135.0
          45         90       1.665102          105.0
          45         90       1.665102          165.0
          45         90       1.666151          135.0
          45         90       1.667219          105.0
          45         90       1.667219          120.0
          45         90       1.667219          150.0
          45         90       1.669220          135.0
          45         90       1.674508          105.0
          45         90       1.674508          165.0
          45         90       1.675583          120.0
          45         90       1.675583          150.0
          45         90       1.681520           75.0
          45         90       1.682731          135.0
          45         90       1.683766          150.0
          45         90       1.685792          135.0
          45         90       1.689928          120.0
          45         90       1.691114           30.0
          45         90       1.692175           45.0
          45         90       1.695040          135.0
          45         90       1.697909          195.0
          45         90       1.699739          135.0
          45         90       1.699739          150.0
          45         90       1.700993          120.0
          45         90       1.702032          150.0
          45         90       1.702032          165.0
          45         90       1.703083          105.0
          45         90       1.704161          120.0
          45         90       1.704161          135.0
          45         90       1.704161          150.0
          45         90       1.706573          135.0
          45         90       1.708442          120.0
          45         90       1.710717          150.0
          45         90       1.714411          105.0
          45         90       1.714411          165.0
          45         90       1.728280          345.0
          45         90       1.729317          120.0
          45         90       1.733083           90.0
          45         90       1.733083          105.0
          45         90       1.733083          120.0
          45         90       1.733083          135.0
          45         90       1.733083          150.0
          45         90       1.733083          165.0
          45         90       1.733083          180.0
          45         90       1.736598          105.0
          45         90       1.736598          165.0
          45         90       1.737689          135.0
          45         90       1.739325           75.0
          45         90       1.745164          150.0
          45         90       1.760371          120.0
          45         90       1.766715           30.0
          45         90       1.776907          270.0
          45         90       1.781543          120.0
          45         90       1.781543          150.0
          45         90       1.781543          165.0
          45         90       1.782804          135.0
          45         90       1.783817          120.0
          45         90       1.783817          150.0
          45         90       1.783817          165.0
          45         90       1.784872          135.0
          45         90       1.789179          135.0
          45         90       1.790723          150.0
          45         90       1.792521          135.0
          45         90       1.796926          120.0
          45         90       1.796926          150.0
          45         90       1.796926          165.0
          45         90       1.798438          135.0
          45         90       1.799452          105.0
          45         90       1.799452          165.0
          45         90       1.804692          120.0
          45         90       1.804692          150.0
          45         90       1.806208          135.0
          45         90       1.807215          120.0
          45         90       1.807215          150.0
          45         90       1.808376           30.0
          45         90       1.808376           45.0
          45         90       1.808376           75.0
          45         90       1.809497           90.0
          45         90       1.809497          180.0
          45         90       1.810592          120.0
          45         90       1.812469          135.0
          45         90       1.812469          150.0
          45         90       1.813977          120.0
          45         90       1.815008          150.0
          45         90       1.816083          135.0
          45         90       1.818375           90.0
          45         90       1.820254          120.0
          45         90       1.820254          150.0
          45         90       1.820254          165.0
          45         90       1.821800          135.0
          45         90       1.824594          255.0
          45         90       1.828042          135.0
          45         90       1.829614          120.0
          45         90       1.831477           90.0
          45         90       1.831477          180.0
          45         90       1.832770          105.0
          45         90       1.832770          165.0
          45         90       1.835821          135.0
          45         90       1.835821          150.0
          45         90       1.837145          165.0
          45         90       1.838260          150.0
          45         90       1.839243          180.0
          45         90       1.840543           90.0
          45         90       1.851626          150.0
          45         90       1.856398          180.0
          45         90       1.857553          150.0
          45         90       1.864529          120.0
          45         90       1.867598           90.0
          45         90       1.870957           90.0
          45         90       1.872098          165.0
          45         90       1.872098          180.0
          45         90       1.873234           90.0
          45         90       1.875415          105.0
          45         90       1.878743          180.0
          45         90       1.879993           90.0
          45         90       1.881053           75.0
          45         90       1.881053          195.0
          45         90       1.882922          135.0
          45         90       1.882922          150.0
          45         90       1.886773          180.0
          45         90       1.887852           90.0
          45         90       1.888893          105.0
          45         90       1.890706          135.0
          45         90       1.894562           90.0
          45         90       1.894562          180.0
          45         90       1.898524          120.0
          45         90       1.898524          150.0
          45         90       1.898524          165.0
          45         90       1.899934          135.0
          45         90       1.902198          135.0
          45         90       1.904418            0.0
          45         90       1.904418           90.0
          45         90       1.906446          120.0
          45         90       1.906446          135.0
          45         90       1.906446          150.0
          45         90       1.907840          165.0
          45         90       1.910078          150.0
          45         90       1.911179          180.0
          45         90       1.912317           60.0
          45         90       1.914508          120.0
          45         90       1.914508          135.0
          45         90       1.914508          150.0
          45         90       1.916959          165.0
          45         90       1.920125           60.0
          45         90       1.921195          270.0
          45         90       1.922633          120.0
          45         90       1.922633          150.0
          45         90       1.922633          165.0
          45         90       1.924168          105.0
          45         90       1.925243          165.0
          45         90       1.926532          180.0
          45         90       1.928098          270.0
          45         90       1.930821          120.0
          45         90       1.930821          135.0
          45         90       1.930821          150.0
          45         90       1.932409          165.0
          45         90       1.933430          120.0
          45         90       1.933430          135.0
          45         90       1.933430          150.0
          45         90       1.938964           75.0
          45         90       1.938964          105.0
          45         90       1.940569          135.0
          45         90       1.943160          240.0
          45         90       1.943160          300.0
          45         90       1.949719           90.0
          45         90       1.949719          105.0
          45         90       1.949719          120.0
          45         90       1.949719          135.0
          45         90       1.949719          150.0
          45         90       1.952328          120.0
          45         90       1.955870          135.0
          45         90       1.956876          120.0
          45         90       1.956876          150.0
          45         90       1.957924          165.0
          45         90       1.962399          120.0
          45         90       1.963987          135.0
          45         90       1.965129           15.0
          45         90       1.967266          120.0
          45         90       1.967266          135.0
          45         90       1.967266          150.0
          45         90       1.970543          120.0
          45         90       1.972116          135.0
          45         90       1.974133          150.0
          45         90       1.974133          165.0
          45         90       1.974133          180.0
          45         90       1.983429          180.0
          45         90       1.988711           90.0
          45         90       1.993667          135.0
          45         90       1.995129          180.0
          45         90       1.996772          225.0
          45         90       1.997887          105.0
          45         90       1.997887          165.0
          45         90       2.001688          270.0
          45         90       2.004932          135.0
          45         90       2.006417          165.0
          45         90       2.009910           60.0
          45         90       2.013282           15.0
          45         90       2.014750          255.0
          45         90       2.018049           60.0
          45         90       2.027293          120.0
          45         90       2.029793            0.0
          45         90       2.030989           15.0
          45         90       2.034448          105.0
          45         90       2.034448          345.0
          45         90       2.035491          135.0
          45         90       2.037186          105.0
          45         90       2.038215          195.0
          45         90       2.038215          210.0
          45         90       2.041188          165.0
          45         90       2.046385          105.0
          45         90       2.047604          135.0
          45         90       2.047604          315.0
          45         90       2.049582            0.0
          45         90       2.057761          135.0
          45         90       2.150706          135.0
          45         90       2.181676          150.0
          45         90       2.196735          135.0
          45         90       2.197856          105.0
          45         90       2.197856          120.0
          45         90       2.197856          150.0
          45         90       2.200444          135.0
          45         90       2.204981          105.0
          45         90       2.204981          165.0
          45         90       2.208686          165.0
          45         90       2.213321          120.0
          45         90       2.213321          135.0
          45         90       2.216727          135.0
          45         90       2.216727          150.0
          45         90       2.219727          150.0
          45         90       2.222411          120.0
          45         90       2.222411          150.0
          45         90       2.231106          120.0
          45         90       2.231106          150.0
          45         90       2.234254          180.0
          45         90       2.238471          195.0
          45         90       2.239879          120.0
          45         90       2.239879          135.0
          45         90       2.239879          150.0
          45         90       2.242264          165.0
          45         90       2.248448          135.0
          45         90       2.257272          165.0
          45         90       2.258948          135.0
          45         90       2.260336          300.0
          45         90       2.260336          315.0
          45         90       2.260336          330.0
          45         90       2.262512          180.0
          45         90       2.265608          165.0
          45         90       2.266614          120.0
          45         90       2.270532          180.0
          45         90       2.271762           90.0
          45         90       2.284340            0.0
          45         90       2.305848           90.0
          45         90       2.307347          270.0
          45         90       2.328956          195.0
          45         90       2.439679          135.0
          45         90       2.439679          315.0
          45         90       2.443671          135.0
          45         90       2.448417          105.0
          45         90       2.450890           90.0
          45         90       2.452629          120.0
          45         90       2.452629          135.0
          45         90       2.452629          150.0
          45         90       2.454954          135.0
          45         90       2.455969          105.0
          45         90       2.457409          135.0
          45         90       2.458488           90.0
          45         90       2.458488          180.0
          45         90       2.461547          225.0
          45         90       2.463948          135.0
          45         90       2.466063          150.0
          45         90       2.470688          120.0
          45         90       2.470688          150.0
          45         90       2.472116          135.0
          45         90       2.473213          165.0
          45         90       2.476141          150.0
          45         90       2.477561          135.0
          45         90       2.479657           30.0
          45         90       2.484530          135.0
          45         90       2.486598          120.0
          45         90       2.498278          150.0
          45         90       2.501307          165.0
          45         90       2.504640           90.0
          45         90       2.504640          180.0
          45         90       2.507158          150.0
          45         90       2.508864          135.0
          45         90       2.510911          150.0
          45         90       2.512218          135.0
          45         90       2.515540          150.0
          45         90       2.519762          105.0
          45         90       2.519762          165.0
          45         90       2.521106          120.0
          45         90       2.524497          150.0
          45         90       2.528715          120.0
          45         90       2.528715          135.0
          45         90       2.530043           90.0
          45         90       2.535790           90.0
          45         90       2.535790          180.0
          45         90       2.537988          180.0
          45         90       2.539148            0.0
          45         90       2.540393          345.0
          45         90       2.542679          315.0
          45         90       2.544885          195.0
          45         90       2.548230           90.0
          45         90       2.551985          105.0
          45         90       2.551985          165.0
          45         90       2.554267          135.0
          45         90       2.558170          120.0
          45         90       2.561564          120.0
          45         90       2.561564          150.0
          45         90       2.672305          105.0
          45         90       2.672305          165.0
          45         90       2.674338          150.0
          45         90       2.699059          120.0
          45         90       2.699059          135.0
          45         90       2.699059          150.0
          45         90       2.700139          105.0
          45         90       2.708686          105.0
          45         90       2.708686          165.0
          45         90       2.718534          135.0
          45         90       2.774584          105.0
          45         90       2.774584          165.0
          45         90       2.782946          105.0
          45         90       2.782946          165.0
          45         90       2.783977          150.0
          45         90       2.908946          105.0
          45         90       2.908946          165.0
          45         90       2.913977          105.0
          45         90       2.913977          165.0
          45         90       2.917743          120.0
          45         90       2.917743          150.0
          45         90       2.918852          165.0
          45         90       2.920782          105.0
          45         90       2.920782          120.0
          45         90       2.920782          150.0
          45         90       2.921887          165.0
          45         90       2.925649          105.0
          45         90       2.925649          120.0
          45         90       2.925649          150.0
          45         90       2.926723          165.0
          45         90       2.927813          105.0
          45         90       2.934782          120.0
          45         90       2.934782          135.0
          45         90       2.934782          150.0
          45         90       2.935848           90.0
          45         90       2.935848          105.0
          45         90       2.935848          165.0
          45         90       2.935848          180.0
          45         90       2.942313          150.0
          45         90       2.943364          135.0
          45         90       2.993040          165.0
          50         95       0.012682          120.0
          50         95       0.019993          105.0
          50         95       0.019993          135.0
          50         95       0.019993          165.0
          50         95       0.030266          105.0
          50         95       0.030266          165.0
          50         95       0.034618          105.0
          50         95       0.035905          135.0
          50         95       0.037251          120.0
          50         95       0.037251          150.0
          50         95       0.037251          165.0
          50         95       0.038735          135.0
          50         95       0.042629          105.0
          50         95       0.042629          165.0
          50         95       0.044120          315.0
          50         95       0.046221          300.0
          50         95       0.050665          135.0
          50         95       0.050665          150.0
          50         95       0.050665          165.0
          50         95       0.052189          120.0
          50         95       0.055237          195.0
          50         95       0.059016          120.0
          50         95       0.059016          150.0
          50         95       0.063168          105.0
          50         95       0.063168          165.0
          50         95       0.064656          180.0
          50         95       0.067567          135.0
          50         95       0.069102          120.0
          50         95       0.069102          150.0
          50         95       0.070575          135.0
          50         95       0.070575          165.0
          50         95       0.074559          150.0
          50         95       0.077999           45.0
          50         95       0.084897          135.0
          50         95       0.087847          135.0
          50         95       0.090421          135.0
          50         95       0.092418          150.0
          50         95       0.092418          165.0
          50         95       0.094001          105.0
          50         95       0.095484           90.0
          50         95       0.097971          165.0
          50         95       0.099284          315.0
          50         95       0.100625          330.0
          50         95       0.108407          135.0
          50         95       0.141885          150.0
          50         95       0.145029          120.0
          50         95       0.224776          165.0
          50         95       0.231667          135.0
          50         95       0.237184          105.0
          50         95       0.237184          165.0
          50         95       0.241344           90.0
          50         95       0.241344          180.0
          50         95       0.243247          105.0
          50         95       0.243247          135.0
          50         95       0.243247          165.0
          50         95       0.244333          120.0
          50         95       0.244333          150.0
          50         95       0.245672          105.0
          50         95       0.245672          165.0
          50         95       0.249290          135.0
          50         95       0.250391          120.0
          50         95       0.250391          150.0
          50         95       0.251681          135.0
          50         95       0.255651          135.0
          50         95       0.260823          165.0
          50         95       0.261967          120.0
          50         95       0.269489           15.0
          50         95       0.271929          135.0
          50         95       0.274391          120.0
          50         95       0.277950           75.0
          50         95       0.277950          195.0
          50         95       0.279050          135.0
          50         95       0.280739          150.0
          50         95       0.280739          165.0
          50         95       0.282540          120.0
          50         95       0.283577          105.0
          50         95       0.283577          165.0
          50         95       0.285123          120.0
          50         95       0.289985          105.0
          50         95       0.289985          165.0
          50         95       0.291050          135.0
          50         95       0.292588          105.0
          50         95       0.292588          165.0
          50         95       0.297157          105.0
          50         95       0.297157          165.0
          50         95       0.298684          150.0
          50         95       0.308083          120.0
          50         95       0.308083          135.0
          50         95       0.308083          165.0
          50         95       0.309165          105.0
          50         95       0.310657           60.0
          50         95       0.313008          120.0
          50         95       0.313008          150.0
          50         95       0.319722          135.0
          50         95       0.322323          135.0
          50         95       0.324684          165.0
          50         95       0.324684          180.0
          50         95       0.326136           45.0
          50         95       0.328301          150.0
          50         95       0.337213          120.0
          50         95       0.337213          150.0
          50         95       0.349614          240.0
          50         95       0.389719            0.0
          50         95       0.389719           15.0
          50         95       0.394184          135.0
          50         95       0.401050          135.0
          50         95       0.402485          120.0
          50         95       0.404315          135.0
          50         95       0.406028          120.0
          50         95       0.415827          135.0
          50         95       0.415827          315.0
          50         95       0.419170          120.0
          50         95       0.429929            0.0
          50         95       0.432426          180.0
          50         95       0.436280          105.0
          50         95       0.439946          165.0
          50         95       0.454278          120.0
          50         95       0.454278          135.0
          50         95       0.454278          150.0
          50         95       0.456631          105.0
          50         95       0.459571          240.0
          50         95       0.460739          120.0
          50         95       0.464976           90.0
          50         95       0.469301          105.0
          50         95       0.469301          165.0
          50         95       0.470603          120.0
          50         95       0.470603          150.0
          50         95       0.471793          135.0
          50         95       0.471793          165.0
          50         95       0.471793          180.0
          50         95       0.472846          150.0
          50         95       0.474059           90.0
          50         95       0.479275          135.0
          50         95       0.480338          105.0
          50         95       0.481434          120.0
          50         95       0.481434          135.0
          50         95       0.483900          150.0
          50         95       0.485024          120.0
          50         95       0.489376          105.0
          50         95       0.489376          165.0
          50         95       0.490989          120.0
          50         95       0.490989          135.0
          50         95       0.490989          150.0
          50         95       0.492104          165.0
          50         95       0.495211          150.0
          50         95       0.499559          105.0
          50         95       0.499559          120.0
          50         95       0.499559          150.0
          50         95       0.502356          150.0
          50         95       0.505301          165.0
          50         95       0.507174          150.0
          50         95       0.514540          135.0
          50         95       0.514540          150.0
          50         95       0.514540          165.0
          50         95       0.516069          105.0
          50         95       0.517469          210.0
          50         95       0.519228          150.0
          50         95       0.528161          240.0
          50         95       0.529290          105.0
          50         95       0.529290          165.0
          50         95       0.549407          120.0
          50         95       0.549407          150.0
          50         95       0.550646          135.0
          50         95       0.555202          135.0
          50         95       0.555202          315.0
          50         95       0.558421          135.0
          50         95       0.558421          315.0
          50         95       0.561043          105.0
          50         95       0.561043          120.0
          50         95       0.562854          135.0
          50         95       0.563950           45.0
          50         95       0.563950           60.0
          50         95       0.565071          135.0
          50         95       0.566584          285.0
          50         95       0.569042          195.0
          50         95       0.577311          195.0
          50         95       0.581926          135.0
          50         95       0.587764          315.0
          50         95       0.589727          120.0
          50         95       0.589727          135.0
          50         95       0.603180          120.0
          50         95       0.603180          150.0
          50         95       0.636507          165.0
          50         95       0.644762          165.0
          50         95       0.654184          165.0
          50         95       0.656479          345.0
          50         95       0.660008          120.0
          50         95       0.660008          135.0
          50         95       0.661828           90.0
          50         95       0.663946           90.0
          50         95       0.663946          180.0
          50         95       0.670593          135.0
          50         95       0.671687           90.0
          50         95       0.682641          120.0
          50         95       0.705764          135.0
          50         95       0.710989          105.0
          50         95       0.710989          120.0
          50         95       0.714547          105.0
          50         95       0.714547          165.0
          50         95       0.717033          120.0
          50         95       0.718626          150.0
          50         95       0.723848          135.0
          50         95       0.723848          150.0
          50         95       0.727387           90.0
          50         95       0.727387          120.0
          50         95       0.727387          150.0
          50         95       0.730804          315.0
          50         95       0.733829          135.0
          50         95       0.735672          150.0
          50         95       0.743039           90.0
          50         95       0.748719           60.0
          50         95       0.748719          210.0
          50         95       0.752948          105.0
          50         95       0.752948          165.0
          50         95       0.759068          120.0
          50         95       0.760782          225.0
          50         95       0.760782          240.0
          50         95       0.762596          105.0
          50         95       0.762596          165.0
          50         95       0.764914          300.0
          50         95       0.768882          135.0
          50         95       0.770082          270.0
          50         95       0.771660          150.0
          50         95       0.775468          135.0
          50         95       0.778930          255.0
          50         95       0.780282          120.0
          50         95       0.786727          165.0
          50         95       0.822115          120.0
          50         95       0.822115          150.0
          50         95       0.825514          105.0
          50         95       0.826934          120.0
          50         95       0.833065          135.0
          50         95       0.847262          210.0
          50         95       0.848581          105.0
          50         95       0.856188          105.0
          50         95       0.856188          165.0
          50         95       0.864526          345.0
          50         95       0.865965          165.0
          50         95       0.867328           15.0
          50         95       0.871958           90.0
          50         95       0.871958          105.0
          50         95       0.874075          150.0
          50         95       0.911206          135.0
          50         95       0.917329          105.0
          50         95       0.917329          165.0
          50         95       0.929243          120.0
          50         95       0.929243          135.0
          50         95       0.929243          150.0
          50         95       0.932510          105.0
          50         95       0.935460          135.0
          50         95       0.938261          135.0
          50         95       0.939641          105.0
          50         95       0.943469           30.0
          50         95       0.943469          240.0
          50         95       0.947715           90.0
          50         95       0.947715          180.0
          50         95       0.950568          120.0
          50         95       0.950568          150.0
          50         95       0.956819          105.0
          50         95       0.956819          165.0
          50         95       0.958231          120.0
          50         95       0.959593          135.0
          50         95       0.961231           30.0
          50         95       0.963251          135.0
          50         95       0.963251          150.0
          50         95       0.964546          165.0
          50         95       0.965889           60.0
          50         95       0.965889           75.0
          50         95       0.967151          120.0
          50         95       0.969421           75.0
          50         95       0.969421          195.0
          50         95       0.970856          150.0
          50         95       0.972285          120.0
          50         95       0.973685          135.0
          50         95       0.975914           90.0
          50         95       0.978227          330.0
          50         95       0.980268          135.0
          50         95       0.983026           60.0
          50         95       0.983026          210.0
          50         95       0.984471          120.0
          50         95       0.985897          105.0
          50         95       0.993701          150.0
          50         95       0.995100          105.0
          50         95       1.001403          300.0
          50         95       1.001403          315.0
          50         95       1.001403          330.0
          50         95       1.004133          105.0
          50         95       1.004133          120.0
          50         95       1.004133          150.0
          50         95       1.010465            0.0
          50         95       1.012418           30.0
          50         95       1.018133            0.0
          50         95       1.030303          150.0
          50         95       1.072001          135.0
          50         95       1.188219          105.0
          50         95       1.188219          165.0
          50         95       1.190275          135.0
          50         95       1.193026          105.0
          50         95       1.193026          165.0
          50         95       1.194154          120.0
          50         95       1.194154          150.0
          50         95       1.197057          105.0
          50         95       1.197057          165.0
          50         95       1.198414           90.0
          50         95       1.198414          180.0
          50         95       1.200899          120.0
          50         95       1.200899          150.0
          50         95       1.205164          120.0
          50         95       1.206501          135.0
          50         95       1.206501          150.0
          50         95       1.207637          105.0
          50         95       1.207637          165.0
          50         95       1.209499          135.0
          50         95       1.211235          165.0
          50         95       1.212329          105.0
          50         95       1.213436          135.0
          50         95       1.214536          150.0
          50         95       1.214536          165.0
          50         95       1.215710          135.0
          50         95       1.221235          135.0
          50         95       1.222305          120.0
          50         95       1.222305          150.0
          50         95       1.223370          135.0
          50         95       1.224450          150.0
          50         95       1.227899          135.0
          50         95       1.227899          150.0
          50         95       1.229930          135.0
          50         95       1.231001          150.0
          50         95       1.232079          120.0
          50         95       1.232079          135.0
          50         95       1.233184          150.0
          50         95       1.234290          105.0
          50         95       1.235709          330.0
          50         95       1.237856          135.0
          50         95       1.242598          240.0
          50         95       1.243753          135.0
          50         95       1.249383          255.0
          50         95       1.251368          135.0
          50         95       1.251368          150.0
          50         95       1.256848          105.0
          50         95       1.261991          135.0
          50         95       1.263772          165.0
          50         95       1.267245          165.0
          50         95       1.275663          135.0
          50         95       1.289649          105.0
          50         95       1.291778          165.0
          50         95       1.293157          120.0
          50         95       1.293157          135.0
          50         95       1.293157          150.0
          50         95       1.293157          180.0
          50         95       1.306227          285.0
          50         95       1.307414          270.0
          50         95       1.559393          135.0
          50         95       1.563136          135.0
          50         95       1.627391          120.0
          50         95       1.627391          150.0
          50         95       1.627391          165.0
          50         95       1.629307          105.0
          50         95       2.290485           90.0
          50         95       2.290485          180.0
          50         95       2.293768          165.0
          50         95       2.296563          120.0
          50         95       2.296563          135.0
          50         95       2.296563          150.0
          50         95       2.475776           75.0
          50         95       2.481325          105.0
          50         95       2.481325          165.0
          50         95       2.482572          120.0
          50         95       2.482572          150.0
          50         95       2.485408          120.0
          50         95       2.486628          165.0
          50         95       2.491446          135.0
          50         95       2.493145          120.0
          50         95       2.493145          165.0
          50         95       2.501032          120.0
          50         95       2.501032          150.0
          50         95       2.502168           90.0
          50         95       2.502168          165.0
          50         95       2.503594          105.0
          50         95       2.506702          135.0
          50         95       2.509018          105.0
          50         95       2.509018          120.0
          50         95       2.522883          105.0
          50         95       2.522883          120.0
          50         95       2.522883          165.0
          50         95       2.525126          165.0
          50         95       2.533171           15.0
          50         95       2.549542          135.0
          50         95       2.554825          165.0
          50         95       2.556754          105.0
          50         95       2.556754          135.0
          50         95       2.556754          150.0
          50         95       2.560186          105.0
          50         95       2.562436           60.0
          50         95       2.564858          135.0
          50         95       2.567254          105.0
          50         95       2.567254          135.0
          50         95       2.567254          150.0
          50         95       2.567254          165.0
          50         95       2.578286           75.0
          50         95       2.583175           45.0
          50         95       2.583175          225.0
          50         95       2.584916          210.0
          50         95       2.586715           75.0
          50         95       2.589305          180.0
          50         95       2.593768           75.0
          50         95       2.602584          330.0
          50         95       2.615606            0.0
          50         95       2.630662          210.0
          50         95       2.632573           75.0
          55        100       0.211973          105.0
          55        100       0.211973          165.0
          55        100       0.214126          105.0
          55        100       0.214126          165.0
          55        100       0.221840          120.0
          55        100       0.222930           30.0
          55        100       0.230447          120.0
          55        100       0.243508          120.0
          55        100       0.243508          135.0
          55        100       0.289262          120.0
          55        100       0.289262          135.0
          55        100       0.289262          150.0
          55        100       0.432372          120.0
          55        100       0.432372          150.0
          55        100       0.433899           15.0
          55        100       0.999593          135.0
          55        100       1.001372          165.0
          55        100       1.009821          120.0
          55        100       1.009821          135.0
          55        100       1.009821          150.0
          55        100       1.011477          105.0
          55        100       1.012737          135.0
          55        100       1.022668          120.0
          55        100       1.024688           75.0
          55        100       1.031551          120.0
          55        100       1.031551          135.0
          55        100       1.031551          150.0
          55        100       1.033475          105.0
          55        100       1.042754          105.0
          55        100       1.042754          135.0
          55        100       1.042754          165.0
          55        100       1.043871          120.0
          55        100       1.045475          105.0
          55        100       1.045475          165.0
          55        100       1.046602           90.0
          55        100       1.046602          120.0
          55        100       1.046602          135.0
          55        100       1.048260           75.0
          55        100       1.065848          105.0
          55        100       1.067399          150.0
          55        100       1.067399          165.0
          55        100       1.181047          105.0
          55        100       1.181047          120.0
          55        100       1.181047          150.0
          55        100       1.190969          120.0
          55        100       1.190969          150.0
          55        100       1.200942          120.0
          55        100       1.200942          150.0
          55        100       1.210993          120.0
          55        100       1.210993          150.0
          55        100       1.213094           30.0
          55        100       1.221110          105.0
          55        100       1.221110          120.0
          55        100       1.221110          135.0
          55        100       1.221110          150.0
          55        100       1.223001          165.0
          55        100       1.231313          120.0
          55        100       1.231313          150.0
          55        100       1.232665          105.0
          55        100       1.232665          165.0
          55        100       1.241629          120.0
          55        100       1.241629          135.0
          55        100       1.241629          150.0
          55        100       1.243012          105.0
          55        100       1.243012          165.0
          55        100       1.252028          105.0
          55        100       1.252028          165.0
          55        100       1.253240          150.0
          55        100       1.262940          135.0
          55        100       1.264208          105.0
          55        100       1.264208          120.0
          55        100       1.264208          150.0
          55        100       1.266546          135.0
          55        100       1.274239          120.0
          55        100       1.286295          120.0
          55        100       1.289590          150.0
          55        100       1.465997          120.0
          55        100       1.465997          150.0
          55        100       1.696793          120.0
          55        100       2.404219          105.0
          55        100       2.404219          120.0
          55        100       2.404219          150.0
          55        100       2.405720          135.0
          55        100       2.415918          120.0
          55        100       2.415918          150.0
          55        100       2.417208          135.0
          55        100       2.419424          120.0
          55        100       2.419424          150.0
          55        100       2.426715          105.0
          55        100       2.426715          120.0
          55        100       2.426715          150.0
          55        100       2.427751          135.0
          55        100       2.428756          120.0
          55        100       2.428756          150.0
          55        100       2.437684          120.0
          55        100       2.437684          135.0
          55        100       2.437684          150.0
          55        100       2.438768          105.0
          55        100       2.439758          135.0
          55        100       2.439758          150.0
          55        100       2.448653          135.0
          55        100       2.448653          150.0
          55        100       2.448653          165.0
          55        100       2.448653          180.0
          55        100       2.449700          105.0
          55        100       2.449700          120.0
          55        100       2.450836          135.0
          55        100       2.450836          150.0
          55        100       2.451860          180.0
          55        100       2.459168          120.0
          55        100       2.459168          135.0
          55        100       2.459168          150.0
          55        100       2.460606          105.0
          55        100       2.461700          135.0
          55        100       2.461700          150.0
          55        100       2.462774          180.0
          55        100       2.469725          120.0
          55        100       2.471686          105.0
          55        100       2.472743           90.0
          55        100       2.473868          180.0
          55        100       2.480239          105.0
          55        100       2.480239          120.0
          55        100       2.482981          120.0
          55        100       2.482981          135.0
          55        100       2.482981          150.0
          55        100       2.489668          120.0
          55        100       2.490807          135.0
          55        100       2.492399          120.0
          55        100       2.492399          165.0
          55        100       2.493528          105.0
          55        100       2.499543           90.0
          55        100       2.506469          345.0
          55        100       2.507645           60.0
          55        100       2.683676          105.0
          55        100       2.683676          165.0
          55        100       2.808598          135.0
          55        100       2.808598          150.0
          55        100       2.809856          120.0
          55        100       2.812243          120.0
          55        100       2.812243          135.0
          55        100       2.812243          150.0
          55        100       2.813696          105.0
          55        100       2.813696          165.0
          55        100       2.815801          120.0
          55        100       2.815801          135.0
          55        100       2.815801          150.0
          55        100       2.818512          120.0
          55        100       2.818512          135.0
          55        100       2.818512          150.0
          55        100       2.819702          105.0
          55        100       2.819702          165.0
          55        100       2.820814          135.0
          55        100       2.824430          150.0
          55        100       2.824430          165.0
          55        100       2.830930          240.0
          55        100       2.832838           30.0
          55        100       2.836993          105.0
          55        100       2.836993          165.0
          55        100       2.839450          120.0
          55        100       2.839450          135.0
          55        100       2.839450          150.0
          55        100       2.840897          105.0
          55        100       2.842707          120.0
          55        100       2.847026          135.0
          55        100       2.848633           45.0
          55        100       2.849986          150.0
          55        100       2.852266          105.0
          55        100       2.857144          180.0
          55        100       2.863684           90.0
          55        100       2.865098          105.0
          55        100       2.865098          120.0
          55        100       2.866413          135.0
          55        100       2.868449          270.0
          55        100       2.872426          240.0
          55        100       2.872426          255.0
          55        100       2.872426          270.0
          55        100       2.873547          120.0
          55        100       2.875754          120.0
          55        100       2.877330          150.0
          55        100       2.907610          120.0
          55        100       2.916112          135.0
          55        100       2.922251          255.0
          55        100       2.924241          105.0
          55        100       2.924241          165.0
          55        100       2.927342          120.0
          55        100       2.927342          150.0
          55        100       2.928657           15.0
          55        100       2.932200          150.0
          55        100       2.934807          135.0
          55        100       2.936316           90.0
          55        100       2.942803          150.0
          55        100       2.942803          165.0
          55        100       2.946440          165.0
          55        100       2.948463          105.0
          55        100       2.953626          150.0
          55        100       2.955372          105.0
          55        100       2.957086          165.0
          55        100       2.958784          105.0
          55        100       2.959950          165.0
          55        100       2.965804          135.0
          55        100       2.974332          180.0
          55        100       2.995500           60.0
          60        105       0.004395          120.0
          60        105       0.015568          120.0
          60        105       0.015568          150.0
          60        105       0.018065          165.0
          60        105       0.025512           90.0
          60        105       0.025512          105.0
          60        105       0.030507          135.0
          60        105       0.396957          120.0
          60        105       0.410196          105.0
          60        105       0.410196          165.0
          60        105       0.416418          105.0
          60        105       0.416418          120.0
          60        105       0.416418          150.0
          60        105       0.457850          135.0
          60        105       0.477973          105.0
          60        105       0.477973          165.0
          60        105       0.481973          105.0
          60        105       0.481973          165.0
          60        105       0.483899          120.0
          60        105       0.490575          120.0
          60        105       0.499201           30.0
          60        105       0.503180          120.0
          60        105       0.503180          135.0
          60        105       0.503180          150.0
          60        105       0.505839          135.0
          60        105       0.509307          135.0
          60        105       0.514676          120.0
          60        105       0.515768          135.0
          60        105       0.518340           90.0
          60        105       0.520029           30.0
          60        105       0.526200          345.0
          60        105       0.527657          120.0
          60        105       0.528737          135.0
          60        105       0.531711          105.0
          60        105       0.531711          120.0
          60        105       0.531711          135.0
          60        105       0.535418          120.0
          60        105       0.540413           75.0
          60        105       0.543126          105.0
          60        105       0.543126          165.0
          60        105       0.544696          120.0
          60        105       0.560051          120.0
          60        105       0.566333          105.0
          60        105       0.566333          165.0
          60        105       0.578868          150.0
          60        105       0.580534          135.0
          60        105       0.586993          120.0
          60        105       0.595709          330.0
          60        105       0.596782          120.0
          60        105       0.598368          105.0
          60        105       0.598368          165.0
          60        105       0.599450           75.0
          60        105       0.605387          105.0
          60        105       0.606454          165.0
          60        105       0.608278          120.0
          60        105       0.614753          135.0
          60        105       0.616297          105.0
          60        105       0.616297          120.0
          60        105       0.616297          150.0
          60        105       0.617845          135.0
          60        105       0.624852          120.0
          60        105       0.625907          105.0
          60        105       0.627501          150.0
          60        105       0.631077          165.0
          60        105       0.634391          120.0
          60        105       0.635417          105.0
          60        105       0.638312          180.0
          60        105       0.644174          120.0
          60        105       0.645208          105.0
          60        105       0.646267          135.0
          60        105       0.649561          240.0
          60        105       0.654016          105.0
          60        105       0.654016          165.0
          60        105       0.655049          120.0
          60        105       0.655049          150.0
          60        105       0.656102          105.0
          60        105       0.656102          165.0
          60        105       0.663842          105.0
          60        105       0.663842          165.0
          60        105       0.664881          150.0
          60        105       0.665954          105.0
          60        105       0.665954          120.0
          60        105       0.665954          135.0
          60        105       0.667047           90.0
          60        105       0.667047          180.0
          60        105       0.668098          165.0
          60        105       0.669133           90.0
          60        105       0.673344          120.0
          60        105       0.674401          105.0
          60        105       0.675469          120.0
          60        105       0.683028          105.0
          60        105       0.683028          165.0
          60        105       0.684107          120.0
          60        105       0.684107          150.0
          60        105       0.685174          105.0
          60        105       0.686264          120.0
          60        105       0.692813           30.0
          60        105       0.694684           90.0
          60        105       0.695805          105.0
          60        105       0.695805          120.0
          60        105       0.702133          120.0
          60        105       0.721387           30.0
          60        105       0.721387           45.0
          60        105       0.723918          255.0
          60        105       0.725589          135.0
          60        105       0.730422           90.0
          60        105       0.731471          105.0
          60        105       0.732515           90.0
          60        105       0.733557          165.0
          60        105       0.740628          105.0
          60        105       0.749219          105.0
          60        105       0.756375          120.0
          60        105       0.765223          105.0
          60        105       0.765223          135.0
          60        105       0.765223          150.0
          60        105       0.766325          165.0
          60        105       0.767911          135.0
          60        105       0.767911          150.0
          60        105       0.770768          120.0
          60        105       0.771811          135.0
          60        105       0.772893          105.0
          60        105       0.775344          270.0
          60        105       0.778641          105.0
          60        105       0.778641          165.0
          60        105       0.780658           30.0
          60        105       0.786313          105.0
          60        105       0.786313          165.0
          60        105       0.787940          135.0
          60        105       0.789004          105.0
          60        105       0.789004          165.0
          60        105       0.797458           90.0
          60        105       0.801670          105.0
          60        105       0.801670          165.0
          60        105       0.803137          255.0
          60        105       0.804362          105.0
          60        105       0.805618          165.0
          60        105       0.809352          105.0
          60        105       0.809352          165.0
          60        105       0.810790          195.0
          60        105       0.810790          255.0
          60        105       0.811998          120.0
          60        105       0.811998          150.0
          60        105       0.823039          120.0
          60        105       0.828797          150.0
          60        105       0.832807          105.0
          60        105       0.840626          105.0
          60        105       0.840626          120.0
          60        105       0.840626          135.0
          60        105       0.840626          150.0
          60        105       0.842487          165.0
          60        105       0.843614           60.0
          60        105       0.843614          120.0
          60        105       0.844860          150.0
          60        105       0.851411          105.0
          60        105       0.851411          165.0
          60        105       0.859282          120.0
          60        105       0.860389          105.0
          60        105       0.866782           90.0
          60        105       0.882020          150.0
          60        105       0.885761          135.0
          60        105       0.894735          120.0
          60        105       0.894735          150.0
          60        105       0.896879          120.0
          60        105       0.902014          135.0
          60        105       0.905752          120.0
          60        105       0.905752          150.0
          60        105       0.912540           90.0
          60        105       0.912540          180.0
          60        105       0.916559          105.0
          60        105       0.917623          120.0
          60        105       0.918938          255.0
          60        105       0.920164          270.0
          60        105       0.921410          330.0
          60        105       0.927973          120.0
          60        105       0.930722           45.0
          60        105       0.930722          225.0
          60        105       0.936141          120.0
          60        105       0.937393          105.0
          60        105       0.937393          165.0
          60        105       0.955307          105.0
          60        105       0.955307          165.0
          60        105       0.957479          120.0
          60        105       0.971514          120.0
          60        105       0.972633          135.0
          60        105       0.978288          165.0
          60        105       0.979750           30.0
          60        105       0.981872          180.0
          60        105       0.981872          270.0
          60        105       0.983606          105.0
          60        105       0.983606          120.0
          60        105       0.983606          165.0
          60        105       0.984959          345.0
          60        105       0.985998          120.0
          60        105       0.987168          225.0
          60        105       0.987168          240.0
          60        105       0.990977           90.0
          60        105       0.992399          135.0
          60        105       0.993461          105.0
          60        105       0.993461          120.0
          60        105       0.993461          165.0
          60        105       0.996555          105.0
          60        105       0.996555          150.0
          60        105       0.998188          165.0
          60        105       1.003561          135.0
          60        105       1.005274          270.0
          60        105       1.010793           90.0
          60        105       1.011885          195.0
          60        105       1.033089          135.0
          60        105       1.035012           90.0
          60        105       1.042412          120.0
          60        105       1.045149          240.0
          60        105       1.047743          120.0
          60        105       1.049288          105.0
          60        105       1.052663          105.0
          60        105       1.053989          180.0
          60        105       1.053989          195.0
          60        105       1.055235          105.0
          60        105       1.055235          120.0
          60        105       1.056678          165.0
          60        105       1.061949            0.0
          60        105       1.088771          150.0
          60        105       1.095500          120.0
          60        105       1.097086          105.0
          60        105       1.097086          150.0
          60        105       1.100993          135.0
          60        105       1.100993          150.0
          60        105       1.102059          120.0
          60        105       1.103254          135.0
          60        105       1.103254          150.0
          60        105       1.105114          120.0
          60        105       1.106489          255.0
          60        105       1.107633          105.0
          60        105       1.107633          120.0
          60        105       1.107633          150.0
          60        105       1.111043          120.0
          60        105       1.113465          180.0
          60        105       1.114934          105.0
          60        105       1.114934          165.0
          60        105       1.117809          105.0
          60        105       1.117809          120.0
          60        105       1.117809          150.0
          60        105       1.121557          255.0
          60        105       1.125606          105.0
          60        105       1.125606          165.0
          60        105       1.127338          120.0
          60        105       1.129168          135.0
          60        105       1.129168          150.0
          60        105       1.132801          105.0
          60        105       1.132801          120.0
          60        105       1.132801          150.0
          60        105       1.134268          135.0
          60        105       1.136167          105.0
          60        105       1.136167          165.0
          60        105       1.140325          135.0
          60        105       1.140325          150.0
          60        105       1.143699           90.0
          60        105       1.146823          135.0
          60        105       1.152104          135.0
          60        105       1.157284          135.0
          60        105       1.158469           90.0
          60        105       1.159872          120.0
          60        105       1.159872          135.0
          60        105       1.159872          165.0
          60        105       1.161118           90.0
          60        105       1.162486          120.0
          60        105       1.163692          105.0
          60        105       1.163692          165.0
          60        105       1.164972           90.0
          60        105       1.166399          195.0
          60        105       1.166399          270.0
          60        105       1.167679          135.0
          60        105       1.168915          150.0
          60        105       1.168915          165.0
          60        105       1.170661          120.0
          60        105       1.170661          135.0
          60        105       1.172782           90.0
          60        105       1.174051          105.0
          60        105       1.174051          120.0
          60        105       1.175319          135.0
          60        105       1.176565          165.0
          60        105       1.177936          135.0
          60        105       1.180481           90.0
          60        105       1.185147          135.0
          60        105       1.186329          120.0
          60        105       1.195321          120.0
          60        105       1.198654          120.0
          60        105       1.200887           90.0
          60        105       1.208579          150.0
          60        105       1.208579          165.0
          60        105       1.213771          150.0
          60        105       1.214942          120.0
          60        105       1.216391          135.0
          60        105       1.217420          105.0
          60        105       1.217420          165.0
          60        105       1.218947          150.0
          60        105       1.222762          105.0
          60        105       1.222762          120.0
          60        105       1.224219          135.0
          60        105       1.225770          120.0
          60        105       1.229391          105.0
          60        105       1.229391          165.0
          60        105       1.231520          150.0
          60        105       1.234452           15.0
          60        105       1.241831          105.0
          60        105       1.245028          270.0
          60        105       1.248389          105.0
          60        105       1.248389          135.0
          60        105       1.250303          120.0
          60        105       1.251731           15.0
          60        105       1.251731           30.0
          60        105       1.253464          105.0
          60        105       1.255352           90.0
          60        105       1.256850           30.0
          60        105       1.260067          120.0
          60        105       1.265167          105.0
          60        105       1.266666          120.0
          60        105       1.270352           90.0
          60        105       1.270352          165.0
          60        105       1.271833          150.0
          60        105       1.276946           45.0
          60        105       1.278528          105.0
          60        105       1.278528          120.0
          60        105       1.278528          135.0
          60        105       1.281110          120.0
          60        105       1.281110          135.0
          60        105       1.282229          105.0
          60        105       1.282229          165.0
          60        105       1.283723          135.0
          60        105       1.283723          150.0
          60        105       1.286055          120.0
          60        105       1.287711           15.0
          60        105       1.288997          120.0
          60        105       1.288997          150.0
          60        105       1.290229          135.0
          60        105       1.291399          105.0
          60        105       1.291399          120.0
          60        105       1.296746           90.0
          60        105       1.296746          180.0
          60        105       1.305168           90.0
          60        105       1.314886          135.0
          60        105       1.341504          120.0
          60        105       1.341504          150.0
          60        105       1.343641          120.0
          60        105       1.345903          105.0
          60        105       1.347251          150.0
          60        105       1.350279          120.0
          60        105       1.355551          180.0
          60        105       1.358708          105.0
          60        105       1.358708          120.0
          60        105       1.358708          150.0
          60        105       1.359794          135.0
          60        105       1.361452          255.0
          60        105       1.362883          180.0
          60        105       1.364141          120.0
          60        105       1.368235          120.0
          60        105       1.370001          105.0
          60        105       1.370001          165.0
          60        105       1.371559          120.0
          60        105       1.371559          135.0
          60        105       1.375655          135.0
          60        105       1.377219          150.0
          60        105       1.377219          165.0
          60        105       1.377219          180.0
          60        105       1.380965          255.0
          60        105       1.382374          105.0
          60        105       1.384093          135.0
          60        105       1.385167          105.0
          60        105       1.390934          285.0
          60        105       1.393819           75.0
          60        105       1.397907           15.0
          60        105       1.397907           30.0
          60        105       1.406244          150.0
          60        105       1.407985           75.0
          60        105       1.409411          105.0
          60        105       1.409411          165.0
          60        105       1.410473          120.0
          60        105       1.410473          150.0
          60        105       1.417805          105.0
          60        105       1.417805          165.0
          60        105       1.418844          135.0
          60        105       1.418844          150.0
          60        105       1.425903          120.0
          60        105       1.427197          150.0
          60        105       1.434279          150.0
          60        105       1.435573          165.0
          60        105       1.442844          270.0
          60        105       1.444020           90.0
          60        105       1.444020          180.0
          60        105       1.451321           90.0
          60        105       1.452364          120.0
          60        105       1.452364          135.0
          60        105       1.458444          255.0
          60        105       1.459665          120.0
          60        105       1.460692          135.0
          60        105       1.460692          150.0
          60        105       1.463116          165.0
          60        105       1.464381          120.0
          60        105       1.465563          180.0
          60        105       1.468930          105.0
          60        105       1.468930          150.0
          60        105       1.472547          255.0
          60        105       1.475844          105.0
          60        105       1.477614          120.0
          60        105       1.478836           30.0
          60        105       1.484168           90.0
          60        105       1.487774           90.0
          60        105       1.514418          270.0
          60        105       1.555811          135.0
          60        105       1.557063          120.0
          60        105       1.558100          135.0
          60        105       1.559489          105.0
          60        105       1.559489          120.0
          60        105       1.561104          135.0
          60        105       1.565805          105.0
          60        105       1.565805          165.0
          60        105       1.567248          120.0
          60        105       1.567248          150.0
          60        105       1.568258          105.0
          60        105       1.568258          165.0
          60        105       1.570825          120.0
          60        105       1.571926           15.0
          60        105       1.573301          135.0
          60        105       1.573301          150.0
          60        105       1.574528          165.0
          60        105       1.576813          120.0
          60        105       1.577985          135.0
          60        105       1.579288          105.0
          60        105       1.585473           30.0
          60        105       1.587516          120.0
          60        105       1.591239          120.0
          60        105       1.594503          315.0
          60        105       1.597254          270.0
          60        105       1.600389          105.0
          60        105       1.602215          165.0
          60        105       1.603293           90.0
          60        105       1.604704          120.0
          60        105       1.604704          135.0
          60        105       1.604704          150.0
          60        105       1.606375           15.0
          60        105       1.606375          255.0
          60        105       1.609276          105.0
          60        105       1.609276          165.0
          60        105       1.611033          120.0
          60        105       1.613321          195.0
          60        105       1.613321          210.0
          60        105       1.613321          240.0
          60        105       1.616115          120.0
          60        105       1.621829          120.0
          60        105       1.624489          120.0
          60        105       1.627545          105.0
          60        105       1.629133          270.0
          60        105       1.630624          135.0
          60        105       1.633278          105.0
          60        105       1.633278          150.0
          60        105       1.633278          165.0
          60        105       1.635946          135.0
          60        105       1.635946          150.0
          60        105       1.639289           30.0
          60        105       1.640493           15.0
          60        105       1.641758          180.0
          60        105       1.645096          150.0
          60        105       1.646805          180.0
          60        105       1.650946          105.0
          60        105       1.650946          165.0
          60        105       1.652732          120.0
          60        105       1.652732          150.0
          60        105       1.656833           90.0
          60        105       1.658586          165.0
          60        105       1.662916           30.0
          60        105       1.664512          165.0
          60        105       1.669026          105.0
          60        105       1.669026          165.0
          60        105       1.670624           45.0
          60        105       1.673022          135.0
          60        105       1.674883          105.0
          60        105       1.674883          120.0
          60        105       1.674883          150.0
          60        105       1.678770          165.0
          60        105       1.681254          135.0
          60        105       1.681254          150.0
          60        105       1.682721          105.0
          60        105       1.682721          165.0
          60        105       1.687139          345.0
          60        105       1.692272          345.0
          60        105       1.694420          120.0
          60        105       1.703879           90.0
          60        105       1.721421          105.0
          60        105       1.728944          315.0
          60        105       1.736243           90.0
          60        105       1.736243          180.0
          60        105       1.742458          105.0
          60        105       1.743479          135.0
          60        105       1.746038          105.0
          60        105       1.748614          105.0
          60        105       1.749912          120.0
          60        105       1.754075          150.0
          60        105       1.755448          105.0
          60        105       1.756463          120.0
          60        105       1.759834          210.0
          60        105       1.760940          105.0
          60        105       1.767989          120.0
          60        105       1.773649          120.0
          60        105       1.775313           90.0
          60        105       1.777125          180.0
          60        105       1.778925          135.0
          60        105       1.782387          105.0
          60        105       1.782387          120.0
          60        105       1.782387          135.0
          60        105       1.782387          150.0
          60        105       1.787610          165.0
          60        105       1.792952          135.0
          60        105       1.798176           90.0
          60        105       1.798176          180.0
          60        105       1.802399          120.0
          60        105       1.803391           90.0
          60        105       1.803391          180.0
          60        105       1.808733          135.0
          60        105       1.810223          120.0
          60        105       1.814446          105.0
          60        105       1.814446          165.0
          60        105       1.815632          255.0
          60        105       1.817669          135.0
          60        105       1.819407          120.0
          60        105       1.820526          105.0
          60        105       1.822211          120.0
          60        105       1.828301           15.0
          60        105       1.828301           30.0
          60        105       1.828301           45.0
          60        105       1.829446           90.0
          60        105       1.839151          105.0
          60        105       1.839151          165.0
          60        105       1.840231          120.0
          60        105       1.840231          135.0
          60        105       1.845387          135.0
          60        105       1.845387          150.0
          60        105       1.851946          255.0
          60        105       1.851946          270.0
          60        105       1.855758          270.0
          60        105       1.857387          120.0
          60        105       1.862440          210.0
          60        105       1.866797           45.0
          60        105       1.868653          105.0
          60        105       1.871196           90.0
          60        105       1.871196          105.0
          60        105       1.871196          120.0
          60        105       1.872454          180.0
          60        105       1.874211           90.0
          60        105       1.876028          120.0
          60        105       1.877150          135.0
          60        105       1.879641          105.0
          60        105       1.883961          120.0
          60        105       1.888415          120.0
          60        105       1.888415          135.0
          60        105       1.895602          120.0
          60        105       1.896604          105.0
          60        105       1.896604          165.0
          60        105       1.898214          135.0
          60        105       1.899719          105.0
          60        105       1.899719          165.0
          60        105       1.901598          240.0
          60        105       1.901598          255.0
          60        105       1.902715          105.0
          60        105       1.902715          165.0
          60        105       1.903756          120.0
          60        105       1.905045          105.0
          60        105       1.905045          165.0
          60        105       1.906277          180.0
          60        105       1.909383          225.0
          60        105       1.909383          240.0
          60        105       1.909383          255.0
          60        105       1.909383          270.0
          60        105       1.913042          255.0
          60        105       1.914114          105.0
          60        105       1.914114          120.0
          60        105       1.915401          165.0
          60        105       1.918977           90.0
          60        105       1.920360          105.0
          60        105       1.920360          120.0
          60        105       1.920360          150.0
          60        105       1.920360          165.0
          60        105       1.922212          135.0
          60        105       1.925133           90.0
          60        105       1.931850          120.0
          60        105       1.933659          195.0
          60        105       1.954926            0.0
          60        105       2.074893          105.0
          60        105       2.074893          165.0
          60        105       2.080653          135.0
          60        105       2.080653          150.0
          60        105       2.086110          105.0
          60        105       2.097378          135.0
          60        105       2.102715          105.0
          60        105       2.102715          165.0
          60        105       2.107981          120.0
          60        105       2.113165          105.0
          60        105       2.113165          165.0
          60        105       2.119149          120.0
          60        105       2.124229          105.0
          60        105       2.130112          105.0
          60        105       2.133415          105.0
          60        105       2.133415          165.0
          60        105       2.135100          135.0
          60        105       2.136766          150.0
          60        105       2.138446          105.0
          60        105       2.138446          165.0
          60        105       2.140111          120.0
          60        105       2.140111          150.0
          60        105       2.141879           90.0
          60        105       2.141879          105.0
          60        105       2.141879          135.0
          60        105       2.143208          165.0
          60        105       2.144284          105.0
          60        105       2.145735          120.0
          60        105       2.145735          135.0
          60        105       2.145735          150.0
          60        105       2.148165          105.0
          60        105       2.149260          120.0
          60        105       2.151752          150.0
          60        105       2.153051          120.0
          60        105       2.153051          135.0
          60        105       2.154114           90.0
          60        105       2.157781          180.0
          60        105       2.162004          330.0
          60        105       2.163447          120.0
          60        105       2.167581          135.0
          60        105       2.169536          105.0
          60        105       2.169536          165.0
          60        105       2.172528          135.0
          60        105       2.173662          120.0
          60        105       2.178143          105.0
          60        105       2.180526          105.0
          60        105       2.181912          150.0
          60        105       2.186751          105.0
          60        105       2.189879          180.0
          60        105       2.190985          105.0
          60        105       2.190985          165.0
          60        105       2.192168           30.0
          60        105       2.194909          225.0
          60        105       2.196010          165.0
          60        105       2.197243          135.0
          60        105       2.199270           90.0
          60        105       2.200366          105.0
          60        105       2.201979          135.0
          60        105       2.208874          105.0
          60        105       2.210157          165.0
          60        105       2.217360          120.0
          60        105       2.217360          135.0
          60        105       2.219547           15.0
          60        105       2.219547           90.0
          60        105       2.226493           90.0
          60        105       2.229369          120.0
          60        105       2.234516          105.0
          60        105       2.235524          165.0
          60        105       2.238446           90.0
          60        105       2.238446          105.0
          60        105       2.238446          120.0
          60        105       2.238446          135.0
          60        105       2.242696          240.0
          60        105       2.247219          120.0
          60        105       2.248243          105.0
          60        105       2.249633          120.0
          60        105       2.249633          135.0
          60        105       2.249633          150.0
          60        105       2.253821          120.0
          60        105       2.254839          105.0
          60        105       2.260571          120.0
          60        105       2.265811          300.0
          60        105       2.267051          120.0
          60        105       2.268450          105.0
          60        105       2.268450          150.0
          60        105       2.269461          120.0
          60        105       2.270479          135.0
          60        105       2.275266          165.0
          60        105       2.276284          105.0
          60        105       2.279254          120.0
          60        105       2.281958          255.0
          60        105       2.283012          270.0
          60        105       2.287864          165.0
          60        105       2.288891           90.0
          60        105       2.292039            0.0
          60        105       2.294414          120.0
          60        105       2.295786          105.0
          60        105       2.295786          165.0
          60        105       2.297426           90.0
          60        105       2.297426          180.0
          60        105       2.298903          120.0
          60        105       2.300725          285.0
          60        105       2.301772          135.0
          60        105       2.307069          135.0
          60        105       2.311494          120.0
          60        105       2.315521          120.0
          60        105       2.324579           90.0
          60        105       2.326936          150.0
          60        105       2.329622           90.0
          60        105       2.329622          180.0
          60        105       2.338559          120.0
          60        105       2.343671          105.0
          60        105       2.345528           90.0
          60        105       2.346612          105.0
          60        105       2.351012          120.0
          60        105       2.352639          135.0
          60        105       2.353655          165.0
          60        105       2.367776          315.0
          60        105       2.371979           45.0
          60        105       2.373721           75.0
          60        105       2.389680          120.0
          60        105       2.468102          120.0
          60        105       2.498371          120.0
          60        105       2.503391          105.0
          60        105       2.503391          120.0
          60        105       2.503391          135.0
          60        105       2.509340          105.0
          60        105       2.515399          105.0
          60        105       2.515399          120.0
          60        105       2.516688          135.0
          60        105       2.527797          150.0
          60        105       2.534125          120.0
          60        105       2.540661          255.0
          60        105       2.543159          135.0
          60        105       2.547067          285.0
          60        105       2.549736          120.0
          60        105       2.549736          150.0
          60        105       2.551309          270.0
          60        105       2.551309          285.0
          60        105       2.553325          150.0
          60        105       2.557901           30.0
          60        105       2.566342          120.0
          60        105       2.651575          105.0
          60        105       2.651575          120.0
          60        105       2.651575          135.0
          60        105       2.651575          150.0
          60        105       2.653305           90.0
          60        105       2.660627          120.0
          60        105       2.665411          105.0
          60        105       2.666715          120.0
          60        105       2.666715          150.0
          60        105       2.674626          105.0
          60        105       2.674626          165.0
          60        105       2.682680          105.0
          60        105       2.682680          120.0
          60        105       2.682680          135.0
          60        105       2.830149          120.0
          60        105       2.830149          135.0
          60        105       2.830149          150.0
          60        105       2.837200          105.0
          60        105       2.837200          120.0
          60        105       2.837200          135.0
          60        105       2.837200          150.0
          60        105       2.844266          105.0
          60        105       2.844266          120.0
          60        105       2.844266          135.0
          60        105       2.844266          150.0
          60        105       2.858145          120.0
          60        105       2.865192          105.0
          60        105       2.865192          120.0
          60        105       2.872254          120.0
          60        105       2.886481          105.0
          60        105       2.886481          120.0
          60        105       2.902401          105.0
          60        105       2.902401          165.0
          60        105       2.910032           90.0
          60        105       2.911215          105.0
          60        105       2.911215          165.0
          60        105       2.916391          120.0
          60        105       2.916391          135.0
          60        105       2.916391          150.0
          60        105       2.924118          120.0
          60        105       2.924118          135.0
          60        105       2.924118          150.0
          60        105       2.925276          105.0
          60        105       2.931600          135.0
          60        105       2.932714          105.0
          60        105       2.935852           90.0
          60        105       2.940496          120.0
          60        105       2.944893           75.0
          60        105       2.944893          195.0
          60        105       2.946676          105.0
          60        105       2.946676          120.0
          60        105       2.946676          150.0
          60        105       2.953805           90.0
          60        105       2.954883          120.0
          60        105       2.963028          120.0
          60        105       2.963028          135.0
          60        105       2.963028          150.0
          60        105       2.964114          105.0
          60        105       2.971086          105.0
          60        105       2.971086          165.0
          60        105       2.972111          150.0
          60        105       2.979278          105.0
          60        105       2.988161          105.0
          60        105       2.988161          120.0
          60        105       2.989204           90.0
          60        105       2.989204          135.0
          60        105       2.994461          135.0
          60        105       2.994461          150.0
          60        105       2.994461          165.0
          60        105       2.996760          120.0
          60        105       2.997792          135.0
          65        110       0.144516           90.0
          65        110       0.145600          165.0
          65        110       1.170997          105.0
          65        110       1.177153          105.0
          65        110       1.180883          150.0
          65        110       1.185436          105.0
          65        110       1.190847          135.0
          65        110       1.192958          165.0
          65        110       1.201018          105.0
          65        110       1.201018          165.0
          65        110       1.206600           45.0
          65        110       1.208895          105.0
          65        110       1.210008          120.0
          65        110       1.210008          135.0
          65        110       1.210008          150.0
          65        110       1.212817            0.0
          65        110       1.212817           15.0
          65        110       1.215815           30.0
          65        110       1.216989          105.0
          65        110       1.216989          165.0
          65        110       1.225051          105.0
          65        110       1.225051          120.0
          65        110       1.239851          270.0
          65        110       1.242588          120.0
          65        110       1.270754          105.0
          65        110       1.270754          120.0
          65        110       1.270754          135.0
          65        110       1.279950          105.0
          65        110       1.279950          120.0
          65        110       1.281578           90.0
          65        110       1.288974          135.0
          65        110       1.294047          120.0
          65        110       1.298317          105.0
          65        110       1.298317          135.0
          65        110       1.298317          150.0
          65        110       1.307944          105.0
          65        110       1.309305          120.0
          65        110       1.309305          150.0
          65        110       1.312274          300.0
          65        110       1.312274          315.0
          65        110       1.315672          180.0
          65        110       1.316774           90.0
          65        110       1.318672          105.0
          65        110       1.322157           90.0
          65        110       1.322157          180.0
          65        110       1.323590          135.0
          65        110       1.324717          240.0
          65        110       1.326034          105.0
          65        110       1.326034          165.0
          65        110       1.333411          300.0
          65        110       1.335040          105.0
          65        110       1.340394           90.0
          65        110       1.344049          120.0
          65        110       1.345589          135.0
          65        110       1.349922           15.0
          65        110       1.351610          270.0
          65        110       1.352778          105.0
          65        110       1.352778          165.0
          65        110       1.354297          120.0
          65        110       1.355532           90.0
          65        110       1.355532          180.0
          65        110       1.364143          165.0
          65        110       1.365684          150.0
          65        110       1.367096          195.0
          65        110       1.369293          120.0
          65        110       1.370770          255.0
          65        110       1.372137          120.0
          65        110       1.373200          150.0
          65        110       1.376018          315.0
          65        110       1.377602          105.0
          65        110       1.377602          165.0
          65        110       1.378899          120.0
          65        110       1.385024          105.0
          65        110       1.386536          255.0
          65        110       1.388676           90.0
          65        110       1.396276          315.0
          65        110       1.399817          120.0
          65        110       1.400915          270.0
          65        110       1.406188          120.0
          65        110       1.407218          135.0
          65        110       1.415039          120.0
          65        110       1.417057          105.0
          65        110       1.425338          120.0
          65        110       1.426715           90.0
          65        110       1.426715          180.0
          65        110       1.427786          105.0
          65        110       1.427786          165.0
          65        110       1.432368          105.0
          65        110       1.435479          165.0
          65        110       1.440067          240.0
          65        110       1.445641            0.0
          65        110       1.445641           15.0
          65        110       1.447793            0.0
          65        110       1.451835           45.0
          65        110       1.452911           90.0
          65        110       1.455288          135.0
          65        110       1.457241          105.0
          65        110       1.464238           90.0
          65        110       1.466660           90.0
          65        110       1.479363           90.0
          65        110       1.481424          120.0
          65        110       1.684415          120.0
          65        110       1.691399          105.0
          65        110       1.699829           30.0
          65        110       1.699829           45.0
          65        110       1.707454          105.0
          65        110       1.707454          165.0
          65        110       1.714912           30.0
          65        110       1.716999          105.0
          65        110       1.716999          165.0
          65        110       1.722922          105.0
          65        110       1.722922          120.0
          65        110       1.730762          105.0
          65        110       1.735589           75.0
          65        110       1.738715          120.0
          65        110       1.746071          105.0
          65        110       1.746071          165.0
          65        110       1.751393          285.0
          65        110       1.768358           15.0
          65        110       1.772360          120.0
          65        110       1.777418          150.0
          65        110       1.784432          120.0
          65        110       1.786754          105.0
          65        110       1.786754          165.0
          65        110       1.787857          120.0
          65        110       1.789083          105.0
          65        110       1.793227          105.0
          65        110       1.799068          120.0
          65        110       1.799068          150.0
          65        110       1.802489          105.0
          65        110       1.802489          120.0
          65        110       1.810443          120.0
          65        110       1.810443          150.0
          65        110       1.816303           75.0
          65        110       1.819186          345.0
          65        110       1.821891          120.0
          65        110       1.823618          105.0
          65        110       1.823618          165.0
          65        110       1.824903          120.0
          65        110       1.824903          135.0
          65        110       1.824903          150.0
          65        110       1.828366          105.0
          65        110       1.828366          165.0
          65        110       1.829793          180.0
          65        110       1.829793          195.0
          65        110       1.832696          105.0
          65        110       1.832696          120.0
          65        110       1.833881          165.0
          65        110       1.835258          105.0
          65        110       1.840135          330.0
          65        110       1.841415          150.0
          65        110       1.844866          165.0
          65        110       1.848170          330.0
          65        110       1.855053          105.0
          65        110       1.855053          120.0
          65        110       1.857993          120.0
          65        110       1.863507          135.0
          65        110       1.864883           60.0
          65        110       1.864883           75.0
          65        110       1.866155          195.0
          65        110       1.883791          150.0
          65        110       1.892711           90.0
          65        110       1.898183           90.0
          65        110       1.903555          195.0
          65        110       1.908340          270.0
          65        110       1.911159          105.0
          65        110       1.912817           90.0
          65        110       1.916932           15.0
          65        110       1.918889          225.0
          65        110       1.920291          240.0
          65        110       1.923389          105.0
          65        110       1.926436          255.0
          65        110       1.930110          120.0
          65        110       1.933202          105.0
          65        110       1.934244          120.0
          65        110       1.934244          150.0
          65        110       1.936024          135.0
          65        110       1.941977           90.0
          65        110       1.941977          165.0
          65        110       1.943799          120.0
          65        110       1.944891          105.0
          65        110       1.944891          150.0
          65        110       1.944891          165.0
          65        110       1.946492           90.0
          65        110       1.947602           15.0
          65        110       1.949782          105.0
          65        110       1.951551           90.0
          65        110       1.954215           90.0
          65        110       1.957458          240.0
          65        110       1.957458          255.0
          65        110       1.960399           90.0
          65        110       1.962071          120.0
          65        110       1.963148           90.0
          65        110       1.966506          105.0
          65        110       1.968252          120.0
          65        110       1.969829          135.0
          65        110       1.969829          150.0
          65        110       1.970932          105.0
          65        110       1.972646          120.0
          65        110       1.980907          255.0
          65        110       1.982828          120.0
          65        110       1.983928          105.0
          65        110       1.985058           90.0
          65        110       1.988868          105.0
          65        110       1.988868          120.0
          65        110       1.988868          150.0
          65        110       1.991686          165.0
          65        110       1.996693          120.0
          65        110       2.003920          120.0
          65        110       2.011743           90.0
          65        110       2.013493          105.0
          65        110       2.015247          120.0
          65        110       2.015247          135.0
          65        110       2.017426          120.0
          65        110       2.019555           90.0
          65        110       2.023008           90.0
          65        110       2.024178          120.0
          65        110       2.025199           90.0
          65        110       2.027594          105.0
          65        110       2.027594          120.0
          65        110       2.029188          240.0
          65        110       2.031050          135.0
          65        110       2.032170          120.0
          65        110       2.033161           75.0
          65        110       2.035278          105.0
          65        110       2.037008          135.0
          65        110       2.037008          150.0
          65        110       2.038758          105.0
          65        110       2.038758          165.0
          65        110       2.039836           90.0
          65        110       2.040901          105.0
          65        110       2.051129          105.0
          65        110       2.051129          150.0
          65        110       2.052270          120.0
          65        110       2.053934          105.0
          65        110       2.053934          165.0
          65        110       2.057758           90.0
          65        110       2.058801          180.0
          65        110       2.060075           60.0
          65        110       2.065437            0.0
          65        110       2.069680          105.0
          65        110       2.071387          120.0
          65        110       2.071387          150.0
          65        110       2.072452          105.0
          65        110       2.075539          105.0
          65        110       2.078307          105.0
          65        110       2.090594          120.0
          65        110       2.092300          135.0
          65        110       2.093563          120.0
          65        110       2.096809           15.0
          65        110       2.097953          180.0
          65        110       2.102969           75.0
          65        110       2.106875            0.0
          65        110       2.106875          270.0
          65        110       2.107901          345.0
          65        110       2.118629          105.0
          65        110       2.118629          120.0
          65        110       2.119926          150.0
          65        110       2.122797           90.0
          65        110       2.124668          120.0
          65        110       2.127081           75.0
          65        110       2.131614          105.0
          65        110       2.137522          120.0
          65        110       2.139282          105.0
          65        110       2.139282          150.0
          65        110       2.139282          165.0
          65        110       2.142446          150.0
          65        110       2.144006          165.0
          65        110       2.145251          315.0
          65        110       2.145251          330.0
          65        110       2.146729          105.0
          65        110       2.152498          120.0
          65        110       2.158047          165.0
          65        110       2.160422           75.0
          65        110       2.165682           15.0
          65        110       2.176179          135.0
          65        110       2.183188          105.0
          65        110       2.183188          150.0
          65        110       2.188980           90.0
          65        110       2.190684          120.0
          65        110       2.190684          135.0
          65        110       2.190684          150.0
          65        110       2.192786          105.0
          65        110       2.192786          120.0
          65        110       2.195139           75.0
          65        110       2.198047          105.0
          65        110       2.198047          150.0
          65        110       2.199083           90.0
          65        110       2.200133          180.0
          65        110       2.201175          135.0
          65        110       2.205577          105.0
          65        110       2.206799          120.0
          65        110       2.220126          270.0
          65        110       2.233221          120.0
          65        110       2.233221          150.0
          65        110       2.239625           15.0
          65        110       2.239625          255.0
          65        110       2.334911          105.0
          65        110       2.340994          120.0
          65        110       2.342618          105.0
          65        110       2.342618          135.0
          65        110       2.342618          150.0
          65        110       2.348133          105.0
          65        110       2.348133          120.0
          65        110       2.348133          150.0
          65        110       2.349168          180.0
          65        110       2.355071          105.0
          65        110       2.355071          120.0
          65        110       2.369342          120.0
          65        110       2.408804           90.0
          65        110       2.414641           30.0
          65        110       2.418182          120.0
          65        110       2.419282          105.0
          65        110       2.419282          135.0
          65        110       2.419282          150.0
          65        110       2.421633          105.0
          65        110       2.421633          120.0
          65        110       2.421633          135.0
          65        110       2.424993          105.0
          65        110       2.424993          120.0
          65        110       2.424993          135.0
          65        110       2.424993          150.0
          65        110       2.426086           90.0
          65        110       2.427178          105.0
          65        110       2.428408          120.0
          65        110       2.429542          135.0
          65        110       2.431368          105.0
          65        110       2.431368          150.0
          65        110       2.432819          120.0
          65        110       2.433938          105.0
          65        110       2.435033          120.0
          65        110       2.436186          105.0
          65        110       2.438228          120.0
          65        110       2.439633           90.0
          65        110       2.440778          105.0
          65        110       2.440778          120.0
          65        110       2.440778          135.0
          65        110       2.440778          150.0
          65        110       2.441844          165.0
          65        110       2.445155          105.0
          65        110       2.446295          120.0
          65        110       2.447676          105.0
          65        110       2.448743           90.0
          65        110       2.449815          105.0
          65        110       2.449815          165.0
          65        110       2.452235          105.0
          65        110       2.453441          270.0
          65        110       2.454752          120.0
          65        110       2.455821          105.0
          65        110       2.461112          105.0
          65        110       2.461112          165.0
          65        110       2.462126           90.0
          65        110       2.462126          180.0
          65        110       2.465735            0.0
          65        110       2.465735           15.0
          65        110       2.465735           75.0
          65        110       2.465735           90.0
          65        110       2.467094          105.0
          65        110       2.467094          165.0
          65        110       2.468170          120.0
          65        110       2.470878          105.0
          65        110       2.471963          120.0
          65        110       2.473007           45.0
          65        110       2.474586          255.0
          65        110       2.475784          105.0
          65        110       2.480321          165.0
          65        110       2.482319          120.0
          65        110       2.485258           90.0
          65        110       2.487364          180.0
          65        110       2.490404          120.0
          65        110       2.500584          120.0
          65        110       2.501676          165.0
          65        110       2.503103          120.0
          65        110       2.503103          150.0
          65        110       2.516736          330.0
          65        110       2.522432          135.0
          65        110       2.525236          120.0
          65        110       2.527894           90.0
          65        110       2.544600          105.0
          65        110       2.603915          105.0
          65        110       2.603915          165.0
          65        110       2.606006          120.0
          65        110       2.612453          120.0
          65        110       2.614477          105.0
          65        110       2.615918          165.0
          65        110       2.621426          120.0
          65        110       2.622852          165.0
          65        110       2.624645          135.0
          65        110       2.624645          150.0
          65        110       2.630293          105.0
          65        110       2.631746          120.0
          65        110       2.638442          120.0
          65        110       2.640693          120.0
          65        110       2.642393          135.0
          65        110       2.651972          135.0
          65        110       2.656876           90.0
          65        110       2.656876          180.0
          65        110       2.658760          120.0
          65        110       2.660196          180.0
          65        110       2.661473           90.0
          65        110       2.662683            0.0
          65        110       2.667797          240.0
          65        110       2.669790          105.0
          65        110       2.669790          165.0
          65        110       2.671284          135.0
          65        110       2.673565          150.0
          65        110       2.676872           90.0
          65        110       2.676872          105.0
          65        110       2.676872          120.0
          65        110       2.676872          135.0
          65        110       2.682754          180.0
          65        110       2.684635          105.0
          65        110       2.700516          300.0
          65        110       2.767266          105.0
          65        110       2.768670          120.0
          65        110       2.769739           90.0
          65        110       2.771446          120.0
          65        110       2.772457           90.0
          65        110       2.774448          105.0
          65        110       2.775557          120.0
          65        110       2.778538          105.0
          65        110       2.784297          150.0
          65        110       2.785661          105.0
          65        110       2.787596          120.0
          65        110       2.792872          105.0
          65        110       2.792872          135.0
          65        110       2.792872          150.0
          65        110       2.795090          120.0
          65        110       2.811194           75.0
          65        110       2.869155          105.0
          65        110       2.869155          165.0
          65        110       2.896696          105.0
          65        110       2.896696          120.0
          65        110       2.896696          150.0
          65        110       2.904559          120.0
          65        110       2.909012          120.0
          65        110       2.913106          120.0
          65        110       2.922176          120.0
          65        110       2.923924          105.0
          65        110       2.930434          135.0
          65        110       2.931450          105.0
          65        110       2.931450          165.0
          65        110       2.933520          105.0
          65        110       2.938569          105.0
          65        110       2.938569          165.0
          65        110       2.939899           90.0
          65        110       2.947286          165.0
          65        110       2.948346          120.0
          65        110       2.971016          120.0
          65        110       2.983887          165.0
          65        110       2.985907          120.0
          65        110       2.985907          135.0
          65        110       2.985907          150.0
          65        110       2.989579          105.0
          65        110       2.989579          120.0
          70        115       0.367817          105.0
          70        115       0.368876          120.0
          70        115       0.369938          105.0
          70        115       0.371001          120.0
          70        115       0.371001          135.0
          70        115       0.371001          150.0
          70        115       0.374493          105.0
          70        115       0.375814          120.0
          70        115       0.375814          150.0
          70        115       0.376891           90.0
          70        115       0.376891          165.0
          70        115       0.377918          105.0
          70        115       0.377918          150.0
          70        115       0.379006          165.0
          70        115       0.381504          105.0
          70        115       0.381504          120.0
          70        115       0.381504          150.0
          70        115       0.382825          135.0
          70        115       0.383929           90.0
          70        115       0.390805           90.0
          70        115       0.391877          105.0
          70        115       0.391877          165.0
          70        115       0.395649          105.0
          70        115       0.396860           30.0
          70        115       0.398442          270.0
          70        115       0.403397          105.0
          70        115       0.409156           90.0
          70        115       0.409156          180.0
          70        115       0.410270          120.0
          70        115       0.411286          105.0
          70        115       0.416088          105.0
          70        115       0.416088          165.0
          70        115       0.417139          120.0
          70        115       0.418129           90.0
          70        115       0.422872          105.0
          70        115       0.422872          165.0
          70        115       0.423903           90.0
          70        115       0.424958          105.0
          70        115       0.424958          150.0
          70        115       0.426504           15.0
          70        115       0.426504          255.0
          70        115       0.429592          105.0
          70        115       0.430657          135.0
          70        115       0.430657          150.0
          70        115       0.430657          165.0
          70        115       0.431715          120.0
          70        115       0.436262          105.0
          70        115       0.439991          315.0
          70        115       0.442918          165.0
          70        115       0.443951          120.0
          70        115       0.445043          135.0
          70        115       0.448282           60.0
          70        115       0.449657           90.0
          70        115       0.450735          120.0
          70        115       0.453590          105.0
          70        115       0.456502          120.0
          70        115       0.460366          315.0
          70        115       0.463333           90.0
          70        115       0.464379          120.0
          70        115       0.465653          255.0
          70        115       0.466871           90.0
          70        115       0.469320            0.0
          70        115       0.470512           90.0
          70        115       0.471549          120.0
          70        115       0.472597           90.0
          70        115       0.473655          105.0
          70        115       0.476221          105.0
          70        115       0.477414           90.0
          70        115       0.479520          105.0
          70        115       0.479520          120.0
          70        115       0.479520          135.0
          70        115       0.479520          150.0
          70        115       0.479520          165.0
          70        115       0.479520          180.0
          70        115       0.485174          105.0
          70        115       0.486110          285.0
          70        115       0.487264          120.0
          70        115       0.491626          105.0
          70        115       0.492963          120.0
          70        115       0.497194          120.0
          70        115       0.497194          330.0
          70        115       0.502415          240.0
          70        115       0.505407          165.0
          70        115       0.509274          270.0
          70        115       0.510680          105.0
          70        115       0.513373          210.0
          70        115       0.513373          240.0
          70        115       0.522161          105.0
          70        115       0.524253          225.0
          70        115       0.527545          150.0
          70        115       0.529887          255.0
          70        115       0.532783          120.0
          70        115       0.533848          105.0
          70        115       0.538182          240.0
          70        115       0.540218          135.0
          70        115       0.554395          105.0
          70        115       0.554395          165.0
          70        115       0.556326          120.0
          70        115       0.556326          150.0
          70        115       0.580241          105.0
          70        115       0.581225          165.0
          70        115       0.583909          135.0
          70        115       0.586436          105.0
          70        115       0.589440           75.0
          70        115       0.592690          105.0
          70        115       0.594501           30.0
          70        115       0.595654          120.0
          70        115       0.600057          105.0
          70        115       0.601848          135.0
          70        115       0.601848          150.0
          70        115       0.609696          150.0
          70        115       0.614700           30.0
          70        115       0.614700           45.0
          70        115       0.615793           90.0
          70        115       0.617006          120.0
          70        115       0.628801          105.0
          70        115       0.628801          135.0
          70        115       0.630196          240.0
          70        115       0.631454          105.0
          70        115       0.633969          105.0
          70        115       0.635836          135.0
          70        115       0.635836          150.0
          70        115       0.640473          255.0
          70        115       0.649580          120.0
          70        115       0.653127          120.0
          70        115       0.654546          135.0
          70        115       0.660632           75.0
          70        115       0.663147          120.0
          70        115       0.666793           15.0
          70        115       0.666793           30.0
          70        115       0.666793           45.0
          70        115       0.673528           90.0
          70        115       0.673528          105.0
          70        115       0.677627           75.0
          70        115       0.680905          105.0
          70        115       0.684946           90.0
          70        115       0.684946          105.0
          70        115       0.691580          330.0
          70        115       0.698518          105.0
          70        115       0.703719           90.0
          70        115       0.703719          105.0
          70        115       0.703719          120.0
          70        115       0.703719          150.0
          70        115       0.726292          315.0
          70        115       0.732246          120.0
          70        115       0.740301           90.0
          70        115       0.741541          120.0
          70        115       0.743299           75.0
          70        115       0.743299          195.0
          70        115       0.747864          105.0
          70        115       0.749590           90.0
          70        115       0.756108          105.0
          70        115       0.757489          270.0
          70        115       0.763997          105.0
          70        115       0.763997          165.0
          70        115       0.767747           90.0
          70        115       0.768825          105.0
          70        115       0.772110          105.0
          70        115       0.772110          120.0
          70        115       0.772110          135.0
          70        115       0.772110          150.0
          70        115       0.775393          135.0
          70        115       0.776889          165.0
          70        115       0.780271          120.0
          70        115       0.782086          105.0
          70        115       0.783561          165.0
          70        115       0.785047          105.0
          70        115       0.785047          120.0
          70        115       0.786416          150.0
          70        115       0.788928          240.0
          70        115       0.790293           90.0
          70        115       0.791805          105.0
          70        115       0.791805          150.0
          70        115       0.791805          165.0
          70        115       0.796391          105.0
          70        115       0.798403           30.0
          70        115       0.804520          105.0
          70        115       0.805872          120.0
          70        115       0.805872          135.0
          70        115       0.808172          120.0
          70        115       0.808172          135.0
          70        115       0.808172          150.0
          70        115       0.810553          285.0
          70        115       0.810553          345.0
          70        115       0.812665          105.0
          70        115       0.812665          165.0
          70        115       0.814055          120.0
          70        115       0.815629          285.0
          70        115       0.820869          120.0
          70        115       0.822846          105.0
          70        115       0.825153          120.0
          70        115       0.827742          180.0
          70        115       0.829078          120.0
          70        115       0.831072          150.0
          70        115       0.833319          105.0
          70        115       0.835331           75.0
          70        115       0.837440          105.0
          70        115       0.838586           90.0
          70        115       0.840562            0.0
          70        115       0.841808          270.0
          70        115       0.842989           90.0
          70        115       0.845797          105.0
          70        115       0.845797          165.0
          70        115       0.846860          120.0
          70        115       0.846860          150.0
          70        115       0.848907          120.0
          70        115       0.852246           30.0
          70        115       0.852246          240.0
          70        115       0.857586          120.0
          70        115       0.857586          150.0
          70        115       0.858707           90.0
          70        115       0.860383           60.0
          70        115       0.862551           90.0
          70        115       0.863719          105.0
          70        115       0.863719          120.0
          70        115       0.863719          135.0
          70        115       0.868133          120.0
          70        115       0.868133          135.0
          70        115       0.869320          180.0
          70        115       0.869320          270.0
          70        115       0.871331          105.0
          70        115       0.872338          150.0
          70        115       0.877781           90.0
          70        115       0.882579          150.0
          70        115       0.888930          105.0
          70        115       0.890500          120.0
          70        115       0.893315          135.0
          70        115       0.894445           90.0
          70        115       0.896102          105.0
          70        115       0.896102          165.0
          70        115       0.897704          120.0
          70        115       0.899571           90.0
          70        115       0.899571          150.0
          70        115       0.899571          165.0
          70        115       0.904204          105.0
          70        115       0.914022          105.0
          70        115       0.916960          105.0
          70        115       0.921844           90.0
          70        115       0.923619           30.0
          70        115       0.924790          105.0
          70        115       0.924790          165.0
          70        115       0.927908          120.0
          70        115       0.931563          105.0
          70        115       0.931563          345.0
          70        115       0.935835          105.0
          70        115       0.936955          120.0
          70        115       0.939523          180.0
          70        115       0.945840          240.0
          70        115       0.946760          105.0
          70        115       0.951846          105.0
          70        115       0.952911           90.0
          70        115       0.952911          120.0
          70        115       0.953967          105.0
          70        115       0.955520          165.0
          70        115       0.956776          240.0
          70        115       0.959989          120.0
          70        115       0.961934          210.0
          70        115       0.961934          255.0
          70        115       0.963583          120.0
          70        115       0.965301           90.0
          70        115       0.966407          105.0
          70        115       0.968084          120.0
          70        115       0.969089          105.0
          70        115       0.970075           90.0
          70        115       0.971186          105.0
          70        115       0.972910           90.0
          70        115       0.976643          105.0
          70        115       0.976643          165.0
          70        115       0.979498          120.0
          70        115       0.988932          255.0
          70        115       0.990500           60.0
          70        115       0.991792           45.0
          70        115       1.001385          120.0
          70        115       1.002524           15.0
          70        115       1.003641            0.0
          70        115       1.003641           90.0
          70        115       1.004711           75.0
          70        115       1.006113            0.0
          70        115       1.050059           60.0
          70        115       1.064106           60.0
          70        115       1.068783          120.0
          70        115       1.068783          150.0
          70        115       1.092500          240.0
          70        115       1.093682          105.0
          70        115       1.123748          120.0
          70        115       1.131579          105.0
          70        115       1.131579          120.0
          70        115       1.131579          150.0
          70        115       1.140016          105.0
          70        115       1.149934          105.0
          70        115       1.154857          120.0
          70        115       1.157436          105.0
          70        115       1.227785          180.0
          70        115       1.236735          120.0
          70        115       1.239035          270.0
          70        115       1.243188           15.0
          70        115       1.243188           90.0
          70        115       1.246659          105.0
          70        115       1.247995          165.0
          70        115       1.251309          105.0
          70        115       1.255535          330.0
          70        115       1.256932          105.0
          70        115       1.261098          120.0
          70        115       1.262191           90.0
          70        115       1.262191          180.0
          70        115       1.263430          120.0
          70        115       1.264606           90.0
          70        115       1.264606          105.0
          70        115       1.264606          165.0
          70        115       1.264606          180.0
          70        115       1.265857          120.0
          70        115       1.265857          150.0
          70        115       1.266989          105.0
          70        115       1.268149          120.0
          70        115       1.271077           15.0
          70        115       1.273356           30.0
          70        115       1.274784          105.0
          70        115       1.275902           90.0
          70        115       1.283744          120.0
          70        115       1.288278          120.0
          70        115       1.404895          165.0
          70        115       1.405951          150.0
          70        115       1.414020          105.0
          70        115       1.415036          120.0
          70        115       1.415036          150.0
          70        115       1.423020          105.0
          70        115       1.423020          165.0
          70        115       1.424047           90.0
          70        115       1.432104          105.0
          70        115       1.432104          165.0
          70        115       1.434897          105.0
          70        115       1.435887          120.0
          70        115       1.441421          105.0
          70        115       1.444168          105.0
          70        115       1.444168          165.0
          70        115       1.445717          150.0
          70        115       1.446747          165.0
          70        115       1.447790           90.0
          70        115       1.448834          105.0
          70        115       1.450740          120.0
          70        115       1.452222           90.0
          70        115       1.453460          105.0
          70        115       1.455489           90.0
          70        115       1.460161          135.0
          70        115       1.460161          150.0
          70        115       1.507725          120.0
          70        115       1.517430          105.0
          70        115       1.517430          120.0
          70        115       1.517430          150.0
          70        115       1.527129          105.0
          70        115       1.527129          120.0
          70        115       1.527129          150.0
          70        115       1.535272          120.0
          70        115       1.535272          330.0
          70        115       1.536757          105.0
          70        115       1.538247          120.0
          70        115       1.549079           90.0
          70        115       1.555715          105.0
          70        115       1.556944          315.0
          70        115       1.565450           90.0
          70        115       1.566502          105.0
          70        115       1.567516           90.0
          70        115       1.608594          105.0
          70        115       1.655590          120.0
          70        115       1.655590          150.0
          70        115       1.656641          105.0
          70        115       1.665115          120.0
          70        115       1.665115          150.0
          70        115       1.666309          255.0
          70        115       1.675413          105.0
          70        115       1.676867           90.0
          70        115       1.683237          105.0
          70        115       1.692971          105.0
          70        115       1.694031           90.0
          70        115       2.033305          105.0
          70        115       2.033305          120.0
          70        115       2.033305          150.0
          70        115       2.042788          105.0
          70        115       2.049996          330.0
          70        115       2.052003          105.0
          70        115       2.062219          105.0
          70        115       2.072420          120.0
          70        115       2.082040          105.0
          70        115       2.084001          165.0
          70        115       2.092129          105.0
          70        115       2.141951           60.0
          70        115       2.146254          105.0
          70        115       2.147497          165.0
          70        115       2.149139          120.0
          70        115       2.149139          150.0
          70        115       2.160102          120.0
          70        115       2.232442           90.0
          70        115       2.232442          105.0
          70        115       2.232442          165.0
          70        115       2.233518          120.0
          70        115       2.233518          150.0
          70        115       2.234918           90.0
          70        115       2.241163          105.0
          70        115       2.242529          120.0
          70        115       2.244268          105.0
          70        115       2.249631          120.0
          70        115       2.254317           75.0
          70        115       2.254317          195.0
          70        115       2.258747          105.0
          70        115       2.258747          165.0
          70        115       2.352376          105.0
          70        115       2.361895          105.0
          70        115       2.381151          105.0
          70        115       2.497977          105.0
          70        115       2.516461          105.0
          70        115       2.526147          120.0
          70        115       2.528071          105.0
          70        115       2.535329          105.0
          70        115       2.539768          105.0
          70        115       2.539768          120.0
          70        115       2.545735          135.0
          70        115       2.545735          150.0
          70        115       2.603072          120.0
          70        115       2.603072          150.0
          70        115       2.604961           90.0
          70        115       2.622430          105.0
          70        115       2.640520          105.0
          70        115       2.649823          105.0
          70        115       2.677479          105.0
          70        115       2.819004          105.0
          70        115       2.819004          120.0
          70        115       2.819004          135.0
          70        115       2.819004          150.0
          70        115       2.820051           90.0
          70        115       2.828172          105.0
          70        115       2.828172          165.0
          70        115       2.829232          120.0
          70        115       2.829232          150.0
          70        115       2.837532          105.0
          70        115       2.837532          120.0
          70        115       2.837532          150.0
          70        115       2.844811           75.0
          70        115       2.856583          105.0
          70        115       2.856583          120.0
          70        115       2.856583          150.0
          70        115       2.923592          105.0
          70        115       2.926731          105.0
          70        115       2.926731          150.0
          70        115       2.958461          105.0
          70        115       2.958461          120.0
          70        115       2.968243          105.0
          70        115       2.980719          120.0
          70        115       2.980719          135.0
          70        115       2.980719          165.0
          70        115       2.986366          105.0
          75        120       0.202420          105.0
          75        120       0.202420          165.0
          75        120       0.206273           90.0
          75        120       0.219325          300.0
          75        120       0.219325          315.0
          75        120       0.220842          105.0
          75        120       0.221914           90.0
          75        120       0.258571           90.0
          75        120       0.263383          180.0
          75        120       0.270049          105.0
          75        120       0.270049          120.0
          75        120       0.273956          105.0
          75        120       0.277532           90.0
          75        120       0.277532          105.0
          75        120       0.277532          120.0
          75        120       0.277532          150.0
          75        120       0.282081          105.0
          75        120       0.285184           90.0
          75        120       0.286215          105.0
          75        120       0.289481          105.0
          75        120       0.290782           90.0
          75        120       0.297223          105.0
          75        120       0.298871           90.0
          75        120       0.299944          105.0
          75        120       0.304885          105.0
          75        120       0.306153           90.0
          75        120       0.313096          105.0
          75        120       0.313096          120.0
          75        120       0.319305          105.0
          75        120       0.319305          120.0
          75        120       0.320693          150.0
          75        120       0.321905          105.0
          75        120       0.328214          105.0
          75        120       0.343444          105.0
          75        120       0.343444          165.0
          75        120       0.353676          240.0
          75        120       0.358664          120.0
          75        120       0.360293           90.0
          75        120       0.365368           90.0
          75        120       0.365368          105.0
          75        120       0.365368          120.0
          75        120       0.365368          135.0
          75        120       0.372912          120.0
          75        120       0.374454          105.0
          75        120       0.376602          180.0
          75        120       0.380512           90.0
          75        120       0.392064          210.0
          75        120       0.392064          240.0
          75        120       0.396749          345.0
          75        120       0.399512          150.0
          75        120       0.399512          180.0
          75        120       0.405604          135.0
          75        120       0.408743          135.0
          75        120       0.412061          105.0
          75        120       0.413493           90.0
          75        120       0.418524          120.0
          75        120       0.418524          135.0
          75        120       0.418524          150.0
          75        120       0.422661          105.0
          75        120       0.422661          165.0
          75        120       0.423883          120.0
          75        120       0.423883          135.0
          75        120       0.423883          150.0
          75        120       0.425288          105.0
          75        120       0.429688          105.0
          75        120       0.429688          165.0
          75        120       0.430912          120.0
          75        120       0.438229          105.0
          75        120       0.439247           90.0
          75        120       0.440963          165.0
          75        120       0.442480           90.0
          75        120       0.443545          105.0
          75        120       0.446299          105.0
          75        120       0.447769           90.0
          75        120       0.449627          105.0
          75        120       0.454803          105.0
          75        120       0.457336          105.0
          75        120       0.457336          120.0
          75        120       0.457336          150.0
          75        120       0.463293           90.0
          75        120       0.464340          120.0
          75        120       0.464340          135.0
          75        120       0.466893          165.0
          75        120       0.468672           75.0
          75        120       0.468672           90.0
          75        120       0.471836           90.0
          75        120       0.485598           90.0
          75        120       0.485598          105.0
          75        120       0.485598          165.0
          75        120       0.489315          345.0
          75        120       0.492924          255.0
          75        120       0.498159          345.0
          75        120       0.505079          105.0
          75        120       0.565481           90.0
          75        120       0.566565          105.0
          75        120       0.571807          105.0
          75        120       0.572876           90.0
          75        120       0.573958          105.0
          75        120       0.573958          120.0
          75        120       0.573958          135.0
          75        120       0.573958          150.0
          75        120       0.575540           90.0
          75        120       0.579850          105.0
          75        120       0.580934           90.0
          75        120       0.583668          120.0
          75        120       0.588211          105.0
          75        120       0.596602          105.0
          75        120       0.609621          345.0
          75        120       0.711711          105.0
          75        120       0.711711          165.0
          75        120       0.719333           90.0
          75        120       0.721824           90.0
          75        120       0.726977          105.0
          75        120       0.734653          105.0
          75        120       0.734653          165.0
          75        120       0.742272          105.0
          75        120       0.750325           90.0
          75        120       0.751533          120.0
          75        120       0.758292          105.0
          75        120       0.761149           90.0
          75        120       0.761149          105.0
          75        120       0.761149          120.0
          75        120       0.761149          150.0
          75        120       0.766215           45.0
          75        120       0.766215           60.0
          75        120       0.768590           75.0
          75        120       0.774339          105.0
          75        120       0.776420          120.0
          75        120       0.777682          105.0
          75        120       0.777682          345.0
          75        120       0.779131          120.0
          75        120       0.782481          105.0
          75        120       0.785014          105.0
          75        120       0.786918           90.0
          75        120       0.788565           60.0
          75        120       0.788565          210.0
          75        120       0.790692          105.0
          75        120       0.790692          165.0
          75        120       0.793825          210.0
          75        120       0.795195           90.0
          75        120       0.800104          135.0
          75        120       0.801204          105.0
          75        120       0.801204          165.0
          75        120       0.811754           30.0
          75        120       0.811754           45.0
          75        120       0.821012           45.0
          75        120       0.825866          105.0
          75        120       0.825866          165.0
          75        120       0.862600          105.0
          75        120       0.862600          120.0
          75        120       0.870964          105.0
          75        120       0.872547           90.0
          75        120       0.872547          150.0
          75        120       0.872547          165.0
          75        120       0.879569          105.0
          75        120       0.888167          105.0
          75        120       0.894389          120.0
          75        120       0.897046          105.0
          75        120       0.905969           90.0
          75        120       0.911394           90.0
          75        120       0.924871           90.0
          75        120       0.924871          180.0
          75        120       0.934094           90.0
          75        120       0.956137           45.0
          75        120       0.956137           60.0
          75        120       0.976219          105.0
          75        120       0.978628          255.0
          75        120       0.983344          105.0
          75        120       0.984447          120.0
          75        120       0.995461            0.0
          75        120       0.998114          105.0
          75        120       1.002581          105.0
          75        120       1.066276          105.0
          75        120       1.074583          105.0
          75        120       1.074583          120.0
          75        120       1.076188          165.0
          75        120       1.079529          120.0
          75        120       1.087311          105.0
          75        120       1.118368          315.0
          75        120       1.118368          330.0
          75        120       1.148594          105.0
          75        120       1.150545          240.0
          75        120       1.156891           90.0
          75        120       1.156891          165.0
          75        120       1.158525          120.0
          75        120       1.177438           90.0
          75        120       1.179922           90.0
          75        120       1.186015           90.0
          75        120       1.187346          105.0
          75        120       1.187346          120.0
          75        120       1.189223           90.0
          75        120       1.190327          105.0
          75        120       1.192288          165.0
          75        120       1.193433           90.0
          75        120       1.196315          105.0
          75        120       1.198559           90.0
          75        120       1.199674          105.0
          75        120       1.200774           90.0
          75        120       1.208026          105.0
          75        120       1.209118          120.0
          75        120       1.209118          135.0
          75        120       1.210215           90.0
          75        120       1.210215          105.0
          75        120       1.210215          150.0
          75        120       1.217797           90.0
          75        120       1.219918           90.0
          75        120       1.221073          105.0
          75        120       1.266938          120.0
          75        120       1.269241          105.0
          75        120       1.270118          255.0
          75        120       1.270118          270.0
          75        120       1.271524           45.0
          75        120       1.271524           60.0
          75        120       1.271524           75.0
          75        120       1.274585          135.0
          75        120       1.286744          120.0
          75        120       1.289788          105.0
          75        120       1.378176          105.0
          75        120       1.379614           90.0
          75        120       1.379614          180.0
          75        120       1.387137           90.0
          75        120       1.387137          105.0
          75        120       1.396217          105.0
          75        120       1.398471          105.0
          75        120       1.400813          105.0
          75        120       1.403002          120.0
          75        120       1.405309           90.0
          75        120       1.414499          105.0
          75        120       1.416192          255.0
          75        120       1.417797          120.0
          75        120       1.419583          105.0
          75        120       1.419583          165.0
          75        120       1.421915           90.0
          75        120       1.421915          180.0
          75        120       1.424192          105.0
          75        120       1.433500           90.0
          75        120       1.433500          105.0
          75        120       1.442692          105.0
          75        120       1.451479          105.0
          75        120       1.452787          120.0
          75        120       1.473161          150.0
          75        120       1.577973           90.0
          75        120       1.577973          105.0
          75        120       1.577973          165.0
          75        120       1.587889          105.0
          75        120       1.595092          105.0
          75        120       1.597061          120.0
          75        120       1.603930          105.0
          75        120       1.613600          105.0
          75        120       1.616743           90.0
          75        120       1.622356          105.0
          75        120       1.622356          120.0
          75        120       1.622356          135.0
          75        120       1.622356          150.0
          75        120       1.698782          105.0
          75        120       1.703811           45.0
          75        120       1.709452          105.0
          75        120       1.726497          105.0
          75        120       1.735987          105.0
          75        120       1.745569          105.0
          75        120       1.750607          120.0
          75        120       1.755639          105.0
          75        120       1.775581          105.0
          75        120       1.783279          120.0
          75        120       1.783279          150.0
          75        120       1.785573          255.0
          75        120       1.787198          105.0
          75        120       1.794296          105.0
          75        120       1.796016           90.0
          75        120       1.804971          120.0
          75        120       1.806858          105.0
          75        120       1.807926          165.0
          75        120       1.809451          120.0
          75        120       1.809451          150.0
          75        120       1.812563           90.0
          75        120       1.820372          105.0
          75        120       1.820372          165.0
          75        120       1.825725          105.0
          75        120       1.865133          120.0
          75        120       1.865133          150.0
          75        120       1.866450           90.0
          75        120       1.866450          105.0
          75        120       1.873473          255.0
          75        120       1.874793          270.0
          75        120       1.893081          105.0
          75        120       1.902579          105.0
          75        120       1.903660           90.0
          75        120       1.904662          120.0
          75        120       1.904662          150.0
          75        120       1.911812           90.0
          75        120       1.911812          180.0
          75        120       1.971485          180.0
          75        120       1.972723           45.0
          75        120       1.976760          105.0
          75        120       1.978514          120.0
          75        120       2.002319          240.0
          75        120       2.046389          105.0
          75        120       2.047708           90.0
          75        120       2.047708          120.0
          75        120       2.054754          270.0
          75        120       2.056079          225.0
          75        120       2.056079          240.0
          75        120       2.056079          255.0
          75        120       2.057863           90.0
          75        120       2.064004           90.0
          75        120       2.072356           90.0
          75        120       2.073418          105.0
          75        120       2.075360           90.0
          75        120       2.081502          105.0
          75        120       2.084504           90.0
          75        120       2.084504          105.0
          75        120       2.091040          165.0
          75        120       2.099773           90.0
          75        120       2.100881          120.0
          75        120       2.100881          150.0
          75        120       2.106926          105.0
          75        120       2.108247           90.0
          75        120       2.109328          105.0
          75        120       2.110447          120.0
          75        120       2.115465           90.0
          75        120       2.115465          105.0
          75        120       2.123963          120.0
          75        120       2.123963          150.0
          75        120       2.125257          105.0
          75        120       2.126266           90.0
          75        120       2.126266          120.0
          75        120       2.126266          150.0
          75        120       2.132412          120.0
          75        120       2.133722           90.0
          75        120       2.134770          105.0
          75        120       2.140757          105.0
          75        120       2.141993          270.0
          75        120       2.143178          105.0
          75        120       2.144231           75.0
          75        120       2.149149          105.0
          75        120       2.230547          105.0
          75        120       2.231551           90.0
          75        120       2.232629          105.0
          75        120       2.232629          120.0
          75        120       2.232629          135.0
          75        120       2.232629          150.0
          75        120       2.233726           90.0
          75        120       2.238698          105.0
          75        120       2.240753          105.0
          75        120       2.241848          120.0
          75        120       2.241848          135.0
          75        120       2.247301          255.0
          75        120       2.249456          105.0
          75        120       2.256354          105.0
          75        120       2.259235          120.0
          75        120       2.265168          105.0
          75        120       2.266270          120.0
          75        120       2.282645          105.0
          75        120       2.282645          165.0
          75        120       2.283689          120.0
          75        120       2.291250          120.0
          75        120       2.353336          105.0
          75        120       2.428096          105.0
          75        120       2.432782          105.0
          75        120       2.445844          105.0
          75        120       2.445844          165.0
          75        120       2.453004          105.0
          75        120       2.455477          105.0
          75        120       2.457028           90.0
          75        120       2.463442          105.0
          75        120       2.468047            0.0
          75        120       2.469805          285.0
          75        120       2.471948          105.0
          75        120       2.480040          270.0
          75        120       2.481315          255.0
          75        120       2.484031          270.0
          75        120       2.485676          120.0
          75        120       2.497870           15.0
          75        120       2.500211           60.0
          75        120       2.510055          120.0
          75        120       2.514034          345.0
          75        120       2.519915           90.0
          75        120       2.519915          180.0
          75        120       2.521448          105.0
          75        120       2.521448          165.0
          75        120       2.524555          105.0
          75        120       2.534844           90.0
          75        120       2.540614           90.0
          80        125       0.002887          270.0
          80        125       0.004001           90.0
          80        125       0.009469          105.0
          80        125       0.009469          165.0
          80        125       0.010506          120.0
          80        125       0.011989          150.0
          80        125       0.015917          105.0
          80        125       0.021778          270.0
          80        125       0.025086          105.0
          80        125       0.029485           75.0
          80        125       0.030946           90.0
          80        125       0.046618          180.0
          80        125       0.047731          150.0
          80        125       0.047731          165.0
          80        125       0.053940          135.0
          80        125       0.480458           90.0
          80        125       0.480458          105.0
          80        125       0.480458          165.0
          80        125       0.488054           90.0
          80        125       0.496490          120.0
          80        125       0.496490          150.0
          80        125       0.504711           90.0
          80        125       0.504711          105.0
          80        125       0.507036          105.0
          80        125       0.512709          105.0
          80        125       0.514829           90.0
          80        125       0.527532           60.0
          80        125       0.529464          345.0
          80        125       0.539993           90.0
          80        125       0.546518          105.0
          80        125       0.548679           90.0
          80        125       0.555524           90.0
          80        125       0.555524          105.0
          80        125       0.558975          105.0
          80        125       0.560434           90.0
          80        125       0.561584           15.0
          80        125       0.564508           90.0
          80        125       0.564508          105.0
          80        125       0.566529          120.0
          80        125       0.568251           90.0
          80        125       0.570542           45.0
          80        125       0.571980           90.0
          80        125       0.573475          105.0
          80        125       0.574866           45.0
          80        125       0.577012           75.0
          80        125       0.578436          135.0
          80        125       0.591840          270.0
          80        125       0.593200          105.0
          80        125       0.595958          105.0
          80        125       0.597455          120.0
          80        125       0.601758           30.0
          80        125       0.601758           45.0
          80        125       0.603991          105.0
          80        125       0.605578           90.0
          80        125       0.606743           75.0
          80        125       0.613913          345.0
          80        125       0.615106          255.0
          80        125       0.620286           90.0
          80        125       0.621557          105.0
          80        125       0.621557          120.0
          80        125       0.621557          150.0
          80        125       0.628518          105.0
          80        125       0.632529           60.0
          80        125       0.633770          105.0
          80        125       0.641350          105.0
          80        125       0.645418          105.0
          80        125       0.654237          105.0
          80        125       0.661344           15.0
          80        125       0.662586           90.0
          80        125       0.669793           30.0
          80        125       0.675483          330.0
          80        125       0.732265           90.0
          80        125       0.739208           90.0
          80        125       0.753797           90.0
          80        125       0.760243          105.0
          80        125       0.761822          120.0
          80        125       0.766883           90.0
          80        125       0.773653           90.0
          80        125       0.775085          105.0
          80        125       0.781719           90.0
          80        125       0.784407            0.0
          80        125       0.784407          270.0
          80        125       0.785543          105.0
          80        125       0.787329           90.0
          80        125       0.791145          150.0
          80        125       0.808859          270.0
          80        125       0.811201          150.0
          80        125       0.814372          270.0
          80        125       0.815606           90.0
          80        125       0.817914          120.0
          80        125       0.817914          330.0
          80        125       0.820016          195.0
          80        125       0.820016          210.0
          80        125       0.821153           90.0
          80        125       0.822577          105.0
          80        125       0.824615          120.0
          80        125       0.825750          255.0
          80        125       0.831551          270.0
          80        125       0.835708           90.0
          80        125       0.837159          105.0
          80        125       0.838295          120.0
          80        125       0.841631          105.0
          80        125       0.841631          165.0
          80        125       0.843067           90.0
          80        125       0.844643          210.0
          80        125       0.846040          255.0
          80        125       0.846040          270.0
          80        125       0.847871           90.0
          80        125       0.848983          105.0
          80        125       0.850629           90.0
          80        125       0.850629          165.0
          80        125       0.851737          105.0
          80        125       0.853403           90.0
          80        125       0.855129          105.0
          80        125       0.855129          165.0
          80        125       0.856148           90.0
          80        125       0.858368           90.0
          80        125       0.861129           90.0
          80        125       0.862215          165.0
          80        125       0.865234           90.0
          80        125       0.866370          105.0
          80        125       0.867657           90.0
          80        125       0.868805          105.0
          80        125       0.869922           90.0
          80        125       0.873071          120.0
          80        125       0.873071          135.0
          80        125       0.874411          255.0
          80        125       0.875586           90.0
          80        125       0.877989           90.0
          80        125       0.879659          105.0
          80        125       0.882840          105.0
          80        125       0.883887           90.0
          80        125       0.884967          105.0
          80        125       0.886029          120.0
          80        125       0.887071          105.0
          80        125       0.888217          255.0
          80        125       0.889573          135.0
          80        125       0.895342          120.0
          80        125       0.897622          255.0
          80        125       0.897622          270.0
          80        125       0.899735           90.0
          80        125       0.908567          105.0
          80        125       0.913372          105.0
          80        125       0.913372          165.0
          80        125       0.916047          105.0
          80        125       0.917233          255.0
          80        125       0.929807          105.0
          80        125       0.931299           75.0
          80        125       0.943491          105.0
          80        125       0.955804          225.0
          80        125       0.956878          105.0
          80        125       0.956878          345.0
          80        125       0.972618          270.0
          80        125       0.973926          180.0
          80        125       0.975374          165.0
          80        125       0.976448          105.0
          80        125       0.978199           90.0
          80        125       0.984450          105.0
          80        125       0.988618          270.0
          80        125       1.000862          165.0
          80        125       1.026864           90.0
          80        125       1.040846          105.0
          80        125       1.057184           90.0
          80        125       1.057184          105.0
          80        125       1.061053          330.0
          80        125       1.062547          120.0
          80        125       1.069918          105.0
          80        125       1.071092          120.0
          80        125       1.075143          165.0
          80        125       1.077778          105.0
          80        125       1.079952          135.0
          80        125       1.079952          315.0
          80        125       1.084885          105.0
          80        125       1.084885          120.0
          80        125       1.094344           90.0
          80        125       1.103842          105.0
          80        125       1.113339          285.0
          80        125       1.115116          105.0
          80        125       1.234012           90.0
          80        125       1.254289          105.0
          80        125       1.255922          120.0
          80        125       1.255922          150.0
          80        125       1.257760          105.0
          80        125       1.266614           90.0
          80        125       1.274698          105.0
          80        125       1.276062           90.0
          80        125       1.284709          105.0
          80        125       1.295151          105.0
          80        125       1.296222           90.0
          80        125       1.363739           90.0
          80        125       1.367704          105.0
          80        125       1.367704          165.0
          80        125       1.373700          105.0
          80        125       1.376047           90.0
          80        125       1.377627          105.0
          80        125       1.378840          165.0
          80        125       1.383874          105.0
          80        125       1.385539           90.0
          80        125       1.387489          165.0
          80        125       1.399405          315.0
          80        125       1.421879           90.0
          80        125       1.424120          165.0
          80        125       1.430274          105.0
          80        125       1.434524          120.0
          80        125       1.438481            0.0
          80        125       1.440004          120.0
          80        125       1.441241          105.0
          80        125       1.442371           90.0
          80        125       1.445323           45.0
          80        125       1.449129           90.0
          80        125       1.450661          135.0
          80        125       1.450661          150.0
          80        125       1.458671          105.0
          80        125       1.459848           90.0
          80        125       1.558868           90.0
          80        125       1.558868          105.0
          80        125       1.558868          165.0
          80        125       1.560365          120.0
          80        125       1.594415          105.0
          80        125       1.598018           60.0
          80        125       1.600143           75.0
          80        125       1.602961          105.0
          80        125       1.605532          105.0
          80        125       1.606905          195.0
          80        125       1.612211           90.0
          80        125       1.612211          105.0
          80        125       1.612211          165.0
          80        125       1.615126          105.0
          80        125       1.621395          105.0
          80        125       1.622866          165.0
          80        125       1.625299           60.0
          80        125       1.629268          195.0
          80        125       1.630418          270.0
          80        125       1.631620          105.0
          80        125       1.637758          180.0
          80        125       1.639579           90.0
          80        125       1.642260          105.0
          80        125       1.642260          120.0
          80        125       1.642260          150.0
          80        125       1.648430          255.0
          80        125       1.649614          105.0
          80        125       1.657479          105.0
          80        125       1.658543           90.0
          80        125       1.664506          285.0
          80        125       1.665698          105.0
          80        125       1.666980           90.0
          80        125       1.668465          105.0
          80        125       1.670025          120.0
          80        125       1.672325            0.0
          80        125       1.672325          345.0
          80        125       1.673354          135.0
          80        125       1.674715          105.0
          80        125       1.676851           90.0
          80        125       1.678903          195.0
          80        125       1.682118           75.0
          80        125       1.683227          105.0
          80        125       1.683227          165.0
          80        125       1.685356          120.0
          80        125       1.686387           90.0
          80        125       1.686387          105.0
          80        125       1.686387          180.0
          80        125       1.688991          165.0
          80        125       1.691286          105.0
          80        125       1.697961          285.0
          80        125       1.699442           15.0
          80        125       1.699442           30.0
          80        125       1.699442           45.0
          80        125       1.699442           60.0
          80        125       1.700426          105.0
          80        125       1.706878          225.0
          80        125       1.713108          345.0
          80        125       1.721831          165.0
          80        125       1.726719          345.0
          80        125       1.807155          105.0
          80        125       1.808584          150.0
          80        125       1.814715           90.0
          80        125       1.814715          105.0
          80        125       1.815783          120.0
          80        125       1.818583           90.0
          80        125       1.821883           90.0
          80        125       1.824657           90.0
          80        125       1.824657          105.0
          80        125       1.824657          120.0
          80        125       1.824657          135.0
          80        125       1.825701          150.0
          80        125       1.829174          105.0
          80        125       1.830233          120.0
          80        125       1.831932          105.0
          80        125       1.835004           90.0
          80        125       1.836586          105.0
          80        125       1.837902           90.0
          80        125       1.839518          255.0
          80        125       1.844286          105.0
          80        125       1.851848           90.0
          80        125       1.859504          165.0
          80        125       1.861879          270.0
          80        125       1.863149          255.0
          80        125       1.865727           45.0
          80        125       1.865727           60.0
          80        125       1.867282           90.0
          80        125       1.870348          105.0
          80        125       1.874807          105.0
          80        125       1.878218          135.0
          80        125       1.879562           90.0
          80        125       1.881151           75.0
          80        125       1.883110           90.0
          80        125       1.883110          105.0
          80        125       1.891180           90.0
          80        125       1.891180          105.0
          80        125       1.891180          120.0
          80        125       1.891180          135.0
          80        125       1.891180          150.0
          80        125       1.895704           90.0
          80        125       1.895704          165.0
          80        125       1.899608          105.0
          80        125       1.915667          105.0
          80        125       1.924909          225.0
          80        125       1.936876          105.0
          80        125       1.942614          105.0
          80        125       1.945569          105.0
          80        125       1.945569          120.0
          80        125       1.949282           90.0
          80        125       1.958229          105.0
          80        125       1.961803          105.0
          80        125       1.963911           90.0
          80        125       1.963911          105.0
          80        125       1.963911          165.0
          80        125       1.965559           30.0
          80        125       1.965559           45.0
          80        125       1.965559           75.0
          80        125       1.970471           60.0
          80        125       1.970471          210.0
          80        125       1.974932          105.0
          80        125       1.984606           90.0
          80        125       1.984606          105.0
          80        125       1.988635           60.0
          80        125       1.988635          210.0
          80        125       2.008700          240.0
          80        125       2.016762           90.0
          80        125       2.018271          120.0
          80        125       2.025245          105.0
          80        125       2.026832           15.0
          80        125       2.051252          105.0
          80        125       2.052707           90.0
          80        125       2.060637           90.0
          80        125       2.060637          165.0
          80        125       2.069655          105.0
          80        125       2.072823          105.0
          80        125       2.074411           90.0
          80        125       2.077914           90.0
          80        125       2.079379          270.0
          80        125       2.081921          105.0
          80        125       2.087008           90.0
          80        125       2.088053          105.0
          80        125       2.089157           90.0
          80        125       2.091809           90.0
          80        125       2.091809          180.0
          80        125       2.092928           75.0
          80        125       2.096813           90.0
          80        125       2.096813          105.0
          80        125       2.097907          120.0
          80        125       2.097907          135.0
          80        125       2.097907          150.0
          80        125       2.099001           90.0
          80        125       2.100122          135.0
          80        125       2.100122          150.0
          80        125       2.104149           90.0
          80        125       2.104149          105.0
          80        125       2.105537          120.0
          80        125       2.105537          150.0
          80        125       2.120406           90.0
          80        125       2.139860          105.0
          80        125       2.141184            0.0
          80        125       2.141184          345.0
          80        125       2.144571          105.0
          80        125       2.149540           75.0
          80        125       2.156479          105.0
          80        125       2.158412          120.0
          80        125       2.158412          150.0
          80        125       2.160409           75.0
          80        125       2.164708           90.0
          80        125       2.172020           75.0
          80        125       2.172020           90.0
          80        125       2.174055          105.0
          80        125       2.187865          120.0
          80        125       2.187865          150.0
          80        125       2.194067          300.0
          80        125       2.197167          105.0
          80        125       2.234907           90.0
          80        125       2.235967          105.0
          80        125       2.238508          105.0
          80        125       2.244137           90.0
          80        125       2.250061          105.0
          80        125       2.251103          120.0
          80        125       2.252156           90.0
          80        125       2.258543           90.0
          80        125       2.259586          180.0
          80        125       2.261507          105.0
          80        125       2.263286           90.0
          80        125       2.267057          165.0
          80        125       2.271166          120.0
          80        125       2.275625           90.0
          80        125       2.275625          105.0
          80        125       2.277042           75.0
          80        125       2.282082          120.0
          80        125       2.283496          105.0
          80        125       2.284664           90.0
          80        125       2.285733          105.0
          80        125       2.287627          120.0
          80        125       2.289196          255.0
          80        125       2.291159           75.0
          80        125       2.293231          105.0
          80        125       2.294601           90.0
          80        125       2.296844           90.0
          80        125       2.296844          105.0
          80        125       2.297928          120.0
          80        125       2.304012          105.0
          80        125       2.305051          180.0
          80        125       2.309448          225.0
          80        125       2.311315          105.0
          80        125       2.313102           90.0
          80        125       2.313102          120.0
          80        125       2.318782          285.0
          80        125       2.318782          345.0
          80        125       2.320342          105.0
          80        125       2.323172           90.0
          80        125       2.327859            0.0
          80        125       2.334053          105.0
          80        125       2.335829           90.0
          80        125       2.336889           75.0
          80        125       2.342350          135.0
          80        125       2.343442          270.0
          80        125       2.343442          285.0
          80        125       2.343442          300.0
          80        125       2.354846          120.0
          80        125       2.360097           90.0
          80        125       2.364265           90.0
          80        125       2.368113           90.0
          80        125       2.375230           90.0
          80        125       2.384317           90.0
          80        125       2.390715          105.0
          80        125       2.399269           90.0
          80        125       2.407903           90.0
          80        125       2.413004           90.0
          80        125       2.414211          180.0
          80        125       2.414211          270.0
          80        125       2.415374          195.0
          80        125       2.416540           90.0
          80        125       2.418438          180.0
          80        125       2.427523            0.0
          80        125       2.429975           75.0
          80        125       2.480565          105.0
          80        125       2.489276          105.0
          80        125       2.490645           90.0
          80        125       2.492653          165.0
          80        125       2.497182          165.0
          80        125       2.498503          105.0
          80        125       2.499531           90.0
          80        125       2.500581           75.0
          80        125       2.501633           90.0
          80        125       2.507098          165.0
          80        125       2.509528           90.0
          80        125       2.516086           90.0
          80        125       2.516086          105.0
          80        125       2.525129          105.0
          80        125       2.534141          105.0
          80        125       2.535625           90.0
          80        125       2.536711           75.0
          80        125       2.543928          105.0
          80        125       2.545007           75.0
          80        125       2.548555          120.0
          80        125       2.551413          105.0
          80        125       2.552868           90.0
          80        125       2.552868          165.0
          80        125       2.555284          135.0
          80        125       2.557608           75.0
          80        125       2.564234            0.0
          80        125       2.578311          105.0
          80        125       2.604692           90.0
          80        125       2.608043            0.0
          80        125       2.613471          105.0
          80        125       2.614648           90.0
          80        125       2.622168           90.0
          80        125       2.623411          105.0
          80        125       2.630489           90.0
          80        125       2.633508           90.0
          80        125       2.639508           90.0
          80        125       2.639508          105.0
          80        125       2.639508          165.0
          80        125       2.641043          120.0
          80        125       2.642137           90.0
          80        125       2.643301          105.0
          80        125       2.648243          105.0
          80        125       2.650844           90.0
          80        125       2.651979          105.0
          80        125       2.656995          105.0
          80        125       2.659543           90.0
          80        125       2.661325          105.0
          80        125       2.665803          105.0
          80        125       2.668307          105.0
          80        125       2.672215           90.0
          80        125       2.674633          105.0
          80        125       2.674633          165.0
          80        125       2.677162          120.0
          80        125       2.678742           90.0
          80        125       2.683528          105.0
          80        125       2.684930           90.0
          80        125       2.687645          210.0
          80        125       2.692290          105.0
          80        125       2.693297           90.0
          80        125       2.714676          105.0
          80        125       2.726611          150.0
          80        125       2.732370          225.0
          80        125       2.748864           75.0
          80        125       2.758512          105.0
          80        125       2.767723           90.0
          80        125       2.767723          105.0
          80        125       2.769424          120.0
          80        125       2.771278           30.0
          80        125       2.771278           45.0
          80        125       2.772506           75.0
          80        125       2.853493           90.0
          85        130       0.109594           90.0
          85        130       0.111045          105.0
          85        130       0.119055           90.0
          85        130       0.240586           90.0
          85        130       0.241631          105.0
          85        130       0.250222           90.0
          85        130       0.251252          105.0
          85        130       0.252277           90.0
          85        130       0.253321          105.0
          85        130       0.259672           90.0
          85        130       0.260700          105.0
          85        130       0.261715           90.0
          85        130       0.262772          105.0
          85        130       0.264129          120.0
          85        130       0.269126           90.0
          85        130       0.270161          105.0
          85        130       0.271446           90.0
          85        130       0.272510           75.0
          85        130       0.273532           90.0
          85        130       0.278618           90.0
          85        130       0.279645          105.0
          85        130       0.281989          105.0
          85        130       0.283006          165.0
          85        130       0.288149           90.0
          85        130       0.289200          105.0
          85        130       0.290481           90.0
          85        130       0.291502          105.0
          85        130       0.292527           90.0
          85        130       0.297766           90.0
          85        130       0.298910          270.0
          85        130       0.299944          285.0
          85        130       0.318223           90.0
          85        130       0.318223          105.0
          85        130       0.326403           90.0
          85        130       0.327715          105.0
          85        130       0.328726           90.0
          85        130       0.335993          270.0
          85        130       0.337122           90.0
          85        130       0.338186          105.0
          85        130       0.339235           45.0
          85        130       0.339235           60.0
          85        130       0.339235           75.0
          85        130       0.345508           90.0
          85        130       0.346522          105.0
          85        130       0.347567          120.0
          85        130       0.347567          135.0
          85        130       0.348649           90.0
          85        130       0.354469           90.0
          85        130       0.355799          105.0
          85        130       0.363665           90.0
          85        130       0.366008           90.0
          85        130       0.367026          105.0
          85        130       0.372665           90.0
          85        130       0.373696          105.0
          85        130       0.374992           90.0
          85        130       0.478958           90.0
          85        130       0.480692          105.0
          85        130       0.480692          120.0
          85        130       0.480692          135.0
          85        130       0.486635          105.0
          85        130       0.488614           90.0
          85        130       0.490321          105.0
          85        130       0.491415           90.0
          85        130       0.495110           90.0
          85        130       0.498524           90.0
          85        130       0.498524          105.0
          85        130       0.499588           75.0
          85        130       0.503356           90.0
          85        130       0.504459          165.0
          85        130       0.506219           90.0
          85        130       0.511765           90.0
          85        130       0.513102          105.0
          85        130       0.515335          255.0
          85        130       0.520268          105.0
          85        130       0.523293           90.0
          85        130       0.524735            0.0
          85        130       0.527019           90.0
          85        130       0.528746          105.0
          85        130       0.530074           90.0
          85        130       0.533132          105.0
          85        130       0.536994          120.0
          85        130       0.538660           90.0
          85        130       0.539764          105.0
          85        130       0.543137           90.0
          85        130       0.545527           90.0
          85        130       0.547202          105.0
          85        130       0.550611          120.0
          85        130       0.555062           90.0
          85        130       0.556639          105.0
          85        130       0.556639          345.0
          85        130       0.563422           90.0
          85        130       0.573719           90.0
          85        130       0.584948          285.0
          85        130       0.586606           90.0
          85        130       0.587789          105.0
          85        130       0.589342          120.0
          85        130       0.590456          105.0
          85        130       0.593911          105.0
          85        130       0.598280          165.0
          85        130       0.606409          225.0
          85        130       0.607803          105.0
          85        130       0.610735           75.0
          85        130       0.612116          135.0
          85        130       0.615165           90.0
          85        130       0.616671          105.0
          85        130       0.618036          255.0
          85        130       0.618036          270.0
          85        130       0.619614           45.0
          85        130       0.619614           60.0
          85        130       0.620622           30.0
          85        130       0.625571          285.0
          85        130       0.628442           90.0
          85        130       0.640206          255.0
          85        130       0.641776          105.0
          85        130       0.653881          255.0
          85        130       0.655668            0.0
          85        130       0.674036          105.0
          85        130       0.709114           90.0
          85        130       0.712422          120.0
          85        130       0.713854          135.0
          85        130       0.715270          120.0
          85        130       0.715270          165.0
          85        130       0.716390           90.0
          85        130       0.718831          105.0
          85        130       0.723730          270.0
          85        130       0.725114          120.0
          85        130       0.732682          105.0
          85        130       0.738405          345.0
          85        130       0.739916          120.0
          85        130       0.745848           90.0
          85        130       0.755635          105.0
          85        130       0.755635          120.0
          85        130       0.767042          105.0
          85        130       0.768400          120.0
          85        130       0.773566           90.0
          85        130       0.775438          105.0
          85        130       0.781120          105.0
          85        130       0.788124          105.0
          85        130       0.789432          120.0
          85        130       0.795062           90.0
          85        130       0.808356          270.0
          85        130       0.811504          330.0
          85        130       0.814777           90.0
          85        130       0.816340          105.0
          85        130       0.821226           90.0
          85        130       0.827688           90.0
          85        130       0.829563          105.0
          85        130       0.834191           90.0
          85        130       0.838482          135.0
          85        130       0.841897          165.0
          85        130       0.847083           90.0
          85        130       0.847083          105.0
          85        130       0.848330          120.0
          85        130       0.848330          150.0
          85        130       0.851993          270.0
          85        130       0.851993          285.0
          85        130       0.851993          330.0
          85        130       0.853168           90.0
          85        130       0.857428          105.0
          85        130       0.859180           90.0
          85        130       0.860622          270.0
          85        130       0.863824           90.0
          85        130       0.865381          105.0
          85        130       0.866713          120.0
          85        130       0.872938           90.0
          85        130       0.873981          105.0
          85        130       0.877672           90.0
          85        130       0.878997          105.0
          85        130       0.882727          120.0
          85        130       0.883766           90.0
          85        130       0.885129          105.0
          85        130       0.886148           90.0
          85        130       0.889703           90.0
          85        130       0.890754          105.0
          85        130       0.892106           90.0
          85        130       0.893137          180.0
          85        130       0.895676           90.0
          85        130       0.895676          105.0
          85        130       0.898067           90.0
          85        130       0.898067          105.0
          85        130       0.901518          105.0
          85        130       0.905772          135.0
          85        130       0.935703            0.0
          85        130       0.948188          120.0
          85        130       1.578297           90.0
          85        130       1.579430          105.0
          85        130       1.580778           90.0
          85        130       1.580778          165.0
          85        130       1.587657           90.0
          85        130       1.587657          105.0
          85        130       1.593403          270.0
          85        130       1.593403          285.0
          85        130       1.593403          345.0
          85        130       1.594656           90.0
          85        130       1.596366          105.0
          85        130       1.598379           90.0
          85        130       1.599536          105.0
          85        130       1.601967          105.0
          85        130       1.602961           90.0
          85        130       1.607001          165.0
          85        130       1.611563           90.0
          85        130       1.612668          105.0
          85        130       1.617512           30.0
          85        130       1.620440          300.0
          85        130       1.625691           90.0
          85        130       1.638396          120.0
          85        130       1.644829          255.0
          85        130       1.650055          330.0
          85        130       1.653488           90.0
          85        130       1.654625           75.0
          85        130       1.664672          240.0
          85        130       1.668590           15.0
          85        130       1.668590           75.0
          85        130       1.670176          210.0
          85        130       1.670176          225.0
          85        130       1.673370           75.0
          85        130       1.674524           90.0
          85        130       1.674524          105.0
          85        130       1.676007          285.0
          85        130       1.678809          300.0
          85        130       1.680129           90.0
          85        130       1.680129          165.0
          85        130       1.681266          105.0
          85        130       1.685418           60.0
          85        130       1.685418          210.0
          85        130       1.686547           90.0
          85        130       1.689145           90.0
          85        130       1.689145          165.0
          85        130       1.690280          105.0
          85        130       1.691637          165.0
          85        130       1.695598          105.0
          85        130       1.696799           15.0
          85        130       1.698227           90.0
          85        130       1.699358          105.0
          85        130       1.716438           90.0
          85        130       1.717588          105.0
          85        130       1.718585           75.0
          85        130       1.722805          120.0
          85        130       1.725563           90.0
          85        130       1.727710          105.0
          85        130       1.733786          270.0
          85        130       1.734961           90.0
          85        130       1.734961          105.0
          85        130       1.736864          180.0
          85        130       1.744122           90.0
          85        130       1.745475          120.0
          85        130       1.749811          315.0
          85        130       1.753186           60.0
          85        130       1.760832           90.0
          85        130       1.762264          105.0
          85        130       1.767938          120.0
          85        130       1.771120           75.0
          85        130       1.772152           90.0
          85        130       1.774408          120.0
          85        130       1.775788           75.0
          85        130       1.776867           90.0
          85        130       1.778820          270.0
          85        130       1.780012           90.0
          85        130       1.780012          180.0
          85        130       1.783215           90.0
          85        130       1.784287          210.0
          85        130       1.785715           90.0
          85        130       1.791471          255.0
          85        130       1.793469          270.0
          85        130       1.794793          180.0
          85        130       1.796914          165.0
          85        130       1.808226           90.0
          85        130       1.810426          270.0
          85        130       1.813637          270.0
          85        130       1.815297           90.0
          85        130       1.818371           90.0
          85        130       1.824815          105.0
          85        130       1.827942          105.0
          85        130       1.833852          285.0
          85        130       1.835163          105.0
          85        130       1.836246           90.0
          85        130       1.841921          255.0
          85        130       1.843172          105.0
          85        130       1.851762           90.0
          85        130       1.855613           90.0
          85        130       1.857104          105.0
          85        130       1.858428          255.0
          85        130       1.860807          255.0
          85        130       1.869569          105.0
          85        130       1.870501          270.0
          85        130       1.871887          105.0
          85        130       1.873375           90.0
          85        130       1.875532          255.0
          85        130       1.877516           15.0
          85        130       1.881657           90.0
          85        130       1.886129          270.0
          85        130       1.887540           90.0
          85        130       1.887540          165.0
          85        130       1.888913          105.0
          85        130       1.889945           90.0
          85        130       1.891639          105.0
          85        130       1.897887          105.0
          85        130       1.897887          165.0
          85        130       1.899473          120.0
          85        130       1.900499          105.0
          85        130       1.910176           90.0
          85        130       1.912597           90.0
          85        130       1.916477           15.0
          85        130       1.924085          105.0
          85        130       1.925489           45.0
          85        130       1.925489           60.0
          85        130       1.925489           75.0
          85        130       1.928321           90.0
          85        130       1.929753          105.0
          85        130       1.932532           90.0
          85        130       1.932532          180.0
          85        130       1.934118           45.0
          85        130       1.935735           60.0
          85        130       1.935735           75.0
          85        130       1.952626          270.0
          85        130       1.973367           90.0
          85        130       1.974711          105.0
          85        130       1.979898           90.0
          85        130       1.981375          270.0
          85        130       1.982566           90.0
          85        130       1.987729          105.0
          85        130       1.995936          120.0
          85        130       1.995936          150.0
          85        130       1.997527           90.0
          85        130       2.000262           90.0
          85        130       2.001877          105.0
          85        130       2.005855           90.0
          85        130       2.007081          255.0
          85        130       2.010290           90.0
          85        130       2.012762           90.0
          85        130       2.014721          105.0
          85        130       2.018854          135.0
          85        130       2.021307          105.0
          85        130       2.024243           90.0
          85        130       2.024243          105.0
          85        130       2.030196           90.0
          85        130       2.030196          105.0
          85        130       2.036051           90.0
          85        130       2.047485           90.0
          85        130       2.049528          105.0
          85        130       2.050602          135.0
          85        130       2.052151          315.0
          85        130       2.056062           90.0
          85        130       2.058121           90.0
          85        130       2.059247           75.0
          85        130       2.060383           90.0
          85        130       2.062401          225.0
          85        130       2.064668           90.0
          85        130       2.066735          120.0
          85        130       2.066735          330.0
          85        130       2.073191           90.0
          85        130       2.074295          105.0
          85        130       2.075315           75.0
          85        130       2.082168           90.0
          85        130       2.083901          195.0
          85        130       2.085040          150.0
          85        130       2.086073          135.0
          85        130       2.094733          105.0
          85        130       2.099086           90.0
          85        130       2.102305           75.0
          85        130       2.103359           90.0
          85        130       2.108038          105.0
          85        130       2.110930           15.0
          85        130       2.110930           30.0
          85        130       2.110930           45.0
          85        130       2.111980           90.0
          85        130       2.116575           90.0
          85        130       2.117719          105.0
          85        130       2.119495           75.0
          85        130       2.120535           90.0
          85        130       2.126960           75.0
          85        130       2.129094           90.0
          85        130       2.133301          105.0
          85        130       2.134406           90.0
          85        130       2.135522          105.0
          85        130       2.137624          105.0
          85        130       2.138660           90.0
          85        130       2.141781           90.0
          85        130       2.142911          105.0
          85        130       2.144051           90.0
          85        130       2.146106           75.0
          85        130       2.146106           90.0
          85        130       2.147186           60.0
          85        130       2.150328           90.0
          85        130       2.151434          105.0
          85        130       2.152488           90.0
          85        130       2.154626           90.0
          85        130       2.155667          105.0
          85        130       2.162109          180.0
          85        130       2.163207           90.0
          85        130       2.165665           75.0
          85        130       2.165665           90.0
          85        130       2.169643          105.0
          85        130       2.170719           90.0
          85        130       2.171801          105.0
          85        130       2.172777           90.0
          85        130       2.174203           75.0
          85        130       2.176430           90.0
          85        130       2.177569          105.0
          85        130       2.179324           90.0
          85        130       2.182822           60.0
          85        130       2.187829           90.0
          85        130       2.193714          105.0
          85        130       2.194847           90.0
          85        130       2.196627          105.0
          85        130       2.201055           90.0
          85        130       2.204958          135.0
          85        130       2.207032          120.0
          85        130       2.207032          135.0
          85        130       2.214438           90.0
          85        130       2.215789          105.0
          85        130       2.217957           90.0
          85        130       2.226581          105.0
          85        130       2.226581          165.0
          85        130       2.425485           90.0
          85        130       2.427016          105.0
          85        130       2.429160           90.0
          85        130       2.442026          255.0
          85        130       2.446073           45.0
          85        130       2.469469           90.0
          85        130       2.470897          105.0
          85        130       2.476516           90.0
          85        130       2.483219           90.0
          85        130       2.483219          105.0
          85        130       2.485201          120.0
          85        130       2.490316           90.0
          85        130       2.492120          105.0
          85        130       2.497799          105.0
          85        130       2.505606          105.0
          85        130       2.507014          120.0
          85        130       2.508051           90.0
          85        130       2.512737          105.0
          85        130       2.514360           90.0
          85        130       2.521461          180.0
          85        130       2.526211           90.0
          85        130       2.527758          270.0
          85        130       2.536034          105.0
          85        130       2.543770          165.0
          85        130       2.551661           90.0
          85        130       2.564863           90.0
          85        130       2.618772          285.0
          85        130       2.779497           90.0
          85        130       2.782567          270.0
          85        130       2.785415            0.0
          85        130       2.792281           90.0
          85        130       2.793924          105.0
          85        130       2.794992           90.0
          85        130       2.796250          105.0
          85        130       2.798227           90.0
          85        130       2.805222           90.0
          85        130       2.807088          255.0
          85        130       2.815472           90.0
          85        130       2.818877          240.0
          85        130       2.821422           90.0
          85        130       2.823571          105.0
          85        130       2.827262           90.0
          85        130       2.828829          165.0
          85        130       2.840485          105.0
          85        130       2.842430          120.0
          85        130       2.842430          135.0
          85        130       2.844329          105.0
          85        130       2.873092          105.0
          85        130       2.881151          165.0
          85        130       2.882285           90.0
          85        130       2.890082           90.0
          85        130       2.891203          105.0
          85        130       2.897993            0.0
          85        130       2.897993           30.0
          85        130       2.899258          270.0
          85        130       2.903999           75.0
          85        130       2.905116          105.0
          85        130       2.908844           90.0
          85        130       2.913247           90.0
          85        130       2.913247          105.0
          85        130       2.914373          240.0
          85        130       2.927719           90.0
          85        130       2.929034          105.0
          85        130       2.937332          105.0
          85        130       2.946765           90.0
          85        130       2.956496           90.0
          85        130       2.964256           75.0
          85        130       2.965645           90.0
          85        130       2.967538          105.0
          85        130       2.980098          270.0
          85        130       2.983932          105.0
          85        130       2.992355          270.0
          85        130       2.996299          105.0
          90        135       0.008519           90.0
          90        135       0.009879           75.0
          90        135       0.014776          345.0
          90        135       0.016626          270.0
          90        135       0.017833           75.0
          90        135       0.019868          105.0
          90        135       0.019868          120.0
          90        135       0.026372           90.0
          90        135       0.032065           75.0
          90        135       0.035488           90.0
          90        135       0.043118           90.0
          90        135       0.045042           75.0
          90        135       0.056042          105.0
          90        135       0.065528           90.0
          90        135       0.073976           90.0
          90        135       0.145008           90.0
          90        135       0.146735          105.0
          90        135       0.153105           90.0
          90        135       0.178519           90.0
          90        135       0.188145           90.0
          90        135       0.189604          255.0
          90        135       0.192152           90.0
          90        135       0.197914           90.0
          90        135       0.207028           90.0
          90        135       0.208143           75.0
          90        135       0.208143          105.0
          90        135       0.213913          315.0
          90        135       0.216458           90.0
          90        135       0.217694          285.0
          90        135       0.250129           90.0
          90        135       0.252952           15.0
          90        135       0.254887           90.0
          90        135       0.260797          270.0
          90        135       0.260797          285.0
          90        135       0.260797          300.0
          90        135       0.260797          315.0
          90        135       0.264422           90.0
          90        135       0.297596           15.0
          90        135       0.309307          135.0
          90        135       0.332930           90.0
          90        135       0.339889           75.0
          90        135       0.343180           90.0
          90        135       0.346039           90.0
          90        135       0.419945           90.0
          90        135       0.436336           90.0
          90        135       0.445219          270.0
          90        135       0.447324           90.0
          90        135       0.448508            0.0
          90        135       0.450953           30.0
          90        135       0.456590           90.0
          90        135       0.457807          105.0
          90        135       0.459055          120.0
          90        135       0.460180           60.0
          90        135       0.568463          120.0
          90        135       0.574188           90.0
          90        135       0.575414          105.0
          90        135       0.583657          270.0
          90        135       0.585118           90.0
          90        135       0.586295          105.0
          90        135       0.587903           75.0
          90        135       0.589128           45.0
          90        135       0.593543           90.0
          90        135       0.594702          105.0
          90        135       0.595836           90.0
          90        135       0.598105           90.0
          90        135       0.599249           75.0
          90        135       0.601496          345.0
          90        135       0.605070           90.0
          90        135       0.607301           90.0
          90        135       0.608422          105.0
          90        135       0.611730           90.0
          90        135       0.612961          270.0
          90        135       0.614731           90.0
          90        135       0.617304          270.0
          90        135       0.618850           60.0
          90        135       0.624528          270.0
          90        135       0.624528          285.0
          90        135       0.627082           90.0
          90        135       0.628508          180.0
          90        135       0.631209          345.0
          90        135       0.633012           90.0
          90        135       0.644745          105.0
          90        135       0.647040          270.0
          90        135       0.647040          285.0
          90        135       0.648251            0.0
          90        135       0.652449           90.0
          90        135       0.654618           90.0
          90        135       0.657995           15.0
          90        135       0.659319           75.0
          90        135       0.661793           90.0
          90        135       0.663366          105.0
          90        135       0.667762            0.0
          90        135       0.667762           15.0
          90        135       0.667762          255.0
          90        135       0.667762          270.0
          90        135       0.669045           60.0
          90        135       0.671958          270.0
          90        135       0.674465           90.0
          90        135       0.681528           90.0
          90        135       0.681528          105.0
          90        135       0.683077           75.0
          90        135       0.684276          105.0
          90        135       0.684276          165.0
          90        135       0.691278           90.0
          90        135       0.700848           90.0
          90        135       0.710465           90.0
          90        135       0.711655          105.0
          90        135       0.720180           90.0
          90        135       0.724735          105.0
          90        135       0.731143           75.0
          90        135       0.731143          105.0
          90        135       0.734606          120.0
          90        135       0.735667           75.0
          90        135       0.741287           60.0
          90        135       0.757512           90.0
          90        135       0.757512          105.0
          90        135       0.845367           90.0
          90        135       0.846399          105.0
          90        135       0.847430           90.0
          90        135       0.874051           90.0
          90        135       0.876063          105.0
          90        135       0.878114          120.0
          90        135       0.879317           15.0
          90        135       0.883118          270.0
          90        135       0.884997           90.0
          90        135       0.893555          270.0
          90        135       0.897610           75.0
          90        135       0.902040           90.0
          90        135       0.903473           75.0
          90        135       0.906652           90.0
          90        135       0.908676           90.0
          90        135       0.911250           90.0
          90        135       0.912676           75.0
          90        135       0.913781           90.0
          90        135       0.915624          105.0
          90        135       0.915624          345.0
          90        135       0.919070            0.0
          90        135       0.921039           90.0
          90        135       0.922149           75.0
          90        135       0.923629           90.0
          90        135       0.924803          105.0
          90        135       0.930430           90.0
          90        135       0.931883          105.0
          90        135       0.934700           60.0
          90        135       0.934700           75.0
          90        135       0.937086            0.0
          90        135       0.937086           90.0
          90        135       0.938264          285.0
          90        135       0.938264          345.0
          90        135       0.940004           90.0
          90        135       0.940004          105.0
          90        135       0.941502           75.0
          90        135       0.942614           90.0
          90        135       0.944151          105.0
          90        135       0.949790           90.0
          90        135       0.951801           75.0
          90        135       0.962589           15.0
          90        135       0.963674           75.0
          90        135       0.969211           90.0
          90        135       0.970934          105.0
          90        135       0.976031           90.0
          90        135       0.977200           30.0
          90        135       0.978637           90.0
          90        135       0.979782           75.0
          90        135       0.980894           90.0
          90        135       0.984247           15.0
          90        135       0.984247           75.0
          90        135       0.985803           60.0
          90        135       0.988254           90.0
          90        135       0.989391          105.0
          90        135       0.992656           90.0
          90        135       0.997868           90.0
          90        135       0.999010          105.0
          90        135       1.000152           90.0
          90        135       1.002393           15.0
          90        135       1.003571           75.0
          90        135       1.005100           15.0
          90        135       1.007543           90.0
          90        135       1.009190          150.0
          90        135       1.012069           75.0
          90        135       1.015450          105.0
          90        135       1.015450          120.0
          90        135       1.017414           90.0
          90        135       1.018526          105.0
          90        135       1.045996          345.0
          90        135       1.123711          120.0
          90        135       1.127215           90.0
          90        135       1.155582           90.0
          90        135       1.162961          330.0
          90        135       1.164180           30.0
          90        135       1.165270           90.0
          90        135       1.166444          105.0
          90        135       1.169778           90.0
          90        135       1.171219           75.0
          90        135       1.174883           90.0
          90        135       1.176065          105.0
          90        135       1.179378          105.0
          90        135       1.180532           30.0
          90        135       1.180532           45.0
          90        135       1.180532           60.0
          90        135       1.180532           75.0
          90        135       1.184563           90.0
          90        135       1.185729          105.0
          90        135       1.186903           90.0
          90        135       1.188539           75.0
          90        135       1.190817           75.0
          90        135       1.194243           90.0
          90        135       1.195389           75.0
          90        135       1.199370           75.0
          90        135       1.200546          345.0
          90        135       1.203988           90.0
          90        135       1.205092           75.0
          90        135       1.209140          270.0
          90        135       1.214851           90.0
          90        135       1.232269           90.0
          90        135       1.233457          105.0
          90        135       1.234531            0.0
          90        135       1.234531           90.0
          90        135       1.235764           75.0
          90        135       1.236857           30.0
          90        135       1.236857           60.0
          90        135       1.245475          150.0
          90        135       1.245475          300.0
          90        135       1.246653           60.0
          90        135       1.270433           90.0
          90        135       1.281376           90.0
          90        135       1.295262          180.0
          90        135       1.296633          105.0
          90        135       1.299113           90.0
          90        135       1.304112          225.0
          90        135       1.308872           90.0
          90        135       1.373020           75.0
          90        135       1.373020           90.0
          90        135       1.392016           90.0
          90        135       1.393757          105.0
          90        135       1.395283          120.0
          90        135       1.396774          105.0
          90        135       1.403414           90.0
          90        135       1.410769           90.0
          90        135       1.413688           90.0
          90        135       1.415385           75.0
          90        135       1.416471          165.0
          90        135       1.431895           90.0
          90        135       1.433045          105.0
          90        135       1.434747           90.0
          90        135       1.437540           90.0
          90        135       1.441469           90.0
          90        135       1.444635          105.0
          90        135       1.445678           75.0
          90        135       1.457847           90.0
          90        135       1.459109          270.0
          90        135       1.460657           90.0
          90        135       1.462377          105.0
          90        135       1.465414           90.0
          90        135       1.465414          180.0
          90        135       1.472921           75.0
          90        135       1.475621           90.0
          90        135       1.477565          105.0
          90        135       1.478570           90.0
          90        135       1.480641           90.0
          90        135       1.480641          105.0
          90        135       1.483352           90.0
          90        135       1.485754           90.0
          90        135       1.487221           75.0
          90        135       1.488868           90.0
          90        135       1.492581          135.0
          90        135       1.505246           90.0
          90        135       1.506379           30.0
          90        135       1.506379           60.0
          90        135       1.508372          105.0
          90        135       1.513600          285.0
          90        135       1.529191           90.0
          90        135       1.530578           75.0
          90        135       1.532645          120.0
          90        135       1.532645          135.0
          90        135       1.532645          150.0
          90        135       1.533734           90.0
          90        135       1.534885           75.0
          90        135       1.547276          105.0
          90        135       1.549472           90.0
          90        135       1.634613           90.0
          90        135       1.639121           90.0
          90        135       1.644461           90.0
          90        135       1.654082           90.0
          90        135       1.673312           90.0
          90        135       1.856282           90.0
          90        135       1.863469           90.0
          90        135       1.870558           90.0
          90        135       1.877938           90.0
          90        135       1.931766           90.0
          90        135       1.933198          105.0
          90        135       1.933198          345.0
          90        135       1.935938          105.0
          90        135       1.935938          120.0
          90        135       1.935938          135.0
          90        135       1.941590           90.0
          90        135       1.944036           90.0
          90        135       1.949144           90.0
          90        135       1.951453           90.0
          90        135       1.957614           90.0
          90        135       1.962410           90.0
          90        135       1.964485           90.0
          90        135       1.971446          165.0
          90        135       1.976926           90.0
          90        135       1.981890           90.0
          90        135       1.983374          105.0
          90        135       1.988792          105.0
          90        135       1.991469          120.0
          90        135       2.004149           90.0
          90        135       2.007772          135.0
          90        135       2.007772          315.0
          90        135       2.009594           90.0
          90        135       2.018959          150.0
          90        135       2.025554          270.0
          90        135       2.038729          105.0
          90        135       2.046613           90.0
          90        135       2.048045           75.0
          90        135       2.049226           90.0
          90        135       2.050394            0.0
          90        135       2.051926          105.0
          90        135       2.051926          120.0
          90        135       2.051926          135.0
          90        135       2.056876           90.0
          90        135       2.058469           75.0
          90        135       2.059905          285.0
          90        135       2.062699           90.0
          90        135       2.063686          255.0
          90        135       2.064770          270.0
          90        135       2.064770          285.0
          90        135       2.066699           90.0
          90        135       2.067997           75.0
          90        135       2.069383            0.0
          90        135       2.069383           90.0
          90        135       2.070874          105.0
          90        135       2.072907           90.0
          90        135       2.077203          105.0
          90        135       2.085657           90.0
          90        135       2.090024           90.0
          90        135       2.091307          105.0
          90        135       2.093067          180.0
          90        135       2.094114           90.0
          90        135       2.095920          105.0
          90        135       2.097008           90.0
          90        135       2.098399          105.0
          90        135       2.104375           90.0
          90        135       2.105495          105.0
          90        135       2.107555           90.0
          90        135       2.112922          210.0
          90        135       2.115352           90.0
          90        135       2.116576          150.0
          90        135       2.119764           75.0
          90        135       2.121645           90.0
          90        135       2.122797           75.0
          90        135       2.127887           90.0
          90        135       2.130251           90.0
          90        135       2.131418           75.0
          90        135       2.131418          105.0
          90        135       2.135037          330.0
          90        135       2.136456          315.0
          90        135       2.138922           90.0
          90        135       2.143334          120.0
          90        135       2.145547          270.0
          90        135       2.150188          120.0
          90        135       2.154154          120.0
          90        135       2.158751           90.0
          90        135       2.162648          270.0
          90        135       2.164930           90.0
          90        135       2.172512          300.0
          90        135       2.172512          345.0
          90        135       2.173605           90.0
          90        135       2.175684          105.0
          90        135       2.175684          120.0
          90        135       2.177252           15.0
          90        135       2.177252           75.0
          90        135       2.183614          165.0
          90        135       2.185866          165.0
          90        135       2.186977          120.0
          90        135       2.188137            0.0
          90        135       2.189304          315.0
          90        135       2.190574           90.0
          90        135       2.194347           90.0
          90        135       2.195809          120.0
          90        135       2.199383           90.0
          90        135       2.202469          270.0
          90        135       2.204371          195.0
          90        135       2.205758          270.0
          90        135       2.207264           15.0
          90        135       2.207264          330.0
          90        135       2.208407          120.0
          90        135       2.218803          195.0
          90        135       2.223480          270.0
          90        135       2.224723          255.0
          90        135       2.225844          270.0
          90        135       2.234872           90.0
          90        135       2.234872          105.0
          90        135       2.242743           90.0
          90        135       2.246290           75.0
          90        135       2.246290           90.0
          90        135       2.249750           90.0
          90        135       2.255542          255.0
          90        135       2.259370          105.0
          90        135       2.263168           90.0
          90        135       2.268483          105.0
          90        135       2.272996          330.0
          90        135       2.280385          300.0
          90        135       2.309840           90.0
          90        135       2.316610           90.0
          90        135       2.337790           90.0
          90        135       2.350383           90.0
          90        135       2.352202          105.0
          90        135       2.355024           90.0
          90        135       2.355024          105.0
          90        135       2.356391          330.0
          90        135       2.359819          105.0
          90        135       2.363567           90.0
          90        135       2.365793           90.0
          90        135       2.365793          105.0
          90        135       2.365793          120.0
          90        135       2.369422          120.0
          90        135       2.374812           90.0
          90        135       2.376543          120.0
          90        135       2.377547           90.0
          90        135       2.392583          270.0
          90        135       2.397770           90.0
          90        135       2.404985          270.0
          90        135       2.406301           90.0
          90        135       2.409774           90.0
          90        135       2.413672           90.0
          90        135       2.414756          105.0
          90        135       2.416028           90.0
          90        135       2.417571          105.0
          90        135       2.418876           90.0
          90        135       2.420536          105.0
          90        135       2.429922           30.0
          90        135       2.429922           45.0
          90        135       2.431065          120.0
          90        135       2.434153          120.0
          90        135       2.434153          330.0
          90        135       2.441097           90.0
          90        135       2.442635          105.0
          90        135       2.443887           90.0
          90        135       2.445487          105.0
          90        135       2.447202           75.0
          90        135       2.448684          105.0
          90        135       2.452125           90.0
          90        135       2.454168          270.0
          90        135       2.455547          285.0
          90        135       2.460389          195.0
          90        135       2.460389          210.0
          90        135       2.463492           90.0
          90        135       2.469008          255.0
          90        135       2.481401          135.0
          90        135       2.636871          120.0
          90        135       2.643504           90.0
          90        135       2.644709           75.0
          90        135       2.649992           90.0
          90        135       2.726191           90.0
          90        135       2.734597           90.0
          90        135       2.738371           90.0
          90        135       2.739588          105.0
          90        135       2.742614           90.0
          90        135       2.743745          105.0
          90        135       2.745707           90.0
          90        135       2.751648           90.0
          90        135       2.752735          105.0
          90        135       2.756182          105.0
          90        135       2.764622           90.0
          90        135       2.765696           75.0
          90        135       2.765696          195.0
          90        135       2.772293           90.0
          90        135       2.773714           75.0
          90        135       2.774883           90.0
          90        135       2.775957            0.0
          90        135       2.777387           90.0
          90        135       2.778475          105.0
          90        135       2.781500           90.0
          90        135       2.781500          105.0
          90        135       2.782547           75.0
          90        135       2.783668           90.0
          90        135       2.786000           90.0
          90        135       2.790270          285.0
          90        135       2.823539           75.0
          90        135       2.823539           90.0
          90        135       2.824732           60.0
          90        135       2.976219           90.0
          90        135       2.980336           90.0
          90        135       2.986454           90.0
          95        140       0.061061          105.0
          95        140       0.067711           90.0
          95        140       0.072640           90.0
          95        140       0.083226           90.0
          95        140       0.084426          300.0
          95        140       0.086782          150.0
          95        140       0.086782          165.0
          95        140       0.088148           90.0
          95        140       0.089653           75.0
          95        140       0.091499          255.0
          95        140       0.107215           90.0
          95        140       0.114547           90.0
          95        140       0.156558           90.0
          95        140       0.159602           90.0
          95        140       0.179961           90.0
          95        140       0.186929          270.0
          95        140       0.187972           90.0
          95        140       0.192452          285.0
          95        140       0.192452          315.0
          95        140       0.192452          345.0
          95        140       0.199174          105.0
          95        140       0.200836           90.0
          95        140       0.203321           90.0
          95        140       0.207094           90.0
          95        140       0.208700          105.0
          95        140       0.216336           90.0
          95        140       0.225547           90.0
          95        140       0.233047           90.0
          95        140       0.234639           75.0
          95        140       0.235937           90.0
          95        140       0.245027           90.0
          95        140       0.246428          105.0
          95        140       0.247765           90.0
          95        140       0.249196          345.0
          95        140       0.252891           90.0
          95        140       0.258469           90.0
          95        140       0.277006          105.0
          95        140       0.371993           90.0
          95        140       0.373902          180.0
          95        140       0.375683            0.0
          95        140       0.381102           90.0
          95        140       0.383329          105.0
          95        140       0.383329          120.0
          95        140       0.386756           30.0
          95        140       0.390980           90.0
          95        140       0.400176           90.0
          95        140       0.403195           90.0
          95        140       0.408492           90.0
          95        140       0.409909          105.0
          95        140       0.414774          255.0
          95        140       0.416086          300.0
          95        140       0.417428           60.0
          95        140       0.419067           90.0
          95        140       0.422285           90.0
          95        140       0.423446          165.0
          95        140       0.424621           90.0
          95        140       0.425805          105.0
          95        140       0.426960          135.0
          95        140       0.428515           90.0
          95        140       0.431285           90.0
          95        140       0.432957          105.0
          95        140       0.434100           60.0
          95        140       0.435149          330.0
          95        140       0.437954           90.0
          95        140       0.439030          105.0
          95        140       0.442382           75.0
          95        140       0.443522           45.0
          95        140       0.445840          120.0
          95        140       0.447579           90.0
          95        140       0.548829           90.0
          95        140       0.550211           75.0
          95        140       0.551265           90.0
          95        140       0.552346           75.0
          95        140       0.553918           90.0
          95        140       0.554973          105.0
          95        140       0.557227          270.0
          95        140       0.558387           90.0
          95        140       0.561399           90.0
          95        140       0.561399          105.0
          95        140       0.566320           90.0
          95        140       0.567370           75.0
          95        140       0.570307           75.0
          95        140       0.574686          105.0
          95        140       0.575829           90.0
          95        140       0.580969           90.0
          95        140       0.580969          180.0
          95        140       0.584961          270.0
          95        140       0.589172           90.0
          95        140       0.595653          255.0
          95        140       0.603711           90.0
          95        140       0.605108          105.0
          95        140       0.613891          120.0
          95        140       0.615260          165.0
          95        140       0.621493          300.0
          95        140       0.621493          315.0
          95        140       0.985426           90.0
          95        140       0.988028           90.0
          95        140       0.991047           90.0
          95        140       0.992106          105.0
          95        140       1.000223           90.0
          95        140       1.001588           75.0
          95        140       1.003840           90.0
          95        140       1.004897           75.0
          95        140       1.009785           90.0
          95        140       1.012649           90.0
          95        140       1.018375           90.0
          95        140       1.021293           90.0
          95        140       1.021293          105.0
          95        140       1.024078           90.0
          95        140       1.029500           90.0
          95        140       1.034043           90.0
          95        140       1.034043          105.0
          95        140       1.039906           90.0
          95        140       1.041600          105.0
          95        140       1.044518          105.0
          95        140       1.069640          180.0
          95        140       1.149774           90.0
          95        140       1.154098           90.0
          95        140       1.158122           90.0
          95        140       1.160075          105.0
          95        140       1.162075           90.0
          95        140       1.163221          105.0
          95        140       1.164781           90.0
          95        140       1.169304           90.0
          95        140       1.173117           90.0
          95        140       1.180031           90.0
          95        140       1.184626           90.0
          95        140       1.195184           90.0
          95        140       1.197168          105.0
          95        140       1.321328           90.0
          95        140       1.322493          270.0
          95        140       1.324254           90.0
          95        140       1.325280           75.0
          95        140       1.326785           90.0
          95        140       1.327811           75.0
          95        140       1.330012          270.0
          95        140       1.331176           90.0
          95        140       1.332250           75.0
          95        140       1.348077          105.0
          95        140       1.355871           90.0
          95        140       1.512836           90.0
          95        140       1.514163           75.0
          95        140       1.521442           90.0
          95        140       1.522778          105.0
          95        140       1.533008          270.0
          95        140       1.533008          285.0
          95        140       1.534472           90.0
          95        140       1.535664           75.0
          95        140       1.536889           30.0
          95        140       1.536889           60.0
          95        140       1.540813           90.0
          95        140       1.541879           45.0
          95        140       1.541879           60.0
          95        140       1.550508           90.0
          95        140       1.555422           90.0
          95        140       1.560118           90.0
          95        140       1.569016          270.0
          95        140       1.585633           45.0
          95        140       1.585633           60.0
          95        140       1.615350          105.0
          95        140       1.635094           90.0
          95        140       1.803054           90.0
          95        140       1.806109           90.0
          95        140       1.811493           90.0
          95        140       1.812600           75.0
          95        140       1.813922           90.0
          95        140       1.816051           75.0
          95        140       1.817047           90.0
          95        140       1.821187           90.0
          95        140       1.822430          270.0
          95        140       1.823695           90.0
          95        140       1.824784           75.0
          95        140       1.833715           90.0
          95        140       1.835963          120.0
          95        140       1.859054          270.0
          95        140       1.867961          270.0
          95        140       1.869012           90.0
          95        140       1.930413          105.0
          95        140       1.931519           90.0
          95        140       1.934859           90.0
          95        140       1.939914           90.0
          95        140       1.941584          105.0
          95        140       1.944465           90.0
          95        140       1.949508           90.0
          95        140       1.951184          105.0
          95        140       1.954118          150.0
          95        140       1.959145           90.0
          95        140       1.961715           90.0
          95        140       1.963061          165.0
          95        140       1.968829           90.0
          95        140       1.978516           90.0
          95        140       1.980225           75.0
          95        140       1.988140           90.0
          95        140       1.989239           75.0
          95        140       2.007656           90.0
          95        140       2.017008          330.0
          95        140       2.023370          195.0
          95        140       2.200157           90.0
          95        140       2.201475          105.0
          95        140       2.202508           90.0
          95        140       2.203559          105.0
          95        140       2.204633           90.0
          95        140       2.208579           90.0
          95        140       2.211668           90.0
          95        140       2.217039           90.0
          95        140       2.218110           75.0
          95        140       2.219293          270.0
          95        140       2.220504           90.0
          95        140       2.226597          270.0
          95        140       2.227508           90.0
          95        140       2.232119           30.0
          95        140       2.232119           60.0
          95        140       2.238926            0.0
          95        140       2.246097           90.0
          95        140       2.262578            0.0
          95        140       2.262578           90.0
          95        140       2.264126          270.0
          95        140       2.273676           90.0
          95        140       2.275311           75.0
          95        140       2.283633           90.0
          95        140       2.316243           90.0
          95        140       2.317311           60.0
          95        140       2.327098           90.0
          95        140       2.330210           45.0
          95        140       2.331250           90.0
          95        140       2.334437           90.0
          95        140       2.336223          105.0
          95        140       2.340215          210.0
          95        140       2.346165           90.0
          95        140       2.348219          105.0
          95        140       2.349405          345.0
          95        140       2.350598           60.0
          95        140       2.350598           75.0
          95        140       2.352907           75.0
          95        140       2.354077          345.0
          95        140       2.356485           90.0
          95        140       2.361012          105.0
          95        140       2.362090           90.0
          95        140       2.363378          345.0
          95        140       2.366898           90.0
          95        140       2.369519           90.0
          95        140       2.370698          255.0
          95        140       2.377734           90.0
          95        140       2.379981           75.0
          95        140       2.409191           90.0
          95        140       2.419004           90.0
          95        140       2.424101           90.0
          95        140       2.429015           90.0
          95        140       2.430893          105.0
          95        140       2.437070           90.0
          95        140       2.439293           90.0
          95        140       2.441394           90.0
          95        140       2.444200          120.0
          95        140       2.449454           90.0
          95        140       2.451558           90.0
          95        140       2.453331           75.0
          95        140       2.457358          315.0
          95        140       2.459583           90.0
          95        140       2.460694          105.0
          95        140       2.461695           90.0
          95        140       2.467269           90.0
          95        140       2.469711           90.0
          95        140       2.470985          255.0
          95        140       2.477413           75.0
          95        140       2.479851           90.0
          95        140       2.480977          105.0
          95        140       2.484694          120.0
          95        140       2.490055           90.0
          95        140       2.492223           90.0
          95        140       2.495965          270.0
          95        140       2.497168           90.0
          95        140       2.500265           90.0
          95        140       2.502461           90.0
          95        140       2.510784          105.0
          95        140       2.512112           75.0
          95        140       2.514913          105.0
          95        140       2.517522          345.0
          95        140       2.648079           90.0
          95        140       2.650785           90.0
          95        140       2.652178          105.0
          95        140       2.657571           90.0
          95        140       2.662985           90.0
          95        140       2.664438          105.0
          95        140       2.666731           90.0
          95        140       2.670668           90.0
          95        140       2.682922           90.0
          95        140       2.684538          105.0
          95        140       2.685833           90.0
          95        140       2.690493          120.0
          95        140       2.690493          135.0
          95        140       2.695188           90.0
          95        140       2.699600          165.0
          95        140       2.700961          105.0
          95        140       2.700961          120.0
          95        140       2.700961          150.0
          95        140       2.700961          180.0
          95        140       2.703747           90.0
          95        140       2.705297          105.0
          95        140       2.705297          120.0
          95        140       2.714699           90.0
          95        140       2.717090           90.0
          95        140       2.717090          165.0
          95        140       2.724622           90.0
          95        140       2.730379          330.0
          95        140       2.733281           90.0
          95        140       2.739351          270.0
          95        140       2.742172           90.0
          95        140       2.752758           90.0
          95        140       2.767914           90.0
          95        140       2.771872           15.0
          95        140       2.794332           90.0
          95        140       2.796164           15.0
          95        140       2.798301          270.0
          95        140       2.802301           90.0
          95        140       2.803551           75.0
          95        140       2.808641          255.0
          95        140       2.818786          180.0
          95        140       2.822297            0.0
          95        140       2.825282           90.0
          95        140       2.827754           90.0
          95        140       2.831489          120.0
          95        140       2.831489          135.0
          95        140       2.834027           90.0
          95        140       2.837385          240.0
          95        140       2.838522          105.0
          95        140       2.840957          345.0
          95        140       2.847473          270.0
          95        140       2.853501          270.0
          95        140       2.857680          180.0
          95        140       2.881321          120.0
          95        140       2.882700           60.0
         100        145       0.773688           90.0
         100        145       0.779742           90.0
         100        145       0.780840           75.0
         100        145       0.781879           90.0
         100        145       0.783706           75.0
         100        145       0.785803          105.0
         100        145       0.790328           90.0
         100        145       0.793008            0.0
         100        145       0.797039           90.0
         100        145       0.802706          135.0
         100        145       0.807786           90.0
         100        145       0.841911           90.0
         100        145       0.845493           75.0
         100        145       0.847551          195.0
         100        145       0.848586          270.0
         100        145       0.850726           90.0
         100        145       0.852164           75.0
         100        145       0.853941          270.0
         100        145       0.856750           90.0
         100        145       0.858014           75.0
         100        145       0.859492           90.0
         100        145       0.865872           90.0
         100        145       0.867157           75.0
         100        145       0.868376          180.0
         100        145       0.875102           90.0
         100        145       0.879726           90.0
         100        145       0.882768          105.0
         100        145       0.882768          345.0
         100        145       0.884479          285.0
         100        145       0.887863            0.0
         100        145       0.887863           90.0
         100        145       0.889757          105.0
         100        145       0.891903           90.0
         100        145       0.893586           75.0
         100        145       0.898012           90.0
         100        145       0.900124          135.0
         100        145       0.900124          315.0
         100        145       0.911621           90.0
         100        145       0.913016          270.0
         100        145       0.941317           90.0
         100        145       0.951360           75.0
         100        145       1.098262           90.0
         100        145       1.099364          105.0
         100        145       1.100410           90.0
         100        145       1.101776          105.0
         100        145       1.109836          270.0
         100        145       1.111019           90.0
         100        145       1.117202           75.0
         100        145       1.120468           45.0
         100        145       1.120468          225.0
         100        145       1.124727           90.0
         100        145       1.125819           75.0
         100        145       1.134004           90.0
         100        145       1.135108           75.0
         100        145       1.140803           75.0
         100        145       1.143090           90.0
         100        145       1.144251           75.0
         100        145       1.151950           60.0
         100        145       1.151950           75.0
         100        145       1.151950           90.0
         100        145       1.239773           90.0
         100        145       1.241227           75.0
         100        145       1.246539           90.0
         100        145       1.247877           75.0
         100        145       1.248969           90.0
         100        145       1.251570           90.0
         100        145       1.253793           90.0
         100        145       1.254992          270.0
         100        145       1.256144           90.0
         100        145       1.257188           75.0
         100        145       1.258722           90.0
         100        145       1.260758           90.0
         100        145       1.261819           75.0
         100        145       1.263309          285.0
         100        145       1.264338          240.0
         100        145       1.267664           90.0
         100        145       1.268797          270.0
         100        145       1.269933           90.0
         100        145       1.270999           75.0
         100        145       1.274512           90.0
         100        145       1.275668          270.0
         100        145       1.276819           75.0
         100        145       1.279797           90.0
         100        145       1.281409           75.0
         100        145       1.282523          270.0
         100        145       1.283652           90.0
         100        145       1.288242           90.0
         100        145       1.290387          270.0
         100        145       1.295207           90.0
         100        145       1.298626          105.0
         100        145       1.302913          105.0
         100        145       1.327133           60.0
         100        145       1.329883           30.0
         100        145       1.331675           45.0
         100        145       1.335001           75.0
         100        145       1.343871           90.0
         100        145       1.379172           90.0
         100        145       1.383230          270.0
         100        145       1.384364           90.0
         100        145       1.385395           75.0
         100        145       1.393354          105.0
         100        145       1.395867           90.0
         100        145       1.403411           75.0
         100        145       1.403411           90.0
         100        145       1.413168           90.0
         100        145       1.414903           75.0
         100        145       1.416668           90.0
         100        145       1.423652           90.0
         100        145       1.498137           90.0
         100        145       1.504434           45.0
         100        145       1.504434           60.0
         100        145       1.506077          285.0
         100        145       1.509829           90.0
         100        145       1.511549           75.0
         100        145       1.515457           90.0
         100        145       1.517973           90.0
         100        145       1.519577           75.0
         100        145       1.521113           90.0
         100        145       1.522836          120.0
         100        145       1.522836          135.0
         100        145       1.525769           90.0
         100        145       1.535484          270.0
         100        145       1.559633          120.0
         100        145       1.613657           90.0
         100        145       1.624315          105.0
         100        145       1.755144           90.0
         100        145       1.765094           90.0
         100        145       1.774652           90.0
         100        145       1.784450           90.0
         100        145       1.794715           90.0
         100        145       1.804578           90.0
         100        145       2.031667          105.0
         100        145       2.058769           90.0
         100        145       2.059876           15.0
         100        145       2.059876           75.0
         100        145       2.191790           90.0
         100        145       2.192981          270.0
         100        145       2.202172           90.0
         100        145       2.203520           75.0
         100        145       2.204562           90.0
         100        145       2.210973           90.0
         100        145       2.212020           75.0
         100        145       2.228891           90.0
         100        145       2.230215           75.0
         100        145       2.239617           90.0
         100        145       2.240653           75.0
         100        145       2.244131          120.0
         100        145       2.248281           90.0
         100        145       2.249313           75.0
         100        145       2.252597           90.0
         100        145       2.436483          105.0
         100        145       2.437929           90.0
         100        145       2.460856           90.0
         100        145       2.469981           90.0
         100        145       2.471034           75.0
         100        145       2.488094           90.0
         100        145       2.489409           75.0
         100        145       2.490914           90.0
         100        145       2.524848          270.0
         100        145       2.525992           90.0
         100        145       2.543113           90.0
         100        145       2.544159           75.0
         100        145       2.561765           90.0
         100        145       2.580235           90.0
         100        145       2.581303           75.0
         100        145       2.600828           90.0
         100        145       2.620457           90.0
         100        145       2.621815           75.0
         100        145       2.623458           90.0
         100        145       2.640805           90.0
         100        145       2.675250           90.0
         100        145       2.714105           90.0
         100        145       2.715821           75.0
         100        145       2.734094           90.0
         100        145       2.756695           90.0
         100        145       2.780988           90.0
         100        145       2.782665           75.0
         100        145       2.802578           90.0
         100        145       2.985118           90.0
         100        145       2.998036           90.0
         105        150       0.000461           90.0
         105        150       0.004512           90.0
         105        150       0.008102           60.0
         105        150       0.010692          330.0
         105        150       0.012235           75.0
         105        150       0.013207           90.0
         105        150       0.014527          270.0
         105        150       0.019899           75.0
         105        150       0.019899           90.0
         105        150       0.023211           90.0
         105        150       0.024750           75.0
         105        150       0.026722           45.0
         105        150       0.028139           75.0
         105        150       0.030751           90.0
         105        150       0.030751          105.0
         105        150       0.034408          240.0
         105        150       0.036996           90.0
         105        150       0.044473           90.0
         105        150       0.049230           90.0
         105        150       0.054929           90.0
         105        150       0.059527           90.0
         105        150       0.061106          270.0
         105        150       0.064719          135.0
         105        150       0.072383          270.0
         105        150       0.074399           75.0
         105        150       0.074399           90.0
         105        150       0.083301          270.0
         105        150       0.091516           90.0
         105        150       0.124414          300.0
         105        150       0.346914           90.0
         105        150       0.351922           90.0
         105        150       0.353086           45.0
         105        150       0.354233          285.0
         105        150       0.360700           90.0
         105        150       0.364493          105.0
         105        150       0.366618           90.0
         105        150       0.368377           75.0
         105        150       0.369657           90.0
         105        150       0.373016           90.0
         105        150       0.375894           90.0
         105        150       0.379012           90.0
         105        150       0.385149           90.0
         105        150       0.391304           90.0
         105        150       0.393127           75.0
         105        150       0.398071           90.0
         105        150       0.406168           90.0
         105        150       0.407938          105.0
         105        150       0.407938          120.0
         105        150       0.409226          270.0
         105        150       0.410348           90.0
         105        150       0.412894           90.0
         105        150       0.417473           90.0
         105        150       0.420406          270.0
         105        150       0.421711           75.0
         105        150       0.421711           90.0
         105        150       0.423992           90.0
         105        150       0.428795          240.0
         105        150       0.429850           45.0
         105        150       0.430989           90.0
         105        150       0.432528           75.0
         105        150       0.438375           90.0
         105        150       0.439624           75.0
         105        150       0.441430           90.0
         105        150       0.445536           90.0
         105        150       0.446608           75.0
         105        150       0.448178           60.0
         105        150       0.449695          180.0
         105        150       0.449695          270.0
         105        150       0.454877          105.0
         105        150       0.456090           90.0
         105        150       0.459582           90.0
         105        150       0.460821          270.0
         105        150       0.465807           75.0
         105        150       0.473542           45.0
         105        150       0.474558           90.0
         105        150       0.477152           90.0
         105        150       0.482795           60.0
         105        150       0.490280           75.0
         105        150       0.491547           90.0
         105        150       0.495272           15.0
         105        150       0.498751           15.0
         105        150       0.500426           75.0
         105        150       0.501625           90.0
         105        150       0.505247          180.0
         105        150       0.507090           90.0
         105        150       0.508323          105.0
         105        150       0.515317           45.0
         105        150       0.515317           60.0
         105        150       0.518016            0.0
         105        150       0.518016          345.0
         105        150       0.520918           90.0
         105        150       0.525520          240.0
         105        150       0.528280           75.0
         105        150       0.550890          270.0
         105        150       0.559325           90.0
         105        150       0.561352          135.0
         105        150       0.565418           90.0
         105        150       0.568273           90.0
         105        150       0.575612          315.0
         105        150       0.577839          285.0
         105        150       0.584770            0.0
         105        150       0.589937           90.0
         105        150       0.594827          195.0
         105        150       0.602808          270.0
         105        150       0.604024           90.0
         105        150       0.607020          345.0
         105        150       0.608137           90.0
         105        150       0.616743           90.0
         105        150       0.669227            0.0
         105        150       0.675875           90.0
         105        150       0.683036           90.0
         105        150       0.690036          135.0
         105        150       0.690036          150.0
         105        150       0.690036          165.0
         105        150       0.697058           90.0
         105        150       0.721069          345.0
         105        150       0.727477           90.0
         105        150       0.885213           15.0
         105        150       0.886268           30.0
         105        150       0.886268           60.0
         105        150       0.888872           90.0
         105        150       0.890206           75.0
         105        150       0.891375          285.0
         105        150       0.894489           90.0
         105        150       0.898059           90.0
         105        150       0.899374           75.0
         105        150       0.900578          285.0
         105        150       0.902285           90.0
         105        150       0.907325           90.0
         105        150       0.908678           75.0
         105        150       0.909996           90.0
         105        150       0.911036           75.0
         105        150       0.916485           90.0
         105        150       0.917840           75.0
         105        150       0.919040          285.0
         105        150       0.920266           45.0
         105        150       0.920266           60.0
         105        150       0.927004           75.0
         105        150       0.927004           90.0
         105        150       0.928369           60.0
         105        150       0.929390           90.0
         105        150       0.936124           75.0
         105        150       0.937458           90.0
         105        150       0.943941           90.0
         105        150       0.945288           75.0
         105        150       0.946304           90.0
         105        150       0.953500           75.0
         105        150       0.953500           90.0
         105        150       0.954559           60.0
         105        150       0.968731          315.0
         105        150       0.968731          330.0
         105        150       0.990633           90.0
         105        150       0.991713           75.0
         105        150       0.992778            0.0
         105        150       0.992778           90.0
         105        150       0.993897           60.0
         105        150       0.994941           90.0
         105        150       0.999438           90.0
         105        150       1.000524           75.0
         105        150       1.002633          105.0
         105        150       1.008437           90.0
         105        150       1.009514           75.0
         105        150       1.010754          270.0
         105        150       1.014206           45.0
         105        150       1.017539          270.0
         105        150       1.018629          345.0
         105        150       1.019695          270.0
         105        150       1.023188           60.0
         105        150       1.025172           90.0
         105        150       1.026307           75.0
         105        150       1.027324           90.0
         105        150       1.030438           15.0
         105        150       1.030438           30.0
         105        150       1.030438           45.0
         105        150       1.030438           60.0
         105        150       1.030438           75.0
         105        150       1.035063           90.0
         105        150       1.036106           75.0
         105        150       1.037481           90.0
         105        150       1.040209          210.0
         105        150       1.041288          345.0
         105        150       1.043821           90.0
         105        150       1.045063          285.0
         105        150       1.046241           15.0
         105        150       1.046241           75.0
         105        150       1.050109            0.0
         105        150       1.052429           90.0
         105        150       1.053665          285.0
         105        150       1.054867           90.0
         105        150       1.061000           90.0
         105        150       1.062401           15.0
         105        150       1.062401           75.0
         105        150       1.063411           90.0
         105        150       1.069453          285.0
         105        150       1.070649           75.0
         105        150       1.071764           60.0
         105        150       1.073067          300.0
         105        150       1.078219           90.0
         105        150       1.081454           90.0
         105        150       1.086829           90.0
         105        150       1.087913           75.0
         105        150       1.089015           90.0
         105        150       1.090348          255.0
         105        150       1.091977          270.0
         105        150       1.095372          270.0
         105        150       1.096499          285.0
         105        150       1.097656           90.0
         105        150       1.098784           15.0
         105        150       1.100934          105.0
         105        150       1.105144           90.0
         105        150       1.116438           90.0
         105        150       1.121215          105.0
         105        150       1.132477           90.0
         105        150       1.136870          135.0
         105        150       1.146065          105.0
         105        150       1.148855           90.0
         105        150       1.150229           75.0
         105        150       1.157902           90.0
         105        150       1.159247           75.0
         105        150       1.160793           60.0
         105        150       1.166801           90.0
         105        150       1.175917          285.0
         105        150       1.178436           60.0
         105        150       1.184856           90.0
         105        150       1.186524          105.0
         105        150       1.188608          105.0
         105        150       1.192049           15.0
         105        150       1.194156           90.0
         105        150       1.196053          105.0
         105        150       1.197516           75.0
         105        150       1.203164           90.0
         105        150       1.204680           75.0
         105        150       1.205997           90.0
         105        150       1.212258           90.0
         105        150       1.213704          135.0
         105        150       1.213704          150.0
         105        150       1.213704          165.0
         105        150       1.220090          270.0
         105        150       1.221293           90.0
         105        150       1.222995           75.0
         105        150       1.225456          105.0
         105        150       1.241088           75.0
         105        150       1.248528           45.0
         105        150       1.248528           60.0
         105        150       1.248528           75.0
         105        150       1.251918           90.0
         105        150       1.257583           90.0
         105        150       1.259290           75.0
         105        150       1.261287           60.0
         105        150       1.265406          180.0
         105        150       1.265406          270.0
         105        150       1.266742           90.0
         105        150       1.268391          300.0
         105        150       1.272604          135.0
         105        150       1.275937           90.0
         105        150       1.278203           90.0
         105        150       1.285149           90.0
         105        150       1.286858           75.0
         105        150       1.294480           90.0
         105        150       1.296225           60.0
         105        150       1.296225           75.0
         105        150       1.298288           75.0
         105        150       1.299961           90.0
         105        150       1.308918           90.0
         105        150       1.313036           90.0
         105        150       1.318251          105.0
         105        150       1.325784           75.0
         105        150       1.331102          270.0
         105        150       1.349348          150.0
         105        150       1.358315           15.0
         105        150       1.358315           75.0
         105        150       1.364633           60.0
         105        150       1.365797            0.0
         105        150       1.367191          180.0
         105        150       1.549730           90.0
         105        150       1.558922           90.0
         105        150       1.560200           30.0
         105        150       1.560200           45.0
         105        150       1.568227           90.0
         105        150       1.569477           60.0
         105        150       1.577648           90.0
         105        150       1.601508           90.0
         105        150       1.602663           75.0
         105        150       1.633633           90.0
         105        150       1.643570           90.0
         105        150       1.644664           75.0
         105        150       1.647633           90.0
         105        150       2.389152           90.0
         105        150       2.390485           75.0
         105        150       2.391735           90.0
         105        150       2.393627           75.0
         105        150       2.400063           60.0
         105        150       2.400063           75.0
         105        150       2.401922           90.0
         105        150       2.405418           90.0
         105        150       2.410030          105.0
         105        150       2.413918           90.0
         105        150       2.415436          105.0
         105        150       2.422086           90.0
         105        150       2.423477          270.0
         105        150       2.424840           90.0
         105        150       2.424840          180.0
         105        150       2.430390          270.0
         105        150       2.431551           90.0
         105        150       2.432606           75.0
         105        150       2.438109           90.0
         105        150       2.440813           90.0
         105        150       2.441879           75.0
         105        150       2.446340           90.0
         105        150       2.447432           75.0
         105        150       2.448497           90.0
         105        150       2.451225          315.0
         105        150       2.452254          150.0
         105        150       2.452254          300.0
         105        150       2.454633           90.0
         105        150       2.455725           75.0
         105        150       2.458885          120.0
         105        150       2.458885          330.0
         105        150       2.466730           90.0
         105        150       2.467797          120.0
         105        150       2.471907           90.0
         105        150       2.476029           60.0
         105        150       2.480789           90.0
         105        150       2.483823           15.0
         105        150       2.490208          270.0
         105        150       2.490208          285.0
         105        150       2.490208          300.0
         105        150       2.490208          315.0
         105        150       2.490208          330.0
         105        150       2.497956          285.0
         105        150       2.512850           75.0
         105        150       2.518640           90.0
         105        150       2.520627          285.0
         105        150       2.555969           90.0
         105        150       2.567965          255.0
         105        150       2.622422           90.0
         105        150       2.623510          105.0
         105        150       2.631676           90.0
         105        150       2.632971           75.0
         105        150       2.641122           90.0
         105        150       2.642297          270.0
         105        150       2.643354          255.0
         105        150       2.645442          270.0
         105        150       2.648133           60.0
         105        150       2.648133           75.0
         105        150       2.648133           90.0
         105        150       2.650734           90.0
         105        150       2.651821           75.0
         105        150       2.652828           90.0
         105        150       2.653883           75.0
         105        150       2.657367           90.0
         105        150       2.660355           90.0
         105        150       2.661426           75.0
         105        150       2.662461           90.0
         105        150       2.670071           90.0
         105        150       2.671178           75.0
         105        150       2.672266           90.0
         105        150       2.673364           75.0
         105        150       2.676805          150.0
         105        150       2.679692           90.0
         105        150       2.683333           90.0
         105        150       2.686066            0.0
         105        150       2.689440          255.0
         105        150       2.697092          345.0
         105        150       2.698950           90.0
         105        150       2.701915           90.0
         105        150       2.703352          270.0
         105        150       2.708797          270.0
         105        150       2.708797          285.0
         105        150       2.709924          300.0
         105        150       2.717195            0.0
         105        150       2.718461          255.0
         105        150       2.719519          270.0
         105        150       2.723789          180.0
         105        150       2.729383           90.0
         105        150       2.732362           75.0
         105        150       2.738770          255.0
         105        150       2.756144            0.0
         105        150       2.765918           90.0
         105        150       2.767311           75.0
         105        150       2.776090           90.0
         105        150       2.777420          105.0
         105        150       2.779051           90.0
         105        150       2.781051           75.0
         105        150       2.782055           90.0
         105        150       2.783184            0.0
         105        150       2.785477           90.0
         105        150       2.788398           90.0
         105        150       2.791762           90.0
         105        150       2.796488           90.0
         105        150       2.800141           90.0
         105        150       2.803918           75.0
         105        150       2.803918           90.0
         105        150       2.806137           90.0
         105        150       2.809894           90.0
         105        150       2.821886          225.0
         105        150       2.888122            0.0
         110        155       0.006254           90.0
         110        155       0.010899          270.0
         110        155       0.010899          285.0
         110        155       0.010899          300.0
         110        155       0.015985           90.0
         110        155       0.025590           90.0
         110        155       0.053960          105.0
         110        155       0.151320           90.0
         110        155       0.156563           45.0
         110        155       0.158793          315.0
         110        155       0.158793          330.0
         110        155       0.158793          345.0
         110        155       0.169957           90.0
         110        155       0.196993           60.0
         110        155       0.198059           75.0
         110        155       0.198059           90.0
         110        155       0.202526          285.0
         110        155       0.207526           75.0
         110        155       0.208787           60.0
         110        155       0.217711           90.0
         110        155       0.225038          285.0
         110        155       0.229245           75.0
         110        155       0.238651          105.0
         110        155       0.244729           15.0
         110        155       0.245996           90.0
         110        155       0.247313           75.0
         110        155       0.255594           75.0
         110        155       0.257226           90.0
         110        155       0.263500           90.0
         110        155       0.264915           75.0
         110        155       0.265990           60.0
         110        155       0.269780           75.0
         110        155       0.271278            0.0
         110        155       0.272571           90.0
         110        155       0.273961           75.0
         110        155       0.275019           90.0
         110        155       0.276672          180.0
         110        155       0.281592           75.0
         110        155       0.283972           90.0
         110        155       0.288768          120.0
         110        155       0.291508           90.0
         110        155       0.296254          345.0
         110        155       0.297702           45.0
         110        155       0.299066           90.0
         110        155       0.300442           75.0
         110        155       0.308567           90.0
         110        155       0.317723          300.0
         110        155       0.333676           60.0
         110        155       0.337981           75.0
         110        155       0.337981           90.0
         110        155       0.341205          240.0
         110        155       0.395726           90.0
         110        155       0.396959           75.0
         110        155       0.400035            0.0
         110        155       0.401346           75.0
         110        155       0.404871           90.0
         110        155       0.413399           90.0
         110        155       0.417811           45.0
         110        155       0.420387           75.0
         110        155       0.420387          195.0
         110        155       0.423094           90.0
         110        155       0.503629           90.0
         110        155       0.664251           90.0
         110        155       0.703480           90.0
         110        155       0.711715           90.0
         110        155       0.713032           75.0
         110        155       0.721268           75.0
         110        155       0.725617           90.0
         110        155       0.730776           75.0
         110        155       0.732059           90.0
         110        155       0.740348           90.0
         110        155       0.742372           30.0
         110        155       0.750571           75.0
         110        155       0.750571           90.0
         110        155       0.756065           75.0
         110        155       0.796584           75.0
         110        155       0.800346           75.0
         110        155       0.805699           90.0
         110        155       0.808239           75.0
         110        155       0.814852           75.0
         110        155       0.814852           90.0
         110        155       0.818001           45.0
         110        155       0.818001           60.0
         110        155       0.818001           75.0
         110        155       0.818001           90.0
         110        155       0.819516           30.0
         110        155       0.824153           90.0
         110        155       0.826215           75.0
         110        155       0.829391           90.0
         110        155       0.833621           90.0
         110        155       0.835683           90.0
         110        155       0.838821           90.0
         110        155       0.839924           75.0
         110        155       0.840969            0.0
         110        155       0.840969           90.0
         110        155       0.842661           75.0
         110        155       0.847933           90.0
         110        155       0.849973           60.0
         110        155       0.852116           75.0
         110        155       0.853850           60.0
         110        155       0.921535            0.0
         110        155       1.065785           90.0
         110        155       1.075821           90.0
         110        155       1.085922           75.0
         110        155       1.085922           90.0
         110        155       1.096747            0.0
         110        155       1.102207            0.0
         110        155       1.113465           90.0
         110        155       1.235762           90.0
         110        155       1.283979           75.0
         110        155       1.285264           60.0
         110        155       1.305605           90.0
         110        155       1.312083           90.0
         110        155       1.313507           75.0
         110        155       1.321784           75.0
         110        155       1.330729           75.0
         110        155       1.332135           15.0
         110        155       1.417959           75.0
         110        155       1.418977           15.0
         110        155       1.427657           75.0
         110        155       1.427657           90.0
         110        155       1.437262           90.0
         110        155       1.727817           90.0
         110        155       1.744454           90.0
         110        155       1.747777           90.0
         110        155       1.751208           90.0
         110        155       1.752772           75.0
         110        155       1.754472           90.0
         110        155       1.759782           90.0
         110        155       1.761126           75.0
         110        155       1.762156           90.0
         110        155       1.763350           45.0
         110        155       1.766313           90.0
         110        155       1.767479           75.0
         110        155       1.773549          195.0
         110        155       1.779227           90.0
         110        155       1.839442           90.0
         110        155       1.875324           90.0
         110        155       1.891106           30.0
         110        155       1.891106           60.0
         110        155       1.891106           75.0
         110        155       1.891106           90.0
         110        155       1.907785           90.0
         110        155       1.915729           75.0
         110        155       1.920596           75.0
         110        155       1.920596          195.0
         110        155       1.921976           90.0
         110        155       1.923133           75.0
         110        155       1.928711           45.0
         110        155       1.936331          255.0
         110        155       1.939165           90.0
         110        155       1.942894           90.0
         110        155       1.944378          105.0
         110        155       1.945866          135.0
         110        155       1.945866          315.0
         110        155       1.947336           90.0
         110        155       1.965601           90.0
         110        155       1.969051           90.0
         110        155       1.972241           45.0
         110        155       1.975719           90.0
         110        155       1.979596           75.0
         110        155       1.984863           90.0
         110        155       1.989778           90.0
         110        155       1.991413           75.0
         110        155       2.565941           90.0
         110        155       2.565941          180.0
         110        155       2.567112           75.0
         110        155       2.579894           90.0
         110        155       2.583481           75.0
         110        155       2.599012           90.0
         110        155       2.600832           75.0
         110        155       2.601977           90.0
         110        155       2.603862           75.0
         110        155       2.609972           90.0
         110        155       2.618695           90.0
         110        155       2.623668           90.0
         110        155       2.624928          105.0
         110        155       2.628516           90.0
         110        155       2.630045           75.0
         110        155       2.726551           90.0
         110        155       2.728004           75.0
         110        155       2.736355           90.0
         110        155       2.737819           75.0
         110        155       2.741315           75.0
         110        155       2.746079           90.0
         110        155       2.749383           90.0
         110        155       2.750897          330.0
         110        155       2.755680           90.0
         110        155       2.761696          105.0
         110        155       2.761696          120.0
         110        155       2.765303           75.0
         110        155       2.767187           90.0
         110        155       2.770922          180.0
         110        155       2.774899          270.0
         110        155       2.776668           60.0
         110        155       2.776668           75.0
         110        155       2.778991           75.0
         110        155       2.784391          270.0
         110        155       2.786143           60.0
         110        155       2.788467           60.0
         110        155       2.793875           90.0
         110        155       2.795452           75.0
         110        155       2.797848           75.0
         110        155       2.798936           60.0
         110        155       2.801086           75.0
         110        155       2.801086           90.0
         110        155       2.803047          270.0
         110        155       2.805796          135.0
         110        155       2.807226           90.0
         110        155       2.808265            0.0
         110        155       2.811512           90.0
         110        155       2.812606           75.0
         110        155       2.815260           30.0
         110        155       2.819522          255.0
         110        155       2.823144           90.0
         110        155       2.829040          300.0
         110        155       2.829040          315.0
         110        155       2.832632           75.0
         110        155       2.838454          270.0
         110        155       2.839549           30.0
         110        155       2.841012           90.0
         110        155       2.842073           75.0
         110        155       2.843145           60.0
         110        155       2.843145           90.0
         110        155       2.844817           75.0
         110        155       2.846776          195.0
         110        155       2.847883          270.0
         110        155       2.849016           30.0
         110        155       2.851702           15.0
         110        155       2.851702           75.0
         110        155       2.858608           75.0
         110        155       2.859608           15.0
         110        155       2.876043          120.0
         110        155       2.903299           60.0
         110        155       2.940207           90.0
         110        155       2.944887           75.0
         110        155       2.944887           90.0
         110        155       2.947971           75.0
         110        155       2.954793           75.0
         110        155       2.956395           90.0
         110        155       2.964047           90.0
         110        155       2.966152           90.0
         110        155       2.973958           90.0
         110        155       2.984269           90.0
         110        155       2.989100           75.0
         110        155       2.996539           75.0
         110        155       2.996539           90.0
         110        155       2.998499          105.0
         110        155       2.999929           90.0
         115        160       0.437905           75.0
         115        160       0.446739           15.0
         115        160       0.455249           75.0
         115        160       0.456942           90.0
         115        160       0.460861           30.0
         115        160       0.463758           90.0
         115        160       0.464813           75.0
         115        160       0.469332            0.0
         115        160       0.469332           90.0
         115        160       0.472308          270.0
         115        160       0.474114           30.0
         115        160       0.474114           45.0
         115        160       0.474114           60.0
         115        160       0.474114           75.0
         115        160       0.475344           90.0
         115        160       0.477850          135.0
         115        160       0.480311          300.0
         115        160       0.483586           90.0
         115        160       0.516543           75.0
         115        160       0.526133           90.0
         115        160       0.527483          285.0
         115        160       0.530739          345.0
         115        160       0.533631           15.0
         115        160       0.543415           75.0
         115        160       0.543415           90.0
         115        160       0.545590          120.0
         115        160       0.545590          135.0
         115        160       0.545590          150.0
         115        160       0.549094           90.0
         115        160       0.551469           75.0
         115        160       0.557507           75.0
         115        160       0.558860          270.0
         115        160       0.563668          270.0
         115        160       0.565125          285.0
         115        160       0.567104          135.0
         115        160       0.568972           90.0
         115        160       0.570317          270.0
         115        160       0.600929           90.0
         115        160       0.605629           90.0
         115        160       0.606698           75.0
         115        160       0.607942          300.0
         115        160       0.611526           75.0
         115        160       0.620836           90.0
         115        160       0.623461           75.0
         115        160       0.623461           90.0
         115        160       0.624653           15.0
         115        160       0.808219            0.0
         115        160       0.808219           90.0
         115        160       0.818774           90.0
         115        160       0.826622           75.0
         115        160       0.830111           60.0
         115        160       0.834428           75.0
         115        160       0.837856           60.0
         115        160       0.837856           75.0
         115        160       0.838973           45.0
         115        160       0.838973           90.0
         115        160       0.840064           30.0
         115        160       0.841238           90.0
         115        160       0.842254           15.0
         115        160       0.842254           75.0
         115        160       0.847836           30.0
         115        160       0.848934           90.0
         115        160       0.850067           15.0
         115        160       0.850067           75.0
         115        160       0.851172           60.0
         115        160       0.852734           90.0
         115        160       0.855604           45.0
         115        160       0.856750            0.0
         115        160       0.857903           90.0
         115        160       0.859383           60.0
         115        160       0.860538           75.0
         115        160       0.861652           90.0
         115        160       0.862840            0.0
         115        160       0.864511          315.0
         115        160       0.865758           90.0
         115        160       0.866911           75.0
         115        160       0.896928           75.0
         115        160       0.900382           75.0
         115        160       0.901434           30.0
         115        160       0.901434           60.0
         115        160       0.901434           90.0
         115        160       0.908129           90.0
         115        160       0.909176           75.0
         115        160       0.910251           60.0
         115        160       0.911335           75.0
         115        160       0.913725           75.0
         115        160       0.915876           75.0
         115        160       0.916908           60.0
         115        160       0.917944           75.0
         115        160       0.919051           60.0
         115        160       0.920508           30.0
         115        160       0.920508           75.0
         115        160       0.921516           90.0
         115        160       0.925735           60.0
         115        160       0.925735           75.0
         115        160       0.926821           30.0
         115        160       0.926821           45.0
         115        160       0.928254           60.0
         115        160       0.932481           30.0
         115        160       0.932481           60.0
         115        160       0.933524           75.0
         115        160       0.934596           60.0
         115        160       0.936007           75.0
         115        160       0.939290           15.0
         115        160       0.939290           75.0
         115        160       0.940307           60.0
         115        160       0.941344           75.0
         115        160       0.942422           45.0
         115        160       0.942422           60.0
         115        160       0.945601            0.0
         115        160       0.949141           15.0
         115        160       0.949141           75.0
         115        160       0.950201           60.0
         115        160       0.952368           30.0
         115        160       0.953397           15.0
         115        160       0.955885           15.0
         115        160       0.955885           75.0
         115        160       0.956950           60.0
         115        160       0.958010           75.0
         115        160       0.959799           60.0
         115        160       0.961166           30.0
         115        160       0.962590           75.0
         115        160       0.963608           15.0
         115        160       0.964662           60.0
         115        160       0.965926          270.0
         115        160       0.967479           75.0
         115        160       0.968891            0.0
         115        160       0.968891           15.0
         115        160       0.968891           30.0
         115        160       0.968891           60.0
         115        160       0.971284           15.0
         115        160       0.971284           75.0
         115        160       0.973807           30.0
         115        160       0.973807           60.0
         115        160       0.975155           75.0
         115        160       0.980415           90.0
         115        160       0.986483           75.0
         115        160       0.987992           90.0
         115        160       0.995551           90.0
         115        160       1.000540           75.0
         115        160       1.001590           90.0
         115        160       1.003164          330.0
         115        160       1.009774          270.0
         115        160       1.010944          255.0
         115        160       1.012358           45.0
         115        160       1.015110           30.0
         115        160       1.016703          120.0
         115        160       1.016703          330.0
         115        160       1.023414           90.0
         115        160       1.025746          180.0
         115        160       1.027762           90.0
         115        160       1.035179           90.0
         115        160       1.091551          120.0
         115        160       1.157376           75.0
         115        160       1.177690           75.0
         115        160       1.178692           90.0
         115        160       1.187147           75.0
         115        160       1.188376           90.0
         115        160       1.197198           75.0
         115        160       1.208954           90.0
         115        160       1.282878           75.0
         115        160       1.293786           90.0
         115        160       1.370042           75.0
         115        160       2.067418           75.0
         115        160       2.067418           90.0
         115        160       2.077008           90.0
         115        160       2.085625           90.0
         115        160       2.094301           90.0
         115        160       2.101934           75.0
         115        160       2.103144           90.0
         115        160       2.105527           90.0
         115        160       2.112929           90.0
         115        160       2.114375          105.0
         115        160       2.115865          120.0
         115        160       2.119762           90.0
         115        160       2.120921           75.0
         115        160       2.123266           75.0
         115        160       2.124676           90.0
         115        160       2.129793           90.0
         115        160       2.137706           75.0
         115        160       2.140058           90.0
         115        160       2.142405          105.0
         115        160       2.144489           90.0
         115        160       2.149743           30.0
         115        160       2.149743           45.0
         115        160       2.149743           60.0
         115        160       2.149743           75.0
         115        160       2.149743           90.0
         115        160       2.152053           75.0
         115        160       2.153395           30.0
         115        160       2.153395           45.0
         115        160       2.153395           60.0
         115        160       2.162268           75.0
         115        160       2.167985           90.0
         115        160       2.169834           75.0
         115        160       2.171148           90.0
         115        160       2.176874           75.0
         115        160       2.180069           75.0
         115        160       2.370778           75.0
         115        160       2.380518           75.0
         115        160       2.390457           90.0
         115        160       2.935459           75.0
         115        160       2.944086           90.0
         115        160       2.961647           75.0
         115        160       2.964485           90.0
         115        160       2.970559           15.0
         115        160       2.970559           75.0
         115        160       2.970559           90.0
         115        160       2.979389           75.0
         115        160       2.988855           90.0
         115        160       2.991239           90.0
         115        160       2.993586           30.0
         115        160       2.994844           90.0
         115        160       2.999183           90.0
         120        165       0.373668           30.0
         120        165       0.373668           60.0
         120        165       0.373668           75.0
         120        165       0.457801            0.0
         120        165       0.457801           90.0
         120        165       0.518714           75.0
         120        165       0.520180           15.0
         120        165       0.521309           75.0
         120        165       0.529151           75.0
         120        165       0.534361           30.0
         120        165       0.534361           60.0
         120        165       0.535790           75.0
         120        165       0.536822           60.0
         120        165       0.537860           45.0
         120        165       0.537860           75.0
         120        165       0.540192           75.0
         120        165       0.542196           45.0
         120        165       0.542196           60.0
         120        165       0.542196           90.0
         120        165       0.543203           75.0
         120        165       0.544279           60.0
         120        165       0.545329           30.0
         120        165       0.545329           45.0
         120        165       0.549727           75.0
         120        165       0.550744           30.0
         120        165       0.550744           60.0
         120        165       0.551760           75.0
         120        165       0.553010          150.0
         120        165       0.555081           75.0
         120        165       0.557325           90.0
         120        165       0.558350           15.0
         120        165       0.558350           75.0
         120        165       0.559369           60.0
         120        165       0.564667           75.0
         120        165       0.566055           60.0
         120        165       0.566055           90.0
         120        165       0.572792           15.0
         120        165       0.572792           75.0
         120        165       0.581530           15.0
         120        165       0.581530           75.0
         120        165       0.588016           60.0
         120        165       0.588016           75.0
         120        165       0.589336           45.0
         120        165       0.589336           90.0
         120        165       0.590739           60.0
         120        165       0.596157           90.0
         120        165       0.597165           15.0
         120        165       0.598190           75.0
         120        165       0.604040           90.0
         120        165       0.607000            0.0
         120        165       0.607000           90.0
         120        165       0.612112           75.0
         120        165       0.614926           90.0
         120        165       0.795333           75.0
         120        165       0.796420           60.0
         120        165       0.797483           75.0
         120        165       0.798602           45.0
         120        165       0.798602           60.0
         120        165       0.805991           75.0
         120        165       0.813913           75.0
         120        165       0.816104           60.0
         120        165       0.819911           90.0
         120        165       0.824372           90.0
         120        165       0.831605            0.0
         120        165       0.831605           90.0
         120        165       0.832799           15.0
         120        165       0.835426          270.0
         120        165       0.841089           75.0
         120        165       1.247616          195.0
         120        165       1.257334           60.0
         120        165       1.403504           60.0
         120        165       1.403504           75.0
         120        165       1.404942           15.0
         120        165       1.692438           75.0
         120        165       1.824027           90.0
         120        165       1.825637           75.0
         120        165       1.833731           75.0
         120        165       2.115348          270.0
         120        165       2.115348          285.0
         120        165       2.118114          120.0
         120        165       2.118114          135.0
         120        165       2.118114          150.0
         120        165       2.119954           75.0
         120        165       2.171086           75.0
         120        165       2.171086           90.0
         120        165       2.178774          150.0
         120        165       2.207715           60.0
         120        165       2.207715           75.0
         120        165       2.209318           30.0
         120        165       2.219188           90.0
         120        165       2.229321           30.0
         120        165       2.229321           45.0
         120        165       2.229321           60.0
         120        165       2.229321           75.0
         120        165       2.232080           60.0
         120        165       2.237629           75.0
         120        165       2.238860           90.0
         120        165       2.240227           75.0
         120        165       2.242371           90.0
         120        165       2.244135           60.0
         120        165       2.248399           75.0
         120        165       2.249586           90.0
         120        165       2.251334           75.0
         120        165       2.254741           15.0
         120        165       2.263047          270.0
         120        165       2.266075           45.0
         120        165       2.267628          105.0
         120        165       2.267628          345.0
         120        165       2.271157           90.0
         120        165       2.280657           90.0
         120        165       2.289964           75.0
         120        165       2.294139           60.0
         120        165       2.302110           30.0
         120        165       2.302110           45.0
         120        165       2.302110           60.0
         120        165       2.308594           90.0
         120        165       2.325922           15.0
         120        165       2.328696           90.0
         120        165       2.331381          330.0
         120        165       2.353790           75.0
         120        165       2.375127           60.0
         120        165       2.382352           90.0
         120        165       2.390407          210.0
         120        165       2.390407          225.0
         120        165       2.390407          240.0
         120        165       2.408600           75.0
         120        165       2.579247           75.0
         120        165       2.591284           75.0
         120        165       2.795957           60.0
         120        165       2.797032           75.0
         120        165       2.798045           30.0
         120        165       2.798045           60.0
         120        165       2.805772          300.0
         120        165       2.806780          255.0
         120        165       2.816047          300.0
         120        165       2.817248           60.0
         120        165       2.826883           15.0
         120        165       2.826883           75.0
         120        165       2.826883           90.0
         120        165       2.838272           75.0
         120        165       2.841940           75.0
         120        165       2.849200           75.0
         120        165       2.852039           90.0
         120        165       2.853092           75.0
         120        165       2.860257           75.0
         120        165       2.863079           90.0
         120        165       2.864618           15.0
         120        165       2.864618           75.0
         120        165       2.871247           15.0
         120        165       2.871247           75.0
         120        165       2.872314           60.0
         120        165       2.874067           90.0
         120        165       2.875633           15.0
         120        165       2.875633           75.0
         120        165       2.882329           75.0
         120        165       2.884127           60.0
         120        165       2.885573          315.0
         120        165       2.893852           60.0
         120        165       2.893852           75.0
         120        165       2.895731           90.0
         120        165       2.907882           75.0
         120        165       2.908971           60.0
         120        165       2.916774           15.0
         120        165       2.916774           75.0
         120        165       2.917821           90.0
         120        165       2.925143          285.0
         120        165       2.925143          300.0
         120        165       2.928145           75.0
         120        165       2.929174           15.0
         120        165       2.930445           90.0
         120        165       2.962739           15.0
         120        165       2.962739           75.0
         120        165       2.996758          285.0
         125        170       0.008132           75.0
         125        170       0.071784           75.0
         125        170       0.072960          195.0
         125        170       1.951782            0.0
         125        170       1.956370           15.0
         125        170       1.976921           75.0
         125        170       1.983533           60.0
         125        170       2.005742           90.0
         125        170       2.012494           30.0
         125        170       2.016791          210.0
         125        170       2.019122           75.0
         125        170       2.020891          300.0
         125        170       2.023092           75.0
         125        170       2.027538           45.0
         125        170       2.029594           75.0
         125        170       2.029594           90.0
         125        170       2.031149            0.0
         125        170       2.034043           60.0
         125        170       2.038653           60.0
         125        170       2.042584           60.0
         125        170       2.047071           30.0
         125        170       2.049047           90.0
         125        170       2.050734            0.0
         125        170       2.053559           15.0
         125        170       2.055611           60.0
         125        170       2.056672           75.0
         125        170       2.056672           90.0
         125        170       2.063170           15.0
         125        170       2.063170           75.0
         125        170       2.068563           15.0
         125        170       2.068563           75.0
         125        170       2.069665           30.0
         125        170       2.069665           45.0
         125        170       2.069665           60.0
         125        170       2.069665           90.0
         125        170       2.072969           75.0
         125        170       2.075070           90.0
         125        170       2.076174           75.0
         125        170       2.077584           60.0
         125        170       2.082657           45.0
         125        170       2.082657           60.0
         125        170       2.082657           75.0
         125        170       2.082657           90.0
         125        170       2.085961           75.0
         125        170       2.089149           30.0
         125        170       2.089149           60.0
         125        170       2.090561           75.0
         125        170       2.092442           90.0
         125        170       2.095675           45.0
         125        170       2.097063           75.0
         125        170       2.098751          270.0
         125        170       2.102176           30.0
         125        170       2.102176           60.0
         125        170       2.102176           75.0
         125        170       2.103595           45.0
         125        170       2.107569           75.0
         125        170       2.108650           30.0
         125        170       2.108650           60.0
         125        170       2.110049           15.0
         125        170       2.110049           75.0
         125        170       2.111273          270.0
         125        170       2.112674          300.0
         125        170       2.114024           75.0
         125        170       2.115111           30.0
         125        170       2.115111           60.0
         125        170       2.120467           75.0
         125        170       2.121543           90.0
         125        170       2.122947           60.0
         125        170       2.124288           45.0
         125        170       2.127235           30.0
         125        170       2.127235           45.0
         125        170       2.127235           60.0
         125        170       2.128489          285.0
         125        170       2.128489          300.0
         125        170       2.128489          345.0
         125        170       2.133645           15.0
         125        170       2.133645           75.0
         125        170       2.134984            0.0
         125        170       2.139657           60.0
         125        170       2.139657           75.0
         125        170       2.141493           45.0
         125        170       2.142828           90.0
         125        170       2.146473           15.0
         125        170       2.147840           90.0
         125        170       2.149260           75.0
         125        170       2.154262           90.0
         125        170       2.155813          285.0
         125        170       2.160726           90.0
         125        170       2.162293          270.0
         125        170       2.163637          285.0
         125        170       2.163637          300.0
         125        170       2.165451           60.0
         125        170       2.171891           90.0
         125        170       2.176433            0.0
         125        170       2.178376           90.0
         125        170       2.179497           15.0
         125        170       2.179497           75.0
         125        170       2.180872           90.0
         125        170       2.181934           45.0
         125        170       2.181934           60.0
         125        170       2.181934           75.0
         125        170       2.182977           90.0
         125        170       2.185008           60.0
         125        170       2.186049           15.0
         125        170       2.186049           75.0
         125        170       2.187438           60.0
         125        170       2.192575           90.0
         125        170       2.193963           15.0
         125        170       2.193963           75.0
         125        170       2.195118          270.0
         125        170       2.199111           60.0
         125        170       2.200499           75.0
         125        170       2.201665          285.0
         125        170       2.205632           75.0
         125        170       2.206977           90.0
         125        170       2.208163          285.0
         125        170       2.209370           75.0
         125        170       2.211084           60.0
         125        170       2.212139           45.0
         125        170       2.213475           60.0
         125        170       2.213475           75.0
         125        170       2.214821           45.0
         125        170       2.215828           30.0
         125        170       2.217520           90.0
         125        170       2.218583           15.0
         125        170       2.218583           75.0
         125        170       2.219963           60.0
         125        170       2.221257           45.0
         125        170       2.222344            0.0
         125        170       2.222344           90.0
         125        170       2.224018           75.0
         125        170       2.225084           15.0
         125        170       2.228844            0.0
         125        170       2.230489           90.0
         125        170       2.231559            0.0
         125        170       2.232922           90.0
         125        170       2.234239           30.0
         125        170       2.234239          345.0
         125        170       2.235331          135.0
         125        170       2.237010           75.0
         125        170       2.238067            0.0
         125        170       2.238067           90.0
         125        170       2.239448           75.0
         125        170       2.240629          270.0
         125        170       2.241839           45.0
         125        170       2.244602           90.0
         125        170       2.245985           60.0
         125        170       2.247157          285.0
         125        170       2.248332           60.0
         125        170       2.249675           45.0
         125        170       2.251178           60.0
         125        170       2.252485           90.0
         125        170       2.253565           75.0
         125        170       2.255012          285.0
         125        170       2.256116          315.0
         125        170       2.257725           75.0
         125        170       2.258930          285.0
         125        170       2.260112           75.0
         125        170       2.261286          270.0
         125        170       2.261286          285.0
         125        170       2.262620           75.0
         125        170       2.263700           30.0
         125        170       2.263700           45.0
         125        170       2.263700           60.0
         125        170       2.267870          285.0
         125        170       2.270333           90.0
         125        170       2.274501          300.0
         125        170       2.274501          315.0
         125        170       2.274501          330.0
         125        170       2.276188           60.0
         125        170       2.280859          270.0
         125        170       2.282805           75.0
         125        170       2.285639           75.0
         125        170       2.286963           30.0
         125        170       2.289418          120.0
         125        170       2.301629          150.0
         125        170       2.302725           15.0
         125        170       2.302725           75.0
         125        170       2.307247           75.0
         125        170       2.308514           15.0
         125        170       2.309512          180.0
         125        170       2.309512          195.0
         125        170       2.309512          210.0
         125        170       2.310581          225.0
         125        170       2.312467          150.0
         125        170       2.312467          300.0
         125        170       2.314000           60.0
         125        170       2.317999           15.0
         125        170       2.320858          285.0
         125        170       2.322034           45.0
         125        170       2.324790           75.0
         125        170       2.324790           90.0
         125        170       2.328094          135.0
         125        170       2.329247           60.0
         125        170       2.329247           75.0
         125        170       2.330493           15.0
         125        170       2.331579           75.0
         125        170       2.333221          285.0
         125        170       2.334352           15.0
         125        170       2.337779           60.0
         125        170       2.338852           15.0
         125        170       2.338852           75.0
         125        170       2.339979           60.0
         125        170       2.344651           15.0
         125        170       2.344651           75.0
         125        170       2.345804           45.0
         125        170       2.350524           75.0
         125        170       2.351557           15.0
         125        170       2.352666           60.0
         125        170       2.356535           30.0
         125        170       2.359602           75.0
         125        170       2.360689           30.0
         125        170       2.360689           60.0
         125        170       2.361922           45.0
         125        170       2.365534          285.0
         125        170       2.367602           90.0
         125        170       2.374465          285.0
         125        170       2.379040           60.0
         125        170       2.380135           75.0
         125        170       2.381245           45.0
         125        170       2.383219           60.0
         125        170       2.385440           60.0
         125        170       2.386499           75.0
         125        170       2.387615           60.0
         125        170       2.388645           90.0
         125        170       2.392477          210.0
         125        170       2.393542           75.0
         125        170       2.394631           60.0
         125        170       2.397887          180.0
         125        170       2.399530           75.0
         125        170       2.400598           60.0
         125        170       2.401700           75.0
         125        170       2.403524           90.0
         125        170       2.404811          105.0
         125        170       2.407637            0.0
         125        170       2.407637           90.0
         125        170       2.408782           45.0
         125        170       2.408782           60.0
         125        170       2.409844            0.0
         125        170       2.409844           90.0
         125        170       2.415899          225.0
         125        170       2.415899          240.0
         125        170       2.415899          255.0
         125        170       2.422979           15.0
         125        170       2.424094           45.0
         125        170       2.424094           60.0
         125        170       2.424094           75.0
         125        170       2.424094           90.0
         125        170       2.426000          300.0
         125        170       2.428684           60.0
         125        170       2.435584           60.0
         125        170       2.442942           75.0
         125        170       2.444110           30.0
         125        170       2.446867          180.0
         125        170       2.448071          165.0
         125        170       2.450799           75.0
         125        170       2.456124           15.0
         125        170       2.457729           75.0
         125        170       2.458768           60.0
         125        170       2.459893           75.0
         125        170       2.465512           75.0
         125        170       2.465512           90.0
         125        170       2.468503           75.0
         125        170       2.471985          270.0
         125        170       2.473168           90.0
         125        170       2.477204           30.0
         125        170       2.477204           45.0
         125        170       2.477204           60.0
         125        170       2.481249           75.0
         125        170       2.482254            0.0
         125        170       2.488653           15.0
         125        170       2.488653           75.0
         125        170       2.491210           75.0
         125        170       2.492479          225.0
         125        170       2.496848          285.0
         125        170       2.504607           60.0
         125        170       2.506930          180.0
         125        170       2.508106           60.0
         125        170       2.515340          270.0
         125        170       2.515340          285.0
         125        170       2.515340          300.0
         125        170       2.515340          315.0
         125        170       2.517129           90.0
         125        170       2.518287           30.0
         125        170       2.518287           60.0
         125        170       2.519309          135.0
         125        170       2.519309          150.0
         125        170       2.520981           75.0
         125        170       2.522305          150.0
         125        170       2.523317          165.0
         125        170       2.523317          180.0
         125        170       2.524526           60.0
         125        170       2.526007           45.0
         125        170       2.528782           15.0
         125        170       2.528782           30.0
         125        170       2.528782           75.0
         125        170       2.537127          150.0
         125        170       2.542376            0.0
         125        170       2.542376          270.0
         125        170       2.546133          105.0
         125        170       2.558920           60.0
         125        170       2.564901          135.0
         125        170       2.574387          120.0
         125        170       2.591645          270.0
         125        170       2.595504           30.0
         125        170       2.595504           60.0
         125        170       2.779678          345.0
         125        170       2.787116          195.0
         125        170       2.793596           60.0
         125        170       2.794526          315.0
         125        170       2.800864           75.0
         125        170       2.801876           15.0
         125        170       2.804403          120.0
         125        170       2.804403          135.0
         125        170       2.808930           15.0
         125        170       2.808930           75.0
         125        170       2.816141          120.0
         125        170       2.817942           60.0
         125        170       2.829219          120.0
         125        170       2.829219          135.0
         125        170       2.832813           90.0
         125        170       2.836083           30.0
         125        170       2.836083           60.0
         125        170       2.836083           75.0
         125        170       2.836083           90.0
         125        170       2.837135          105.0
         125        170       2.839801            0.0
         125        170       2.843096           60.0
         125        170       2.844090           75.0
         125        170       2.849803           75.0
         125        170       2.851057           30.0
         125        170       2.851057           60.0
         125        170       2.867889           60.0
         125        170       2.880325           90.0
         125        170       2.885414           90.0
         125        170       2.887284           75.0
         125        170       2.891965          195.0
         125        170       2.891965          210.0
         125        170       2.894391           90.0
         125        170       2.897187            0.0
         130        175       0.000152          180.0
         130        175       0.003472           90.0
         130        175       0.004586            0.0
         130        175       0.006385          105.0
         130        175       0.007450           15.0
         130        175       0.007450           90.0
         130        175       0.008774          105.0
         130        175       0.010051            0.0
         130        175       0.012032           30.0
         130        175       0.012032           45.0
         130        175       0.012032           60.0
         130        175       0.012032           75.0
         130        175       0.023502           75.0
         130        175       0.027699            0.0
         130        175       0.032562            0.0
         130        175       0.033726           90.0
         130        175       0.035059           60.0
         130        175       0.037219          180.0
         130        175       0.045141           75.0
         130        175       0.046644            0.0
         130        175       0.057846          195.0
         130        175       0.139251           75.0
         130        175       0.140899           60.0
         130        175       0.140899           90.0
         130        175       0.142774           75.0
         130        175       0.157503          345.0
         130        175       0.180708           15.0
         130        175       0.180708           75.0
         130        175       0.182208          300.0
         130        175       0.187989           30.0
         130        175       0.187989           45.0
         130        175       0.187989           60.0
         130        175       0.187989           75.0
         130        175       0.195515           90.0
         130        175       0.196598           75.0
         130        175       0.203503           75.0
         130        175       0.207868           90.0
         130        175       0.209274            0.0
         130        175       0.214883           75.0
         130        175       0.214883           90.0
         130        175       0.217325          180.0
         130        175       0.221086          105.0
         130        175       0.285108           45.0
         130        175       0.288334           30.0
         130        175       0.288334           60.0
         130        175       0.289813          285.0
         130        175       0.291282           75.0
         130        175       0.293426           75.0
         130        175       0.294990           60.0
         130        175       0.296692           30.0
         130        175       0.296692           75.0
         130        175       0.297700           15.0
         130        175       0.303020           15.0
         130        175       0.303020           75.0
         130        175       0.304150          135.0
         130        175       0.305305          270.0
         130        175       0.305305          285.0
         130        175       0.307852           75.0
         130        175       0.309865           60.0
         130        175       0.312150           60.0
         130        175       0.315465           15.0
         130        175       0.315465           75.0
         130        175       0.326840          150.0
         130        175       0.331042           75.0
         130        175       0.332098           90.0
         130        175       0.334187          180.0
         130        175       0.338746            0.0
         130        175       0.344106           45.0
         130        175       0.348577           75.0
         130        175       0.354648            0.0
         130        175       0.358395           75.0
         130        175       0.360102          105.0
         130        175       0.367215           90.0
         130        175       0.375227           30.0
         130        175       0.375227           60.0
         130        175       0.375227           75.0
         130        175       0.375227           90.0
         130        175       0.378914           60.0
         130        175       0.381702          345.0
         130        175       0.386049           15.0
         130        175       0.387397           45.0
         130        175       0.388683           90.0
         130        175       0.395780          195.0
         130        175       0.415192          180.0
         130        175       0.416928          255.0
         130        175       0.421740          120.0
         130        175       0.438299          195.0
         130        175       0.439565           75.0
         130        175       0.520469          180.0
         130        175       0.580510          330.0
         130        175       0.583344            0.0
         130        175       0.594665            0.0
         130        175       0.594665           15.0
         130        175       0.595836          345.0
         130        175       0.597926          180.0
         130        175       0.600510          345.0
         130        175       0.606036          180.0
         130        175       0.614051          105.0
         130        175       0.615158           30.0
         130        175       0.616131           60.0
         130        175       0.622721           15.0
         130        175       0.626479           75.0
         130        175       0.634571           30.0
         130        175       0.641467          255.0
         130        175       0.645036          195.0
         130        175       0.648033          300.0
         130        175       0.650725          135.0
         130        175       0.661172          300.0
         130        175       0.666661          180.0
         130        175       0.667721          165.0
         130        175       0.668961          270.0
         130        175       0.676883          180.0
         130        175       0.683163          195.0
         130        175       0.706090          180.0
         130        175       0.770108           60.0
         130        175       0.772141           75.0
         130        175       0.773424           60.0
         130        175       0.774667           75.0
         130        175       0.785268           15.0
         130        175       0.785268           30.0
         130        175       0.787436          105.0
         130        175       0.788691            0.0
         130        175       0.789854           45.0
         130        175       0.793791          300.0
         130        175       0.794848          285.0
         130        175       0.796667           75.0
         130        175       0.797768          345.0
         130        175       0.798999          135.0
         130        175       0.800108          345.0
         130        175       0.804961           75.0
         130        175       0.804961           90.0
         130        175       0.806020           30.0
         130        175       0.808817           45.0
         130        175       0.810149           30.0
         130        175       0.811293           15.0
         130        175       0.811293           75.0
         130        175       0.812469           45.0
         130        175       0.812469           60.0
         130        175       0.812469           90.0
         130        175       0.813706           15.0
         130        175       0.813706           75.0
         130        175       0.814766          330.0
         130        175       0.819237           75.0
         130        175       0.820350          345.0
         130        175       0.821508            0.0
         130        175       0.823754          285.0
         130        175       0.825006           75.0
         130        175       0.827245           15.0
         130        175       0.831686           60.0
         130        175       0.835229          300.0
         130        175       0.836499           75.0
         130        175       0.839246           60.0
         130        175       0.840364          105.0
         130        175       0.841477           45.0
         130        175       0.844984            0.0
         130        175       0.846780           15.0
         130        175       0.848081           75.0
         130        175       0.849215           30.0
         130        175       0.849215           45.0
         130        175       0.849215           60.0
         130        175       0.854512           15.0
         130        175       0.854512           90.0
         130        175       0.855897           45.0
         130        175       0.864293           60.0
         130        175       0.866144            0.0
         130        175       0.875217           75.0
         130        175       0.877031           90.0
         130        175       0.878262          285.0
         130        175       0.878262          300.0
         130        175       0.879512           90.0
         130        175       0.881424           75.0
         130        175       0.885549           15.0
         130        175       0.887770          180.0
         130        175       0.887770          195.0
         130        175       0.890882          315.0
         130        175       0.918473          105.0
         130        175       0.920250            0.0
         130        175       0.923499           15.0
         130        175       0.935014           60.0
         130        175       0.937330          300.0
         130        175       0.937330          330.0
         130        175       0.946904           60.0
         130        175       0.948540           30.0
         130        175       0.948540           45.0
         130        175       0.948540           75.0
         130        175       0.951524          285.0
         130        175       0.951524          300.0
         130        175       0.965029          210.0
         130        175       0.972170          345.0
         130        175       0.975352           15.0
         130        175       0.975352           75.0
         130        175       0.977051          105.0
         130        175       0.978111           60.0
         130        175       0.980100           75.0
         130        175       0.985645           75.0
         130        175       0.988501           90.0
         130        175       0.992417           75.0
         130        175       0.999024          180.0
         130        175       1.004418           60.0
         130        175       1.004418           75.0
         130        175       1.004418           90.0
         130        175       1.007215           60.0
         130        175       1.007215           75.0
         130        175       1.010207          330.0
         130        175       1.011870           15.0
         130        175       1.011870           75.0
         130        175       1.014061           30.0
         130        175       1.014061           60.0
         130        175       1.014061           75.0
         130        175       1.026090            0.0
         130        175       1.026090          345.0
         130        175       1.027336          270.0
         130        175       1.049092           60.0
         130        175       1.054602           30.0
         130        175       1.058206          105.0
         130        175       1.059309           60.0
         130        175       1.060319           75.0
         130        175       1.065941            0.0
         130        175       1.067217          345.0
         130        175       1.069504           45.0
         130        175       1.070847           90.0
         130        175       1.074016           60.0
         130        175       1.080122           60.0
         130        175       1.080122           75.0
         130        175       1.081422           90.0
         130        175       1.082489           15.0
         130        175       1.083553           60.0
         130        175       1.084629           15.0
         130        175       1.088989           15.0
         130        175       1.088989           60.0
         130        175       1.091075          270.0
         130        175       1.091075          285.0
         130        175       1.093194           15.0
         130        175       1.093194          255.0
         130        175       1.101264          105.0
         130        175       1.121546          345.0
         130        175       1.125101          180.0
         130        175       1.126276          195.0
         130        175       1.140046          165.0
         130        175       1.167686           75.0
         130        175       1.169271           30.0
         130        175       1.169271           60.0
         130        175       1.179895           75.0
         130        175       1.181219            0.0
         130        175       1.186304            0.0
         130        175       1.192319           60.0
         130        175       1.192319           75.0
         130        175       1.194438           15.0
         130        175       1.201876            0.0
         130        175       1.201876           90.0
         130        175       1.214887          195.0
         130        175       1.218135          285.0
         130        175       1.219797           75.0
         130        175       1.222752           15.0
         130        175       1.229040           90.0
         130        175       1.233766           30.0
         130        175       1.235288          345.0
         130        175       1.239786          345.0
         130        175       1.243905           75.0
         130        175       1.250274           15.0
         130        175       1.253372          105.0
         130        175       1.268971          345.0
         130        175       1.280239          105.0
         130        175       1.304242           90.0
         130        175       1.307145           60.0
         130        175       1.307145           75.0
         130        175       1.308422           45.0
         130        175       1.312162           60.0
         130        175       1.318149           75.0
         130        175       1.357801          180.0
         130        175       1.404145           60.0
         130        175       1.404145           75.0
         130        175       1.405952           15.0
         130        175       1.426394          180.0
         130        175       1.436386           45.0
         130        175       1.440789           90.0
         130        175       1.442473           75.0
         130        175       1.445961          180.0
         130        175       1.447254            0.0
         130        175       1.451993           15.0
         130        175       1.451993           75.0
         130        175       1.460946           90.0
         130        175       1.463457           60.0
         130        175       1.465467           75.0
         130        175       1.475657           60.0
         130        175       1.487618          315.0
         130        175       1.488856           15.0
         130        175       1.607944          195.0
         130        175       1.620036           90.0
         130        175       1.626004          270.0
         130        175       1.660058           90.0
         130        175       1.671422           75.0
         130        175       1.672787           60.0
         130        175       1.676751           75.0
         130        175       1.677815          105.0
         130        175       1.680491          255.0
         130        175       1.681899           75.0
         130        175       1.681899           90.0
         130        175       1.686493          300.0
         130        175       1.687514          285.0
         130        175       1.688735           30.0
         130        175       1.688735           45.0
         130        175       1.688735           60.0
         130        175       1.688735           75.0
         130        175       1.692235           60.0
         130        175       1.698797          195.0
         130        175       1.698797          210.0
         130        175       1.698797          240.0
         130        175       1.703467           15.0
         130        175       1.706399            0.0
         130        175       1.708559           15.0
         130        175       1.711917          285.0
         130        175       1.720444          135.0
         130        175       1.725991           75.0
         130        175       1.780047           45.0
         130        175       1.788356           45.0
         130        175       1.788356           60.0
         130        175       1.788356           75.0
         130        175       1.789651           15.0
         130        175       1.800535            0.0
         130        175       1.858399          285.0
         130        175       1.858399          300.0
         130        175       1.918429          180.0
         130        175       1.943872           75.0
         130        175       1.948822           60.0
         130        175       1.960129           45.0
         130        175       1.966036          255.0
         130        175       1.986622          300.0
         130        175       2.011143           75.0
         130        175       2.013735          270.0
         130        175       2.033733           30.0
         130        175       2.062217          165.0
         130        175       2.075211           30.0
         130        175       2.086559            0.0
         130        175       2.101754            0.0
         130        175       2.113182           60.0
         130        175       2.138622          300.0
         130        175       2.140048          315.0
         130        175       2.162258           75.0
         130        175       2.178614          135.0
         130        175       2.178614          150.0
         130        175       2.186477           75.0
         130        175       2.189434           60.0
         130        175       2.204731           30.0
         130        175       2.210968           45.0
         130        175       2.215715          180.0
         130        175       2.218602          300.0
         130        175       2.241074          180.0
         130        175       2.242288          165.0
         130        175       2.247203          180.0
         130        175       2.258359          180.0
         130        175       2.298619          300.0
         130        175       2.318668          135.0
         130        175       2.318668          150.0
         130        175       2.321323           15.0
         130        175       2.326809           15.0
         130        175       2.366391          195.0
         130        175       2.378631          300.0
         130        175       2.392227           15.0
         130        175       2.392227           75.0
         130        175       2.415411            0.0
         130        175       2.568797          180.0
         130        175       2.568797          195.0
         130        175       2.694243          285.0
         130        175       2.694243          300.0
         130        175       2.705364          255.0
         130        175       2.709043          120.0
         130        175       2.716979          255.0
         130        175       2.757914            0.0
         130        175       2.766637          180.0
         130        175       2.797868          300.0
         130        175       2.797868          315.0
         130        175       2.797868          330.0
         130        175       2.817883          180.0
         130        175       2.821070          180.0
         130        175       2.828906            0.0
         130        175       2.831242            0.0
         130        175       2.859558           90.0
         130        175       2.861858           75.0
         130        175       2.864206           15.0
         130        175       2.871807           60.0
         130        175       2.877605          180.0
         130        175       2.889894            0.0
         130        175       2.891203          180.0
         130        175       2.902383          270.0
         130        175       2.905118           60.0
         130        175       2.905118           75.0
         130        175       2.916399          285.0
         130        175       2.922168          300.0
         130        175       2.924844           75.0
         130        175       2.926382          105.0
         130        175       2.931477           75.0
         130        175       2.932924          345.0
         130        175       2.935315           75.0
         130        175       2.943950           75.0
         130        175       2.946424           75.0
         130        175       2.948620           75.0
         130        175       2.950819           15.0
         130        175       2.952110           30.0
         130        175       2.952110           45.0
         130        175       2.952110           60.0
         130        175       2.953822          210.0
         130        175       2.954856           75.0
         130        175       2.960473          270.0
         130        175       2.962858           15.0
         130        175       2.964293          330.0
         130        175       2.965907          210.0
         130        175       2.969448          255.0
         130        175       2.971156           90.0
         130        175       2.975643           60.0
         130        175       2.976746          270.0
         130        175       2.981844            0.0
         130        175       2.981844           15.0
         130        175       2.981844           30.0
         130        175       2.981844           45.0
         130        175       2.981844           60.0
         130        175       2.981844           75.0
         130        175       2.985567           60.0
         130        175       2.987948          195.0
         130        175       2.993206          105.0
         130        175       2.994766           75.0

======================================================================
Summary:
  True Angle  Best Pred    Error   #Fires   #Input
----------------------------------------------------------------------
           0       180°     180°      399     2500
           5       180°     175°      362     2276
          10       180°     170°      335     2085
          15       180°     165°      249     1568
          20       165°     145°      230     1348
          25       165°     140°      242     1313
          30       165°     135°      246     1362
          35       165°     130°      570     3095
          40       150°     110°      636     2895
          45       135°      90°      738     3449
          50       135°      85°      410     2131
          55       120°      65°      202      938
          60       120°      60°      798     4251
          65       105°      40°      455     2652
          70       105°      35°      450     2286
          75       105°      30°      383     2083
          80       105°      25°      522     3339
          85        90°       5°      487     3265
          90        90°       0°      487     3051
          95        90°       5°      331     2430
         100        90°      10°      180     1219
         105        90°      15°      397     2849
         110        90°      20°      249     1531
         115        75°      40°      214     1262
         120        75°      45°      173      897
         125        75°      50°      340     1813
         130        75°      55°      421     3644

Mean error: 75.0°
Max error:  180.0°
Std error:  58.5°
Success rate: 27/27 (100%)
