LIF SNN Neuron Firing Log — Foci
Parameters: tau_leaky=55us, v_thresh=1.0V
LIF Resolution: 15° per neuron
Date: 2026-03-30 04:01:21
======================================================================
  True Angle  Servo Pos  Fire Time (s)   Neuron Angle
----------------------------------------------------------------------
           0         45       0.018106          180.0
           0         45       0.022308          180.0
           0         45       0.034304          180.0
           0         45       0.040817          180.0
           0         45       0.045676          180.0
           0         45       0.053813          180.0
           0         45       0.060301          180.0
           0         45       0.066813          180.0
           0         45       0.073324          180.0
           0         45       0.079836          180.0
           0         45       0.086320          180.0
           0         45       0.092803          195.0
           0         45       0.124961          180.0
           0         45       0.127757          195.0
           0         45       0.137293          180.0
           0         45       0.143770          180.0
           0         45       0.160411          195.0
           0         45       0.164149          180.0
           0         45       0.170762          180.0
           0         45       0.174653          195.0
           0         45       0.176851          180.0
           0         45       0.191508            0.0
           0         45       0.192860          195.0
           0         45       0.220989          195.0
           0         45       0.229929          180.0
           0         45       0.236445          180.0
           0         45       0.242988          180.0
           0         45       0.249523          180.0
           0         45       0.256097          180.0
           0         45       0.262731          180.0
           0         45       0.266295          165.0
           0         45       0.275926          180.0
           0         45       0.282704          180.0
           0         45       0.303786          180.0
           0         45       0.387606          180.0
           0         45       0.795854          165.0
           0         45       0.805745          165.0
           0         45       1.642047          180.0
           0         45       1.654383          180.0
           0         45       1.666758          180.0
           0         45       1.679540          180.0
           0         45       1.686156          180.0
           0         45       1.707383          180.0
           0         45       1.828613          180.0
           0         45       1.835051          180.0
           0         45       1.836264          195.0
           0         45       1.848348          195.0
           0         45       1.850321          180.0
           0         45       1.855246          180.0
           0         45       1.856342          210.0
           0         45       1.862489          180.0
           0         45       1.869915          180.0
           0         45       2.054586          180.0
           0         45       2.057047          165.0
           0         45       2.060789          180.0
           0         45       2.072168          180.0
           0         45       2.073385          195.0
           0         45       2.079847          180.0
           0         45       2.080920          195.0
           0         45       2.087551          180.0
           0         45       2.095254          180.0
           0         45       2.102910          180.0
           0         45       2.112750          180.0
           0         45       2.120340          180.0
           0         45       2.203179          180.0
           0         45       2.311485          180.0
           0         45       2.321769          180.0
           0         45       2.328211          180.0
           0         45       2.329510          165.0
           0         45       2.350165          180.0
           0         45       2.362679            0.0
           0         45       2.419126          180.0
           0         45       2.438726          180.0
           0         45       2.442984          180.0
           0         45       2.447359          180.0
           0         45       2.503231          180.0
           0         45       2.504289          195.0
           0         45       2.508834          150.0
           0         45       2.512327          165.0
           0         45       2.517200          180.0
           0         45       2.519301          180.0
           0         45       2.524304          180.0
           0         45       2.526371          180.0
           0         45       2.528703          195.0
           0         45       2.542539          180.0
           0         45       2.557436          150.0
           0         45       2.569401          195.0
           0         45       2.585758          180.0
           0         45       2.589546          255.0
           0         45       2.613109          180.0
           0         45       2.614292          165.0
           0         45       2.615688          180.0
           0         45       2.634289          180.0
           0         45       2.657664          180.0
           0         45       2.779418          180.0
           0         45       2.783230          180.0
           0         45       2.785637          180.0
           0         45       2.789629          180.0
           0         45       2.793540          180.0
           0         45       2.815043          180.0
           0         45       2.821141          180.0
           0         45       2.827633          180.0
           0         45       2.832195          180.0
           0         45       2.833332          165.0
           0         45       2.836012          195.0
           0         45       2.838574          180.0
           0         45       2.914937          180.0
           0         45       2.922562          180.0
           0         45       2.938488          180.0
           0         45       2.948127          195.0
           5         50       0.008961          165.0
           5         50       0.019126          180.0
           5         50       0.038624          195.0
           5         50       0.152520          180.0
           5         50       0.181485            0.0
           5         50       0.240879          165.0
           5         50       0.242022          195.0
           5         50       0.244334          210.0
           5         50       0.250129          180.0
           5         50       0.252428          195.0
           5         50       0.260575          165.0
           5         50       0.261739          195.0
           5         50       0.405751          180.0
           5         50       0.477465          180.0
           5         50       0.490581          165.0
           5         50       0.499238          180.0
           5         50       0.504789          180.0
           5         50       0.509597          180.0
           5         50       0.519875          180.0
           5         50       0.529200          180.0
           5         50       0.538836          180.0
           5         50       0.574084          195.0
           5         50       0.575520          165.0
           5         50       0.582157          180.0
           5         50       0.589121          180.0
           5         50       0.604949          180.0
           5         50       0.687762          180.0
           5         50       0.688835          165.0
           5         50       0.693652          180.0
           5         50       0.701336          180.0
           5         50       0.702721          195.0
           5         50       0.705153          180.0
           5         50       0.709355          180.0
           5         50       0.717922          165.0
           5         50       0.732576          150.0
           5         50       0.735934          180.0
           5         50       0.736990          150.0
           5         50       0.752805          210.0
           5         50       0.767086          180.0
           5         50       1.497836          180.0
           5         50       1.524922          180.0
           5         50       1.613813          180.0
           5         50       1.623566          180.0
           5         50       1.624633          165.0
           5         50       1.634165          180.0
           5         50       1.637155          165.0
           5         50       1.646311          165.0
           5         50       1.658459          165.0
           5         50       1.665597          180.0
           5         50       1.666981          165.0
           5         50       1.675918          180.0
           5         50       1.677329          165.0
           5         50       1.767954          180.0
           5         50       1.777902          180.0
           5         50       1.779997          195.0
           5         50       1.808239          180.0
           5         50       1.818562          180.0
           5         50       1.839855          180.0
           5         50       1.844057          195.0
           5         50       1.850160          180.0
           5         50       1.860692          180.0
           5         50       1.871230          180.0
           5         50       1.881770          180.0
           5         50       1.892383          180.0
           5         50       1.895192          180.0
           5         50       1.913508          180.0
           5         50       1.914848          165.0
           5         50       1.930290          105.0
           5         50       1.936301          165.0
           5         50       1.947082          165.0
           5         50       1.950215          180.0
           5         50       1.978118          180.0
           5         50       1.990186          150.0
           5         50       1.992785          180.0
           5         50       2.010395          180.0
           5         50       2.012948          165.0
           5         50       2.020981          180.0
           5         50       2.027004          180.0
           5         50       2.032359          180.0
           5         50       2.043445          180.0
           5         50       2.044536          165.0
           5         50       2.054500          180.0
           5         50       2.055590          165.0
           5         50       2.066915          180.0
           5         50       2.078434          180.0
           5         50       2.221941          180.0
           5         50       2.244750          180.0
           5         50       2.278629          180.0
           5         50       2.300606          180.0
           5         50       2.311899          180.0
           5         50       2.335840          180.0
           5         50       2.341786          180.0
           5         50       2.358618          180.0
           5         50       2.359895          165.0
           5         50       2.382274          180.0
           5         50       2.394351          180.0
           5         50       2.413855          180.0
           5         50       2.417989          180.0
           5         50       2.429958          180.0
          10         55       0.016984          180.0
          10         55       0.018100          165.0
          10         55       0.027035          180.0
          10         55       0.028135          165.0
          10         55       0.039582          195.0
          10         55       0.059581          165.0
          10         55       0.070058          180.0
          10         55       0.099929          180.0
          10         55       0.344922          180.0
          10         55       0.355831          165.0
          10         55       0.359164          195.0
          10         55       0.367016          180.0
          10         55       0.378461          180.0
          10         55       0.426172          180.0
          10         55       0.437719          180.0
          10         55       0.449567          165.0
          10         55       0.945126          180.0
          10         55       0.964973          180.0
          10         55       0.974922          165.0
          10         55       0.984723          180.0
          10         55       0.985760          165.0
          10         55       0.998266          165.0
          10         55       0.999269          180.0
          10         55       1.004644          180.0
          10         55       1.005707          165.0
          10         55       1.006723          180.0
          10         55       1.009393          165.0
          10         55       1.014239          165.0
          10         55       1.041033           60.0
          10         55       1.043182          165.0
          10         55       1.054082          180.0
          10         55       1.081202          165.0
          10         55       1.082407          180.0
          10         55       1.091961          180.0
          10         55       1.100084          165.0
          10         55       1.109620          165.0
          10         55       1.119078          180.0
          10         55       1.120360          165.0
          10         55       1.128528          165.0
          10         55       1.137883          180.0
          10         55       1.166014          165.0
          10         55       1.169679          180.0
          10         55       1.175350          165.0
          10         55       1.180290            0.0
          10         55       1.198844            0.0
          10         55       1.222995          165.0
          10         55       1.365422           15.0
          10         55       1.391028          180.0
          10         55       1.399926          180.0
          10         55       1.416819          210.0
          10         55       1.420858          165.0
          10         55       1.429565          165.0
          10         55       1.435883          180.0
          10         55       1.437620          165.0
          10         55       1.444582          180.0
          10         55       1.447458          180.0
          10         55       1.453351          180.0
          10         55       1.462272          165.0
          10         55       1.468699          180.0
          10         55       1.469932          165.0
          10         55       1.510101          180.0
          10         55       1.521358           15.0
          10         55       1.524969          180.0
          10         55       1.526379          165.0
          10         55       1.528355          180.0
          10         55       1.530211          165.0
          10         55       1.542688          180.0
          10         55       1.546996          165.0
          10         55       1.548551          180.0
          10         55       2.733926          180.0
          10         55       2.737836          180.0
          10         55       2.746242          180.0
          10         55       2.752176          165.0
          10         55       2.756023          180.0
          10         55       2.764754          165.0
          10         55       2.786133          180.0
          10         55       2.787264          165.0
          10         55       2.801191          180.0
          10         55       2.803876          180.0
          10         55       2.815184           15.0
          10         55       2.816191            0.0
          10         55       2.912075          180.0
          10         55       2.978179          180.0
          10         55       2.986640          180.0
          15         60       0.519260          165.0
          15         60       0.527854          165.0
          15         60       0.529204          180.0
          15         60       0.536440          165.0
          15         60       0.540473          180.0
          15         60       0.553885          165.0
          15         60       0.562266          165.0
          15         60       0.571046          165.0
          15         60       0.714202          165.0
          15         60       0.722168          180.0
          15         60       0.729469          165.0
          15         60       0.742436          165.0
          15         60       0.751570          180.0
          15         60       0.754887          165.0
          15         60       0.825887          165.0
          15         60       1.032887          165.0
          15         60       1.039262          180.0
          15         60       1.156347          180.0
          15         60       1.167590          180.0
          15         60       1.168680          165.0
          15         60       1.178700          180.0
          15         60       1.179792          165.0
          15         60       1.189389          165.0
          15         60       1.199668          180.0
          15         60       1.200743          165.0
          15         60       1.209549          165.0
          15         60       1.219145          180.0
          15         60       1.228471          165.0
          15         60       1.245708          165.0
          15         60       1.248737          165.0
          15         60       1.261991          165.0
          15         60       1.276623          150.0
          15         60       1.285331          165.0
          15         60       1.292842          165.0
          15         60       1.314807          165.0
          15         60       1.322043          165.0
          15         60       1.330979          165.0
          15         60       1.346217          165.0
          15         60       1.353584          210.0
          15         60       1.504543          180.0
          15         60       1.507735          165.0
          15         60       1.510311          165.0
          15         60       1.514984          180.0
          15         60       1.516083          165.0
          15         60       1.518641          165.0
          15         60       1.522305          165.0
          15         60       1.524887          165.0
          15         60       1.532377          150.0
          15         60       1.533422          165.0
          15         60       1.552307          165.0
          15         60       1.561198          165.0
          15         60       1.575297          165.0
          15         60       1.590616          165.0
          15         60       1.602770          180.0
          15         60       1.637827          165.0
          15         60       2.732817          180.0
          15         60       2.756820          180.0
          20         65       0.010062          180.0
          20         65       0.018961          180.0
          20         65       0.031913          165.0
          20         65       0.052618          180.0
          20         65       0.091241          165.0
          20         65       0.156584          165.0
          20         65       0.212253          165.0
          20         65       0.534696          165.0
          20         65       0.536799          165.0
          20         65       0.568223          165.0
          20         65       0.574030          165.0
          20         65       0.650635          195.0
          20         65       0.657883          165.0
          20         65       0.658933          180.0
          20         65       0.912188          150.0
          20         65       0.913206          165.0
          20         65       0.914264          150.0
          20         65       0.915303          165.0
          20         65       0.934725          165.0
          20         65       1.008284          165.0
          20         65       1.013833          165.0
          20         65       1.041305          165.0
          20         65       1.049952          165.0
          20         65       1.058387          165.0
          20         65       1.059908          150.0
          20         65       1.069323          165.0
          20         65       1.293918          165.0
          20         65       1.304364          165.0
          20         65       1.304364          180.0
          20         65       1.346022          150.0
          20         65       1.474518          165.0
          20         65       1.579368          165.0
          20         65       1.590161          165.0
          20         65       1.600975          165.0
          20         65       1.612057          165.0
          20         65       1.624317          165.0
          20         65       1.645274          165.0
          20         65       1.708840          165.0
          20         65       1.798245          165.0
          20         65       1.800066          180.0
          20         65       1.804334          150.0
          20         65       1.809546          165.0
          20         65       1.812143          165.0
          20         65       1.821222          180.0
          20         65       1.831911          165.0
          20         65       1.842426          165.0
          20         65       1.852893          165.0
          20         65       1.862089          165.0
          20         65       2.157569          165.0
          20         65       2.160168          180.0
          20         65       2.161682          165.0
          20         65       2.167336          165.0
          20         65       2.169201          150.0
          20         65       2.174377          165.0
          20         65       2.182053          150.0
          20         65       2.183065          165.0
          20         65       2.192016          165.0
          20         65       2.201249          165.0
          20         65       2.202744          150.0
          20         65       2.210668          165.0
          20         65       2.220372          165.0
          20         65       2.230264          165.0
          20         65       2.512014          165.0
          25         70       0.018221          165.0
          25         70       0.031733          165.0
          25         70       0.050561          165.0
          25         70       0.051819          150.0
          25         70       2.123307          165.0
          25         70       2.131014          165.0
          25         70       2.150042          165.0
          25         70       2.163286          165.0
          25         70       2.172096          150.0
          25         70       2.180514          165.0
          25         70       2.182342          150.0
          25         70       2.187493          180.0
          25         70       2.188711          165.0
          25         70       2.196897          165.0
          25         70       2.205045          150.0
          25         70       2.213616          165.0
          25         70       2.227719          165.0
          25         70       2.230469          165.0
          25         70       2.234529          150.0
          25         70       2.239032          150.0
          25         70       2.242598          165.0
          25         70       2.247586          165.0
          25         70       2.249717          150.0
          25         70       2.258293          150.0
          25         70       2.281951          150.0
          25         70       2.284103          135.0
          25         70       2.298788          165.0
          25         70       2.301971          165.0
          25         70       2.316085          165.0
          25         70       2.318170          150.0
          25         70       2.333338          150.0
          25         70       2.437350          165.0
          25         70       2.441948          165.0
          25         70       2.519354          165.0
          25         70       2.523389          165.0
          25         70       2.529350          165.0
          25         70       2.534838          150.0
          25         70       2.544779          150.0
          25         70       2.550248          150.0
          25         70       2.587100          165.0
          25         70       2.594272          165.0
          25         70       2.601424          165.0
          25         70       2.608577          165.0
          25         70       2.615764          165.0
          25         70       2.620827          165.0
          25         70       2.622940          165.0
          25         70       2.624252          150.0
          25         70       2.631401          165.0
          25         70       2.651905          165.0
          25         70       2.653346          150.0
          25         70       2.659047          165.0
          25         70       2.688036          165.0
          25         70       2.703092          150.0
          25         70       2.723879           75.0
          25         70       2.776975          165.0
          25         70       2.785657          150.0
          25         70       2.785657          165.0
          25         70       2.794688          165.0
          25         70       2.914260          165.0
          25         70       2.921081          165.0
          25         70       2.947024          150.0
          25         70       2.950036          150.0
          25         70       2.953995          165.0
          25         70       2.958043          150.0
          25         70       2.962733          165.0
          25         70       2.966915          165.0
          25         70       2.971460          165.0
          25         70       2.980253          165.0
          25         70       2.982790          165.0
          30         75       0.589494          150.0
          30         75       0.599123          150.0
          30         75       0.601311          150.0
          30         75       0.606504          150.0
          30         75       0.608693          150.0
          30         75       0.613583          150.0
          30         75       0.613583          165.0
          30         75       0.635813          150.0
          30         75       0.643592          150.0
          30         75       0.654633          165.0
          30         75       0.661102            0.0
          30         75       1.074580          150.0
          30         75       1.683964          165.0
          30         75       1.692993          165.0
          30         75       1.701585          165.0
          30         75       1.710305          150.0
          30         75       1.718942          150.0
          30         75       1.743774          150.0
          30         75       1.751764          150.0
          30         75       1.760036          150.0
          30         75       1.784834          150.0
          30         75       1.945248          150.0
          30         75       1.946536          165.0
          30         75       1.955124          165.0
          30         75       1.956149          150.0
          30         75       1.964026          150.0
          30         75       2.192873          150.0
          30         75       2.194053          165.0
          30         75       2.202454          150.0
          30         75       2.202454          165.0
          30         75       2.211947          150.0
          30         75       2.328051          150.0
          30         75       2.331399          150.0
          30         75       2.337092          150.0
          30         75       2.337092          165.0
          30         75       2.339299          150.0
          30         75       2.349311          150.0
          30         75       2.363145          150.0
          30         75       2.365791          150.0
          30         75       2.372133          150.0
          30         75       2.374705          150.0
          30         75       2.389858          150.0
          30         75       2.395301          165.0
          30         75       2.408614          165.0
          30         75       2.417889          150.0
          30         75       2.420614          135.0
          30         75       2.436072          150.0
          30         75       2.446776           45.0
          30         75       2.459650          150.0
          30         75       2.469514          150.0
          30         75       2.478758          165.0
          30         75       2.490697          150.0
          30         75       2.499131          150.0
          30         75       2.505493          150.0
          30         75       2.512506          150.0
          30         75       2.526012          150.0
          30         75       2.540559          150.0
          30         75       2.559178          150.0
          30         75       2.594084          150.0
          30         75       2.630264          165.0
          30         75       2.633803          150.0
          30         75       2.656443          150.0
          30         75       2.826252          150.0
          30         75       2.833762          150.0
          30         75       2.939084          150.0
          30         75       2.968330          150.0
          30         75       2.974400          150.0
          30         75       2.982529          150.0
          30         75       2.990877          150.0
          35         80       0.005340          150.0
          35         80       0.013184          150.0
          35         80       0.022508          150.0
          35         80       0.031954          150.0
          35         80       0.041711          150.0
          35         80       0.056239          150.0
          35         80       0.080881          150.0
          35         80       0.085637          150.0
          35         80       0.090313          150.0
          35         80       0.100297          150.0
          35         80       0.313555          150.0
          35         80       0.332094          150.0
          35         80       0.351217          150.0
          35         80       0.448942          150.0
          35         80       0.473723          150.0
          35         80       0.501563          150.0
          35         80       0.502636          135.0
          35         80       0.589969          150.0
          35         80       0.592387          150.0
          35         80       0.600664          150.0
          35         80       0.601698          135.0
          35         80       0.605569          150.0
          35         80       0.607629          150.0
          35         80       0.613536          150.0
          35         80       0.617034          135.0
          35         80       0.618082          150.0
          35         80       0.630118          150.0
          35         80       0.638514          135.0
          35         80       0.643139           75.0
          35         80       0.647172          150.0
          35         80       0.650354           75.0
          35         80       0.739993           15.0
          35         80       0.747258          150.0
          35         80       0.748282          135.0
          35         80       0.749307          150.0
          35         80       0.751852          135.0
          35         80       0.764344          150.0
          35         80       0.765401          135.0
          35         80       0.771481          150.0
          35         80       0.772489          165.0
          35         80       0.826442          150.0
          35         80       0.838004          150.0
          35         80       0.857145          150.0
          35         80       0.900996          150.0
          35         80       1.004647          165.0
          35         80       1.035389          150.0
          35         80       1.036464          135.0
          35         80       1.043930          150.0
          35         80       1.048201          150.0
          35         80       1.053357          150.0
          35         80       1.062088          150.0
          35         80       1.081256          150.0
          35         80       1.102732          150.0
          35         80       1.139955          150.0
          35         80       1.166170          150.0
          35         80       1.325024          150.0
          35         80       1.447438          150.0
          35         80       1.467893          150.0
          35         80       1.645376          150.0
          35         80       1.652768          150.0
          35         80       1.661873          150.0
          35         80       1.662952          165.0
          35         80       1.671079          150.0
          35         80       1.677532          150.0
          35         80       1.681038          135.0
          35         80       1.683105           90.0
          35         80       1.685143          150.0
          35         80       1.687638          135.0
          35         80       1.782264          150.0
          35         80       1.785057          150.0
          35         80       1.939672          150.0
          35         80       1.948813           15.0
          35         80       1.948813           30.0
          35         80       1.957385          150.0
          35         80       1.957385          165.0
          35         80       1.969381          150.0
          35         80       1.996834          150.0
          35         80       1.999389          150.0
          35         80       2.019771          135.0
          35         80       2.027871          150.0
          35         80       2.028909          165.0
          35         80       2.029934          150.0
          35         80       2.059313          150.0
          35         80       2.060347          135.0
          35         80       2.061469          150.0
          35         80       2.072033          150.0
          35         80       2.073073          135.0
          35         80       2.078412          150.0
          35         80       2.080557          135.0
          35         80       2.084844          150.0
          35         80       2.085893          135.0
          35         80       2.091375          150.0
          35         80       2.098114          120.0
          35         80       2.098114          150.0
          35         80       2.166684          150.0
          35         80       2.168096          165.0
          35         80       2.194815          135.0
          35         80       2.251804          135.0
          35         80       2.252877          150.0
          35         80       2.257448          165.0
          35         80       2.264723          150.0
          35         80       2.288131          150.0
          35         80       2.295412          150.0
          35         80       2.332469          150.0
          35         80       2.332469          165.0
          35         80       2.340154          150.0
          35         80       2.347865          150.0
          35         80       2.349089          165.0
          35         80       2.371184          150.0
          35         80       2.379000          150.0
          35         80       2.380259          135.0
          35         80       2.386830          150.0
          35         80       2.388085          165.0
          35         80       2.615539          150.0
          35         80       2.616897          135.0
          35         80       2.623672          150.0
          35         80       2.639951          150.0
          35         80       2.644525          135.0
          35         80       2.647657          150.0
          35         80       2.649221          165.0
          35         80       2.714951           30.0
          35         80       2.763391          150.0
          35         80       2.771512          150.0
          35         80       2.774700          150.0
          35         80       2.789744          150.0
          35         80       2.791811          150.0
          35         80       2.806360          150.0
          35         80       2.824493          150.0
          35         80       2.919623          150.0
          35         80       2.931211          150.0
          35         80       2.947614          150.0
          35         80       2.963752          150.0
          35         80       2.973848          165.0
          35         80       2.980809          150.0
          40         85       0.069374          135.0
          40         85       0.082137          150.0
          40         85       0.087043          150.0
          40         85       0.090968          135.0
          40         85       0.095700          150.0
          40         85       0.103589          135.0
          40         85       0.106056          135.0
          40         85       0.107907          150.0
          40         85       0.112063          150.0
          40         85       0.248002          150.0
          40         85       0.260621           30.0
          40         85       0.266924          150.0
          40         85       0.295805          150.0
          40         85       0.435573          135.0
          40         85       0.442626          135.0
          40         85       0.448028          150.0
          40         85       0.455956          135.0
          40         85       0.456989          150.0
          40         85       0.463948          135.0
          40         85       0.464981          150.0
          40         85       0.471762          150.0
          40         85       0.474657          135.0
          40         85       0.479446          150.0
          40         85       0.482477           30.0
          40         85       0.487000          150.0
          40         85       0.494494          150.0
          40         85       0.720111          150.0
          40         85       0.784362          135.0
          40         85       0.786819          135.0
          40         85       0.787907          150.0
          40         85       0.795181          135.0
          40         85       0.803292          135.0
          40         85       0.804356          120.0
          40         85       0.810215          150.0
          40         85       0.817397          150.0
          40         85       0.834770          165.0
          40         85       0.867090          135.0
          40         85       0.887018          150.0
          40         85       0.888229          135.0
          40         85       0.893571          135.0
          40         85       0.893571          150.0
          40         85       0.915828          150.0
          40         85       0.919926          150.0
          40         85       0.924689          135.0
          40         85       0.928094          150.0
          40         85       0.931973          150.0
          40         85       0.950149          150.0
          40         85       0.951409          135.0
          40         85       0.963455          150.0
          40         85       0.964491          135.0
          40         85       0.965496          150.0
          40         85       0.970270          150.0
          40         85       0.980696          135.0
          40         85       0.991653          165.0
          40         85       0.992682          150.0
          40         85       1.035868          150.0
          40         85       1.051785          150.0
          40         85       1.090102          150.0
          40         85       1.126690          135.0
          40         85       1.175176          150.0
          40         85       1.183313          150.0
          40         85       1.185224          135.0
          40         85       1.191422          150.0
          40         85       1.193528          150.0
          40         85       1.208170          150.0
          40         85       1.283339          135.0
          40         85       1.426727          150.0
          40         85       1.433370          135.0
          40         85       1.439578          150.0
          40         85       1.455664          150.0
          40         85       1.464129          150.0
          40         85       1.465843          135.0
          40         85       1.470290          150.0
          40         85       1.475586          150.0
          40         85       1.481137          150.0
          40         85       1.485606          150.0
          40         85       1.486647          135.0
          40         85       1.491426          150.0
          40         85       1.492540          165.0
          40         85       1.542166          150.0
          40         85       1.546522          165.0
          40         85       1.553120          135.0
          40         85       1.554149          150.0
          40         85       1.561253          135.0
          40         85       1.620725          150.0
          40         85       1.634660          150.0
          40         85       1.647374          105.0
          40         85       1.652287          150.0
          40         85       1.656175          135.0
          40         85       1.658668          150.0
          40         85       1.662568          135.0
          40         85       1.665051          150.0
          40         85       1.666253          105.0
          40         85       1.671418          150.0
          40         85       1.673700          120.0
          40         85       1.677831          135.0
          40         85       1.697610          150.0
          40         85       1.705891          150.0
          40         85       1.740872          135.0
          40         85       1.755789          150.0
          40         85       1.762996          150.0
          40         85       1.790946          150.0
          40         85       1.797918          150.0
          40         85       1.826168          150.0
          40         85       1.833762          150.0
          40         85       1.850032          135.0
          40         85       1.853799          150.0
          40         85       1.944707          150.0
          40         85       1.946040          135.0
          40         85       1.952325          150.0
          40         85       1.967731          150.0
          40         85       1.969095          135.0
          40         85       1.970182          150.0
          40         85       1.977110          150.0
          40         85       1.978167          135.0
          40         85       1.993057          135.0
          40         85       2.015946          150.0
          40         85       2.024168          135.0
          40         85       2.024168          150.0
          40         85       2.032462          135.0
          40         85       2.040694          135.0
          40         85       2.041705          150.0
          40         85       2.042780          135.0
          40         85       2.048989          135.0
          40         85       2.048989          150.0
          40         85       2.059350          165.0
          40         85       2.842612          135.0
          40         85       2.851278          150.0
          40         85       2.903805          150.0
          40         85       2.920914          150.0
          40         85       2.938821          150.0
          40         85       2.946290          150.0
          40         85       2.947360          135.0
          45         90       0.072639          150.0
          45         90       0.081707          150.0
          45         90       0.101016          150.0
          45         90       0.103258          150.0
          45         90       0.104386          135.0
          45         90       0.108114          135.0
          45         90       0.109211          150.0
          45         90       0.136379          135.0
          45         90       0.150075          150.0
          45         90       0.179499          135.0
          45         90       0.193948          135.0
          45         90       0.201176          150.0
          45         90       0.219263          135.0
          45         90       0.239696          135.0
          45         90       0.250391          150.0
          45         90       0.275649           60.0
          45         90       0.315453          150.0
          45         90       0.321063          150.0
          45         90       0.323185          135.0
          45         90       0.330010          120.0
          45         90       0.341821          150.0
          45         90       0.391067          150.0
          45         90       0.437821          135.0
          45         90       0.446434           90.0
          45         90       0.465813          135.0
          45         90       0.468960          135.0
          45         90       0.481770          150.0
          45         90       0.486559          105.0
          45         90       0.488432          150.0
          45         90       0.495364          135.0
          45         90       0.503071          135.0
          45         90       0.509388          135.0
          45         90       0.564722          135.0
          45         90       0.571671          135.0
          45         90       0.582150          135.0
          45         90       0.603126          135.0
          45         90       0.618243          135.0
          45         90       0.619381          120.0
          45         90       0.619381          150.0
          45         90       0.626068          135.0
          45         90       0.627213          120.0
          45         90       0.627213          150.0
          45         90       0.633913          135.0
          45         90       0.641729          135.0
          45         90       0.649557          135.0
          45         90       0.657426          120.0
          45         90       0.665382          135.0
          45         90       0.741087          135.0
          45         90       0.774421          135.0
          45         90       0.791297          150.0
          45         90       0.800007          135.0
          45         90       0.808469          150.0
          45         90       0.816770          150.0
          45         90       0.983995          135.0
          45         90       1.082549          150.0
          45         90       1.118389          135.0
          45         90       1.129429          135.0
          45         90       1.134706          135.0
          45         90       1.147397          225.0
          45         90       1.164186          135.0
          45         90       1.349263          135.0
          45         90       1.361071          135.0
          45         90       1.368141          135.0
          45         90       1.368141          150.0
          45         90       1.370555          135.0
          45         90       1.377589          135.0
          45         90       1.399370          135.0
          45         90       1.408779          150.0
          45         90       1.650327          135.0
          45         90       1.656712          135.0
          45         90       1.658807          135.0
          45         90       1.660864          135.0
          45         90       1.665121          120.0
          45         90       1.666161          135.0
          45         90       1.674518          135.0
          45         90       1.682739          135.0
          45         90       1.682739          150.0
          45         90       1.700997          135.0
          45         90       1.703096          150.0
          45         90       1.704165          135.0
          45         90       1.714426          150.0
          45         90       1.736614          135.0
          45         90       1.781557          135.0
          45         90       1.789184          135.0
          45         90       1.796936          135.0
          45         90       1.799471          150.0
          45         90       1.804698          135.0
          45         90       1.806211          150.0
          45         90       1.807229          135.0
          45         90       1.808397           60.0
          45         90       1.812472          135.0
          45         90       1.820264          135.0
          45         90       1.828043          135.0
          45         90       1.832800          135.0
          45         90       1.840587          135.0
          45         90       1.890715          135.0
          45         90       1.898538          135.0
          45         90       1.902208          135.0
          45         90       1.906452          135.0
          45         90       1.907842          165.0
          45         90       1.911210          165.0
          45         90       1.912338           60.0
          45         90       1.914514          135.0
          45         90       1.922647          135.0
          45         90       1.925248          150.0
          45         90       1.930827          135.0
          45         90       1.932395          150.0
          45         90       1.955876          135.0
          45         90       1.955876          150.0
          45         90       1.967268          135.0
          45         90       1.997907          120.0
          45         90       2.196743          135.0
          45         90       2.204993          135.0
          45         90       2.222415          135.0
          45         90       2.231110          135.0
          45         90       2.239893          135.0
          45         90       2.452632          135.0
          45         90       2.470698          135.0
          45         90       2.504689          120.0
          45         90       2.507161          150.0
          45         90       2.519784          135.0
          45         90       2.535837          135.0
          45         90       2.552008          150.0
          45         90       2.672321          135.0
          45         90       2.699069          135.0
          45         90       2.708712          135.0
          45         90       2.718536          135.0
          45         90       2.774610          135.0
          45         90       2.782956          135.0
          45         90       2.908962          135.0
          45         90       2.913999          135.0
          45         90       2.917749          135.0
          45         90       2.920804          135.0
          45         90       2.925659          135.0
          45         90       2.926743          120.0
          45         90       2.927839          135.0
          45         90       2.934784          135.0
          45         90       2.942325          150.0
          45         90       2.943366          135.0
          45         90       2.993045          150.0
          50         95       0.020005          135.0
          50         95       0.030276          135.0
          50         95       0.035918          135.0
          50         95       0.042638          135.0
          50         95       0.059021          135.0
          50         95       0.070580          150.0
          50         95       0.094018          135.0
          50         95       0.237204          135.0
          50         95       0.243258          120.0
          50         95       0.244335          135.0
          50         95       0.245688          150.0
          50         95       0.249297          135.0
          50         95       0.255661          135.0
          50         95       0.282557          135.0
          50         95       0.283598          120.0
          50         95       0.290009          135.0
          50         95       0.292614          135.0
          50         95       0.297177          135.0
          50         95       0.308098          150.0
          50         95       0.309190          135.0
          50         95       0.313011          135.0
          50         95       0.469310          135.0
          50         95       0.474061          165.0
          50         95       0.479282          135.0
          50         95       0.489403          150.0
          50         95       0.491003          135.0
          50         95       0.492090          150.0
          50         95       0.516097          135.0
          50         95       0.529310          135.0
          50         95       0.549413          135.0
          50         95       0.581926          135.0
          50         95       0.603182          135.0
          50         95       0.660008          120.0
          50         95       0.661833           90.0
          50         95       0.714560          135.0
          50         95       0.752974          135.0
          50         95       0.762632          135.0
          50         95       0.786731          150.0
          50         95       0.825520          105.0
          50         95       0.847311          105.0
          50         95       0.856212          135.0
          50         95       0.911208          135.0
          50         95       0.911208          150.0
          50         95       0.917340          150.0
          50         95       0.929243          135.0
          50         95       0.932543          135.0
          50         95       0.935461          135.0
          50         95       0.947756          120.0
          50         95       0.956854          135.0
          50         95       1.004151          135.0
          50         95       1.188233          135.0
          50         95       1.193052          135.0
          50         95       1.197083          135.0
          50         95       1.200905          135.0
          50         95       1.205165          120.0
          50         95       1.206505          135.0
          50         95       1.209501          135.0
          50         95       1.211246          150.0
          50         95       1.212341          135.0
          50         95       1.221243          135.0
          50         95       1.232092          105.0
          50         95       1.262001          135.0
          50         95       1.289654          120.0
          50         95       1.627397          135.0
          50         95       1.629326          120.0
          50         95       2.296565          135.0
          50         95       2.481354          135.0
          50         95       2.485422          135.0
          50         95       2.485422          150.0
          50         95       2.486641          165.0
          50         95       2.501038          135.0
          50         95       2.503608          135.0
          50         95       2.522913          135.0
          50         95       2.556760          120.0
          55        100       0.211999          135.0
          55        100       0.214142          135.0
          55        100       0.289262          120.0
          55        100       0.432378          135.0
          55        100       1.009831          135.0
          55        100       1.011485          120.0
          55        100       1.031557          135.0
          55        100       1.033461          120.0
          55        100       1.042770          120.0
          55        100       1.045494          120.0
          55        100       1.181057          135.0
          55        100       1.190975          135.0
          55        100       1.200946          120.0
          55        100       1.210997          135.0
          55        100       1.221124          135.0
          55        100       1.231327          135.0
          55        100       1.241637          120.0
          55        100       1.243028          135.0
          55        100       1.243028          150.0
          55        100       1.252047          120.0
          55        100       1.264215          120.0
          55        100       1.286313          135.0
          55        100       1.466001          135.0
          55        100       2.404229          135.0
          55        100       2.415923          135.0
          55        100       2.426722          135.0
          55        100       2.427754          120.0
          55        100       2.428768          135.0
          55        100       2.437688          120.0
          55        100       2.438753          135.0
          55        100       2.449706          135.0
          55        100       2.451903          135.0
          55        100       2.459176          120.0
          55        100       2.462814          135.0
          55        100       2.469727          120.0
          55        100       2.472782          120.0
          55        100       2.473910          150.0
          55        100       2.480240          120.0
          55        100       2.489672          120.0
          55        100       2.492414          150.0
          55        100       2.499572          120.0
          55        100       2.683702          135.0
          55        100       2.809858          135.0
          55        100       2.812253          135.0
          55        100       2.813713          120.0
          55        100       2.815807          135.0
          55        100       2.818514          135.0
          55        100       2.820817          135.0
          55        100       2.837012          120.0
          55        100       2.839456          135.0
          55        100       2.842708          120.0
          55        100       2.852285          120.0
          55        100       2.863723          120.0
          55        100       2.907618          120.0
          55        100       2.924262          120.0
          55        100       2.948482          120.0
          55        100       2.959983          135.0
          60        105       0.410213          120.0
          60        105       0.416422          120.0
          60        105       0.477996          120.0
          60        105       0.509309          135.0
          60        105       0.543147          135.0
          60        105       0.566352          150.0
          60        105       0.598383          120.0
          60        105       0.606473          120.0
          60        105       0.616303          105.0
          60        105       0.624860          120.0
          60        105       0.624860          135.0
          60        105       0.635426          120.0
          60        105       0.644176          120.0
          60        105       0.645224          135.0
          60        105       0.654033          120.0
          60        105       0.655056          135.0
          60        105       0.656118          120.0
          60        105       0.663861          120.0
          60        105       0.665971          120.0
          60        105       0.683040          135.0
          60        105       0.684108          105.0
          60        105       0.702137          120.0
          60        105       0.732545          105.0
          60        105       0.740635          120.0
          60        105       0.765236          120.0
          60        105       0.778664          120.0
          60        105       0.786340          120.0
          60        105       0.787947          150.0
          60        105       0.789025          135.0
          60        105       0.797493          120.0
          60        105       0.801689          120.0
          60        105       0.809365          120.0
          60        105       0.840633          105.0
          60        105       0.851430          120.0
          60        105       0.866785           90.0
          60        105       0.894745          135.0
          60        105       0.896887          120.0
          60        105       0.905754          120.0
          60        105       0.905754          150.0
          60        105       0.912585          135.0
          60        105       0.916571          120.0
          60        105       0.937412          120.0
          60        105       0.955333          135.0
          60        105       0.971528          120.0
          60        105       0.986008          120.0
          60        105       0.993475          120.0
          60        105       0.996565          120.0
          60        105       0.998208          135.0
          60        105       1.010825          120.0
          60        105       1.055236          120.0
          60        105       1.097094          120.0
          60        105       1.102067          120.0
          60        105       1.107641          120.0
          60        105       1.114959          120.0
          60        105       1.117819          135.0
          60        105       1.121583          240.0
          60        105       1.136193          135.0
          60        105       1.174053          105.0
          60        105       1.174053          120.0
          60        105       1.200921          105.0
          60        105       1.218971          120.0
          60        105       1.229417          135.0
          60        105       1.241848          120.0
          60        105       1.282255          135.0
          60        105       1.341518          105.0
          60        105       1.358715          120.0
          60        105       1.370025          135.0
          60        105       1.371569          120.0
          60        105       1.384102          120.0
          60        105       1.384102          135.0
          60        105       1.409434          120.0
          60        105       1.417822          120.0
          60        105       1.451353          120.0
          60        105       1.452368          135.0
          60        105       1.458469          240.0
          60        105       1.468955          120.0
          60        105       1.484182          105.0
          60        105       1.559494          120.0
          60        105       1.567254          120.0
          60        105       1.568276          135.0
          60        105       1.602232          150.0
          60        105       1.603322          120.0
          60        105       1.616126          120.0
          60        105       1.635953          180.0
          60        105       1.650965          120.0
          60        105       1.652745          135.0
          60        105       1.656864          120.0
          60        105       1.669051          120.0
          60        105       1.674883          120.0
          60        105       1.742468          135.0
          60        105       1.743489          120.0
          60        105       1.748621          120.0
          60        105       1.756465          105.0
          60        105       1.756465          120.0
          60        105       1.782387          120.0
          60        105       1.803436          135.0
          60        105       1.814459          120.0
          60        105       1.819418          135.0
          60        105       1.820528          105.0
          60        105       1.839172          120.0
          60        105       1.840244          150.0
          60        105       1.896625          150.0
          60        105       1.899735          120.0
          60        105       1.902739          135.0
          60        105       1.905073          135.0
          60        105       1.919014          120.0
          60        105       1.920378          135.0
          60        105       2.074912          120.0
          60        105       2.102743          120.0
          60        105       2.113184          120.0
          60        105       2.133432          120.0
          60        105       2.138459          120.0
          60        105       2.140120          135.0
          60        105       2.143227          120.0
          60        105       2.144297          105.0
          60        105       2.145735          135.0
          60        105       2.148176          120.0
          60        105       2.153059          120.0
          60        105       2.169547          120.0
          60        105       2.172535          120.0
          60        105       2.173670          105.0
          60        105       2.181915          150.0
          60        105       2.181915          165.0
          60        105       2.186758          120.0
          60        105       2.191000          120.0
          60        105       2.199303          120.0
          60        105       2.210180          120.0
          60        105       2.234524          120.0
          60        105       2.235538          105.0
          60        105       2.247231          120.0
          60        105       2.249647          135.0
          60        105       2.268453          120.0
          60        105       2.288928          120.0
          60        105       2.295799          120.0
          60        105       2.315536          135.0
          60        105       2.329668          120.0
          60        105       2.343680          120.0
          60        105       2.346647           75.0
          60        105       2.498372          120.0
          60        105       2.515408          120.0
          60        105       2.534129          120.0
          60        105       2.534129          135.0
          60        105       2.651578          120.0
          60        105       2.666723          120.0
          60        105       2.674645          120.0
          60        105       2.830149          120.0
          60        105       2.837200          120.0
          60        105       2.844270          120.0
          60        105       2.865202          105.0
          60        105       2.911244          120.0
          60        105       2.916405          135.0
          60        105       2.924124          135.0
          60        105       2.925264          120.0
          60        105       2.931602          135.0
          60        105       2.940522          135.0
          60        105       2.946684          120.0
          60        105       2.954899          135.0
          60        105       2.963030          135.0
          60        105       2.964114          120.0
          60        105       2.971096          120.0
          60        105       2.989204          120.0
          60        105       2.997797          120.0
          60        105       2.997797          135.0
          65        110       0.144545          120.0
          65        110       1.171000          120.0
          65        110       1.177158          120.0
          65        110       1.185444          105.0
          65        110       1.201037          120.0
          65        110       1.208912          120.0
          65        110       1.279955          120.0
          65        110       1.298326          120.0
          65        110       1.309313          120.0
          65        110       1.316792          105.0
          65        110       1.322201          120.0
          65        110       1.352793          120.0
          65        110       1.354310          135.0
          65        110       1.377625          120.0
          65        110       1.388702          105.0
          65        110       1.427803          120.0
          65        110       1.691404          120.0
          65        110       1.707471          120.0
          65        110       1.717018          120.0
          65        110       1.722928          105.0
          65        110       1.722928          120.0
          65        110       1.730770          120.0
          65        110       1.746084          120.0
          65        110       1.786778          120.0
          65        110       1.787874          135.0
          65        110       1.789088          120.0
          65        110       1.793241          135.0
          65        110       1.802490          120.0
          65        110       1.823631          120.0
          65        110       1.824913          135.0
          65        110       1.828385          120.0
          65        110       1.833900          120.0
          65        110       1.934246          120.0
          65        110       1.949789          120.0
          65        110       1.988873          120.0
          65        110       2.011771          120.0
          65        110       2.013503          105.0
          65        110       2.019584          120.0
          65        110       2.031051          120.0
          65        110       2.031051          135.0
          65        110       2.033194          105.0
          65        110       2.035283          120.0
          65        110       2.038778          120.0
          65        110       2.051135          120.0
          65        110       2.071399          120.0
          65        110       2.118635          120.0
          65        110       2.131625          120.0
          65        110       2.183197          120.0
          65        110       2.190692          120.0
          65        110       2.198051          120.0
          65        110       2.334916          120.0
          65        110       2.342633          120.0
          65        110       2.348133          120.0
          65        110       2.355080          120.0
          65        110       2.369344          120.0
          65        110       2.421635          120.0
          65        110       2.424994          120.0
          65        110       2.426081          105.0
          65        110       2.427188          120.0
          65        110       2.431373          120.0
          65        110       2.433950          120.0
          65        110       2.435042          135.0
          65        110       2.440779          120.0
          65        110       2.448783          120.0
          65        110       2.461131          120.0
          65        110       2.467111          120.0
          65        110       2.468178          105.0
          65        110       2.482325          120.0
          65        110       2.490407          120.0
          65        110       2.503117           90.0
          65        110       2.603932          120.0
          65        110       2.612458          120.0
          65        110       2.614485          120.0
          65        110       2.669815          135.0
          65        110       2.767271          120.0
          65        110       2.769753          105.0
          65        110       2.785672          120.0
          65        110       2.792879          120.0
          65        110       2.869174          120.0
          65        110       2.896700          120.0
          65        110       2.922180          120.0
          65        110       2.931463          120.0
          65        110       2.938581          105.0
          70        115       0.367823          105.0
          70        115       0.368877          120.0
          70        115       0.369948          105.0
          70        115       0.371014          120.0
          70        115       0.374502          120.0
          70        115       0.381507          105.0
          70        115       0.382826          120.0
          70        115       0.383950          105.0
          70        115       0.390835          105.0
          70        115       0.391896          120.0
          70        115       0.409205          120.0
          70        115       0.416104          105.0
          70        115       0.417139          120.0
          70        115       0.422882          105.0
          70        115       0.429598          105.0
          70        115       0.431735          135.0
          70        115       0.436279          120.0
          70        115       0.443954          120.0
          70        115       0.449682          120.0
          70        115       0.463354          105.0
          70        115       0.470541          120.0
          70        115       0.554405          105.0
          70        115       0.586438          105.0
          70        115       0.601854          120.0
          70        115       0.631459          120.0
          70        115       0.633971          105.0
          70        115       0.663149          120.0
          70        115       0.703731          105.0
          70        115       0.740342          120.0
          70        115       0.741548          135.0
          70        115       0.747881          120.0
          70        115       0.756110          105.0
          70        115       0.764014          120.0
          70        115       0.772127          120.0
          70        115       0.783580          120.0
          70        115       0.790315          105.0
          70        115       0.812688          120.0
          70        115       0.837446          105.0
          70        115       0.845819          120.0
          70        115       0.846882          135.0
          70        115       0.857600          105.0
          70        115       0.871333          105.0
          70        115       0.888955          120.0
          70        115       0.896123          120.0
          70        115       0.904213          120.0
          70        115       0.935840          105.0
          70        115       0.951860          105.0
          70        115       0.953986          120.0
          70        115       0.966416          120.0
          70        115       0.970096          105.0
          70        115       0.976662          120.0
          70        115       1.131585          105.0
          70        115       1.140024          120.0
          70        115       1.149942          120.0
          70        115       1.157447          120.0
          70        115       1.248022          135.0
          70        115       1.261102          120.0
          70        115       1.265861          120.0
          70        115       1.266999          105.0
          70        115       1.274790          105.0
          70        115       1.274790          120.0
          70        115       1.414026          105.0
          70        115       1.414026          120.0
          70        115       1.423034          105.0
          70        115       1.432112          105.0
          70        115       1.441422          105.0
          70        115       1.444182          120.0
          70        115       1.447793           90.0
          70        115       1.450741          105.0
          70        115       1.517432          105.0
          70        115       1.527131          120.0
          70        115       1.538257          105.0
          70        115       1.549100          105.0
          70        115       1.555721          105.0
          70        115       1.565478          120.0
          70        115       1.566508          105.0
          70        115       1.656647          105.0
          70        115       2.033315          120.0
          70        115       2.052004          105.0
          70        115       2.062221          105.0
          70        115       2.062221          120.0
          70        115       2.082042          105.0
          70        115       2.146260          120.0
          70        115       2.149149          135.0
          70        115       2.232475          120.0
          70        115       2.241180          120.0
          70        115       2.258778          120.0
          70        115       2.352382          105.0
          70        115       2.361897          105.0
          70        115       2.381153          105.0
          70        115       2.497979          105.0
          70        115       2.516471          105.0
          70        115       2.535342          120.0
          70        115       2.604981          105.0
          70        115       2.622432          105.0
          70        115       2.640526          105.0
          70        115       2.640526          120.0
          70        115       2.819007          105.0
          70        115       2.820037          120.0
          70        115       2.828186          120.0
          70        115       2.837537          120.0
          70        115       2.856584          120.0
          70        115       2.926750          120.0
          70        115       2.958463          120.0
          70        115       2.968248          120.0
          70        115       2.980731          150.0
          75        120       0.202439          120.0
          75        120       0.258604          120.0
          75        120       0.270053          105.0
          75        120       0.285202          105.0
          75        120       0.289495          105.0
          75        120       0.297233          105.0
          75        120       0.304887          105.0
          75        120       0.320694          105.0
          75        120       0.328233          120.0
          75        120       0.343463          120.0
          75        120       0.374455          120.0
          75        120       0.408746          120.0
          75        120       0.413529          120.0
          75        120       0.422671          105.0
          75        120       0.438231          105.0
          75        120       0.439256          120.0
          75        120       0.446301          105.0
          75        120       0.447799          120.0
          75        120       0.454811          105.0
          75        120       0.471858          105.0
          75        120       0.485627          120.0
          75        120       0.565512          105.0
          75        120       0.571813          105.0
          75        120       0.579852          105.0
          75        120       0.711721          105.0
          75        120       0.719346          105.0
          75        120       0.726983          105.0
          75        120       0.734667          105.0
          75        120       0.750342          105.0
          75        120       0.774344          105.0
          75        120       0.782491          105.0
          75        120       0.790702          105.0
          75        120       0.888168          105.0
          75        120       0.976233          105.0
          75        120       1.074584          120.0
          75        120       1.156909          105.0
          75        120       1.177453          105.0
          75        120       1.179944          105.0
          75        120       1.189225          105.0
          75        120       1.198573          105.0
          75        120       1.200788          105.0
          75        120       1.208049          120.0
          75        120       1.219959          120.0
          75        120       1.286747          105.0
          75        120       1.286747          120.0
          75        120       1.378186          105.0
          75        120       1.387145          105.0
          75        120       1.396219          105.0
          75        120       1.400818          120.0
          75        120       1.403012          120.0
          75        120       1.405327          105.0
          75        120       1.414532          120.0
          75        120       1.419600          120.0
          75        120       1.577987          105.0
          75        120       1.603940          105.0
          75        120       1.726507          105.0
          75        120       1.735989          105.0
          75        120       1.745586          105.0
          75        120       1.775583          105.0
          75        120       1.812592          120.0
          75        120       1.820385          105.0
          75        120       1.893086          105.0
          75        120       1.902596          120.0
          75        120       2.072382          105.0
          75        120       2.106928          105.0
          75        120       2.144240           60.0
          75        120       2.149157          105.0
          75        120       2.230553          105.0
          75        120       2.231576          120.0
          75        120       2.233721          105.0
          75        120       2.238700          105.0
          75        120       2.256360          105.0
          75        120       2.256360          120.0
          75        120       2.282666          120.0
          75        120       2.353339          105.0
          75        120       2.432788          105.0
          75        120       2.445850          105.0
          75        120       2.453010          105.0
          75        120       2.455490          120.0
          75        120       2.463444          105.0
          75        120       2.519967          120.0
          75        120       2.534856          105.0
          80        125       0.009494          120.0
          80        125       0.015918          105.0
          80        125       0.047741          165.0
          80        125       0.480464          105.0
          80        125       0.488096          120.0
          80        125       0.504713          105.0
          80        125       0.507042          105.0
          80        125       0.512711          105.0
          80        125       0.514842          105.0
          80        125       0.540007          105.0
          80        125       0.564508           90.0
          80        125       0.573477          105.0
          80        125       0.645424          105.0
          80        125       0.739211          105.0
          80        125       0.760249          105.0
          80        125       0.766897          105.0
          80        125       0.773655          105.0
          80        125       0.775098          120.0
          80        125       0.781749          105.0
          80        125       0.787358          105.0
          80        125       0.821174          105.0
          80        125       0.841650          150.0
          80        125       0.843081          105.0
          80        125       0.850635          105.0
          80        125       0.853413          105.0
          80        125       0.858382          105.0
          80        125       0.861139          105.0
          80        125       0.866372           90.0
          80        125       0.866372          105.0
          80        125       0.882848          105.0
          80        125       0.883912          120.0
          80        125       0.884967          105.0
          80        125       0.899782          120.0
          80        125       1.040852          105.0
          80        125       1.057187           90.0
          80        125       1.094347           90.0
          80        125       1.254290          105.0
          80        125       1.257765           90.0
          80        125       1.276071           90.0
          80        125       1.296223           90.0
          80        125       1.367710          105.0
          80        125       1.373710          105.0
          80        125       1.376061          105.0
          80        125       1.430286          105.0
          80        125       1.449137          105.0
          80        125       1.558874          105.0
          80        125       1.612217          105.0
          80        125       1.621401          105.0
          80        125       1.639600          105.0
          80        125       1.657485          105.0
          80        125       1.672328            0.0
          80        125       1.682129           90.0
          80        125       1.683233          105.0
          80        125       1.706948          105.0
          80        125       1.706948          345.0
          80        125       1.808600          105.0
          80        125       1.821883           90.0
          80        125       1.824660           90.0
          80        125       1.829176          105.0
          80        125       1.844288          105.0
          80        125       1.851854          105.0
          80        125       1.861897          255.0
          80        125       1.867303          105.0
          80        125       1.874809          105.0
          80        125       1.879592          105.0
          80        125       1.936878          105.0
          80        125       1.942624          105.0
          80        125       1.949299          105.0
          80        125       1.958235          105.0
          80        125       1.963924          105.0
          80        125       1.965575           60.0
          80        125       2.025247           90.0
          80        125       2.025247          105.0
          80        125       2.052737          105.0
          80        125       2.077922          105.0
          80        125       2.087022          105.0
          80        125       2.096816           90.0
          80        125       2.097918          105.0
          80        125       2.158417          105.0
          80        125       2.234914           90.0
          80        125       2.250075          105.0
          80        125       2.258561          105.0
          80        125       2.259633          120.0
          80        125       2.284676          105.0
          80        125       2.318798          315.0
          80        125       2.368162          120.0
          80        125       2.384342          105.0
          80        125       2.390717          105.0
          80        125       2.413008           90.0
          80        125       2.416545          105.0
          80        125       2.490648           90.0
          80        125       2.492661          105.0
          80        125       2.498504          105.0
          80        125       2.509561          120.0
          80        125       2.516086           90.0
          80        125       2.516086          105.0
          80        125       2.552875          105.0
          80        125       2.578317          105.0
          80        125       2.604706          105.0
          80        125       2.630503          105.0
          80        125       2.639514          105.0
          80        125       2.642147          105.0
          80        125       2.643301           90.0
          80        125       2.648249          105.0
          80        125       2.650860          105.0
          80        125       2.656997          105.0
          80        125       2.659563          105.0
          80        125       2.665805          105.0
          80        125       2.668334          120.0
          80        125       2.674647          105.0
          80        125       2.714678          105.0
          85        130       0.109605           90.0
          85        130       0.119071          105.0
          85        130       0.240594          105.0
          85        130       0.250223           90.0
          85        130       0.250223          105.0
          85        130       0.252278           90.0
          85        130       0.252278          105.0
          85        130       0.259680          105.0
          85        130       0.261719           90.0
          85        130       0.262782          105.0
          85        130       0.269143          105.0
          85        130       0.271449           90.0
          85        130       0.272522          105.0
          85        130       0.273535           90.0
          85        130       0.278639          105.0
          85        130       0.288164          105.0
          85        130       0.290504          105.0
          85        130       0.291504           90.0
          85        130       0.292565          105.0
          85        130       0.297777           90.0
          85        130       0.298911          270.0
          85        130       0.326420          105.0
          85        130       0.328727           90.0
          85        130       0.337149          105.0
          85        130       0.338176           90.0
          85        130       0.345514          105.0
          85        130       0.363676          105.0
          85        130       0.372676           90.0
          85        130       0.374993           90.0
          85        130       0.478964          105.0
          85        130       0.486641          105.0
          85        130       0.488635          120.0
          85        130       0.491418           90.0
          85        130       0.495125          105.0
          85        130       0.498532          105.0
          85        130       0.503374          105.0
          85        130       0.511766           90.0
          85        130       0.523323          105.0
          85        130       0.528747           90.0
          85        130       0.528747          105.0
          85        130       0.533149          105.0
          85        130       0.538665           90.0
          85        130       0.543159          105.0
          85        130       0.563433           90.0
          85        130       0.586616          105.0
          85        130       0.709135          105.0
          85        130       0.716403          105.0
          85        130       0.745874          105.0
          85        130       0.814778           90.0
          85        130       0.821235           90.0
          85        130       0.827695           90.0
          85        130       0.834192           90.0
          85        130       0.838485          120.0
          85        130       0.838485          135.0
          85        130       0.838485          150.0
          85        130       0.847084          105.0
          85        130       0.848330          120.0
          85        130       0.853198          105.0
          85        130       0.859183           90.0
          85        130       0.865379           90.0
          85        130       0.877680          105.0
          85        130       0.879000           90.0
          85        130       0.883781           90.0
          85        130       0.889711           90.0
          85        130       0.892109           90.0
          85        130       0.893190          120.0
          85        130       0.895676           90.0
          85        130       1.578301           90.0
          85        130       1.579432          105.0
          85        130       1.580803          120.0
          85        130       1.599538          105.0
          85        130       1.602967          105.0
          85        130       1.676012          285.0
          85        130       1.680145          105.0
          85        130       1.689164          105.0
          85        130       1.698246          105.0
          85        130       1.716448          105.0
          85        130       1.725584          105.0
          85        130       1.734961           90.0
          85        130       1.744133           90.0
          85        130       1.794819          165.0
          85        130       1.881667          105.0
          85        130       1.897901          105.0
          85        130       1.932573          105.0
          85        130       1.982586          105.0
          85        130       1.997557           75.0
          85        130       2.074315          120.0
          85        130       2.103364           90.0
          85        130       2.110939           30.0
          85        130       2.110939           60.0
          85        130       2.135504           90.0
          85        130       2.142913          105.0
          85        130       2.151436          105.0
          85        130       2.155668           90.0
          85        130       2.163219           90.0
          85        130       2.172807          105.0
          85        130       2.174183           90.0
          85        130       2.187844          105.0
          85        130       2.194868          105.0
          85        130       2.214469          105.0
          85        130       2.226607          135.0
          85        130       2.425496           90.0
          85        130       2.469472           90.0
          85        130       2.470901          105.0
          85        130       2.476526          105.0
          85        130       2.483219           90.0
          85        130       2.512764          120.0
          85        130       2.779500           90.0
          85        130       2.779500          105.0
          85        130       2.793930          105.0
          85        130       2.794993           90.0
          85        130       2.798229          105.0
          85        130       2.827284          105.0
          85        130       2.882290           90.0
          85        130       2.890086           90.0
          85        130       2.891206          105.0
          85        130       2.927733          105.0
          85        130       2.965647          105.0
          90        135       0.056047           90.0
          90        135       0.145015           90.0
          90        135       0.146745          105.0
          90        135       0.153106           90.0
          90        135       0.197918           90.0
          90        135       0.207043           90.0
          90        135       0.254890           90.0
          90        135       0.343183           90.0
          90        135       0.436336           90.0
          90        135       0.445222          270.0
          90        135       0.447329           90.0
          90        135       0.574214          105.0
          90        135       0.585121           90.0
          90        135       0.586296          105.0
          90        135       0.593551           90.0
          90        135       0.594713           75.0
          90        135       0.595852           90.0
          90        135       0.605102          105.0
          90        135       0.607315          105.0
          90        135       0.614738           90.0
          90        135       0.627086           90.0
          90        135       0.628546          105.0
          90        135       0.644750           90.0
          90        135       0.652454           90.0
          90        135       0.661797           90.0
          90        135       0.681538          105.0
          90        135       0.684295          120.0
          90        135       0.700878          105.0
          90        135       0.710473           90.0
          90        135       0.720198          105.0
          90        135       0.846395           90.0
          90        135       0.847442          105.0
          90        135       0.874051           90.0
          90        135       0.885008           90.0
          90        135       0.902047           90.0
          90        135       0.908725           60.0
          90        135       0.911262           90.0
          90        135       0.913797           90.0
          90        135       0.921040           90.0
          90        135       0.922159           75.0
          90        135       0.924801           90.0
          90        135       0.931879           90.0
          90        135       0.937145           30.0
          90        135       0.941483          105.0
          90        135       0.944161          105.0
          90        135       0.951781           90.0
          90        135       0.969230           90.0
          90        135       0.976032           90.0
          90        135       0.977204           30.0
          90        135       0.978647          105.0
          90        135       0.980926           75.0
          90        135       0.984272           45.0
          90        135       0.988254           90.0
          90        135       0.997879           90.0
          90        135       1.000165           90.0
          90        135       1.007571          105.0
          90        135       1.127246          105.0
          90        135       1.155583           90.0
          90        135       1.165277           90.0
          90        135       1.166456           75.0
          90        135       1.169821          120.0
          90        135       1.174890           90.0
          90        135       1.184570           90.0
          90        135       1.194246           90.0
          90        135       1.204004           90.0
          90        135       1.205106          105.0
          90        135       1.214881          105.0
          90        135       1.233453           90.0
          90        135       1.236868           60.0
          90        135       1.281383           90.0
          90        135       1.373023           90.0
          90        135       1.392031           90.0
          90        135       1.410774           90.0
          90        135       1.415387           90.0
          90        135       1.431898           90.0
          90        135       1.457852           90.0
          90        135       1.477575          105.0
          90        135       1.483359           90.0
          90        135       1.485770          105.0
          90        135       1.488876           90.0
          90        135       1.505251           90.0
          90        135       1.530574           90.0
          90        135       1.532659          105.0
          90        135       1.533764           75.0
          90        135       1.634641          105.0
          90        135       1.639149          105.0
          90        135       1.644472           90.0
          90        135       1.654083           90.0
          90        135       1.856285           90.0
          90        135       1.863476           90.0
          90        135       1.877963          105.0
          90        135       1.944047           90.0
          90        135       1.949149           90.0
          90        135       1.964502          105.0
          90        135       1.976937           90.0
          90        135       1.983379           90.0
          90        135       2.046613           90.0
          90        135       2.048071          105.0
          90        135       2.070864           90.0
          90        135       2.090038          105.0
          90        135       2.104383           90.0
          90        135       2.122793           90.0
          90        135       2.131394           90.0
          90        135       2.199391           90.0
          90        135       2.242750           90.0
          90        135       2.337813          105.0
          90        135       2.377569          105.0
          90        135       2.397789           90.0
          90        135       2.406305           90.0
          90        135       2.413688          105.0
          90        135       2.416051          105.0
          90        135       2.420536           90.0
          90        135       2.445500          105.0
          90        135       2.643516           90.0
          90        135       2.726192           90.0
          90        135       2.734598           90.0
          90        135       2.742649          105.0
          90        135       2.743750           90.0
          90        135       2.745737          105.0
          90        135       2.752730           90.0
          90        135       2.764633           90.0
          90        135       2.777395           90.0
          90        135       2.778479          105.0
          90        135       2.782535           90.0
          90        135       2.986461           90.0
          95        140       0.067715           90.0
          95        140       0.072648           90.0
          95        140       0.083231           90.0
          95        140       0.114575          105.0
          95        140       0.156559           90.0
          95        140       0.159606           90.0
          95        140       0.187980           90.0
          95        140       0.192471          300.0
          95        140       0.207094           90.0
          95        140       0.216340           90.0
          95        140       0.225547           90.0
          95        140       0.234626           90.0
          95        140       0.245028           90.0
          95        140       0.246444          105.0
          95        140       0.372000           90.0
          95        140       0.381109           90.0
          95        140       0.390981           90.0
          95        140       0.400183           90.0
          95        140       0.419074           90.0
          95        140       0.423464          105.0
          95        140       0.428519           90.0
          95        140       0.437961           90.0
          95        140       0.439039          105.0
          95        140       0.442387           90.0
          95        140       0.447582           90.0
          95        140       0.548836           90.0
          95        140       0.551266           90.0
          95        140       0.552352           75.0
          95        140       0.558390           90.0
          95        140       0.566320           90.0
          95        140       0.575832           90.0
          95        140       0.603715           90.0
          95        140       0.988031           90.0
          95        140       1.000230           90.0
          95        140       1.003852           90.0
          95        140       1.009789           90.0
          95        140       1.018387           90.0
          95        140       1.024086           90.0
          95        140       1.029508           90.0
          95        140       1.158122           90.0
          95        140       1.163215           90.0
          95        140       1.173121           90.0
          95        140       1.180032           90.0
          95        140       1.184633           90.0
          95        140       1.195195           90.0
          95        140       1.321336           90.0
          95        140       1.325270           90.0
          95        140       1.331176           90.0
          95        140       1.514145           90.0
          95        140       1.521453           90.0
          95        140       1.534480           90.0
          95        140       1.540816           90.0
          95        140       1.550512           90.0
          95        140       1.560122           90.0
          95        140       1.806114           90.0
          95        140       1.811496           90.0
          95        140       1.821195           90.0
          95        140       1.822434          270.0
          95        140       1.823713           75.0
          95        140       1.930418           90.0
          95        140       1.934868           90.0
          95        140       1.939933           90.0
          95        140       1.949512           90.0
          95        140       1.951194           75.0
          95        140       1.959148           90.0
          95        140       1.961745           75.0
          95        140       1.968836           90.0
          95        140       1.978519           90.0
          95        140       2.200160           90.0
          95        140       2.201477          105.0
          95        140       2.202508           90.0
          95        140       2.217039           90.0
          95        140       2.283637           90.0
          95        140       2.331278           75.0
          95        140       2.334449           90.0
          95        140       2.336231          105.0
          95        140       2.352914           90.0
          95        140       2.361020          120.0
          95        140       2.366910           90.0
          95        140       2.377764           75.0
          95        140       2.429020           90.0
          95        140       2.430897          105.0
          95        140       2.439301           90.0
          95        140       2.441424          105.0
          95        140       2.449458           90.0
          95        140       2.451558           90.0
          95        140       2.459583           90.0
          95        140       2.469715           90.0
          95        140       2.479852           90.0
          95        140       2.480985           75.0
          95        140       2.490063           90.0
          95        140       2.492234           90.0
          95        140       2.500269           90.0
          95        140       2.648082           90.0
          95        140       2.650790           90.0
          95        140       2.657574           90.0
          95        140       2.664429           90.0
          95        140       2.666734           90.0
          95        140       2.682933           90.0
          95        140       2.685862          105.0
          95        140       2.695200           90.0
          95        140       2.703754           90.0
          95        140       2.714715           90.0
          95        140       2.717118          105.0
          95        140       2.724643          105.0
          95        140       2.767926           90.0
          95        140       2.827762           90.0
         100        145       0.773695           90.0
         100        145       0.780821           90.0
         100        145       0.781909           75.0
         100        145       0.785813          120.0
         100        145       0.790336           90.0
         100        145       0.850739           75.0
         100        145       0.865879           90.0
         100        145       0.893578           90.0
         100        145       0.941352           75.0
         100        145       1.098262           90.0
         100        145       1.100411           90.0
         100        145       1.124734           90.0
         100        145       1.134015           90.0
         100        145       1.239777           90.0
         100        145       1.241227           75.0
         100        145       1.248969           90.0
         100        145       1.251578           90.0
         100        145       1.253793           90.0
         100        145       1.256145           90.0
         100        145       1.260765           90.0
         100        145       1.274523           90.0
         100        145       1.281383           90.0
         100        145       1.283665           90.0
         100        145       1.288246           90.0
         100        145       1.290395          270.0
         100        145       1.343879           90.0
         100        145       1.384367           90.0
         100        145       1.414917          105.0
         100        145       1.423684           75.0
         100        145       1.509833           90.0
         100        145       1.521126           90.0
         100        145       1.535484          270.0
         100        145       1.613668           90.0
         100        145       1.765102           90.0
         100        145       1.774653           90.0
         100        145       2.058778           90.0
         100        145       2.059882           75.0
         100        145       2.191793           90.0
         100        145       2.202176           90.0
         100        145       2.203526           75.0
         100        145       2.204571           90.0
         100        145       2.210991           75.0
         100        145       2.212023           90.0
         100        145       2.230196           90.0
         100        145       2.239621           90.0
         100        145       2.248282           90.0
         100        145       2.437960          105.0
         100        145       2.469993           90.0
         100        145       2.490918           90.0
         100        145       2.543126           90.0
         100        145       2.561769           90.0
         100        145       2.600828           90.0
         100        145       2.620461           90.0
         100        145       2.675258           90.0
         100        145       2.714106           90.0
         100        145       2.734102           90.0
         100        145       2.756708           90.0
         100        145       2.780997           90.0
         100        145       2.802583           90.0
         100        145       2.985121           90.0
         105        150       0.019902           90.0
         105        150       0.023231           90.0
         105        150       0.044480           90.0
         105        150       0.346915           90.0
         105        150       0.360713           75.0
         105        150       0.366633           75.0
         105        150       0.369698           75.0
         105        150       0.373027           90.0
         105        150       0.379016           90.0
         105        150       0.385170           75.0
         105        150       0.393128           75.0
         105        150       0.398078           90.0
         105        150       0.410351           90.0
         105        150       0.417484           90.0
         105        150       0.424022           75.0
         105        150       0.432535           90.0
         105        150       0.438387           90.0
         105        150       0.446612           75.0
         105        150       0.459583           90.0
         105        150       0.490285           90.0
         105        150       0.501655           75.0
         105        150       0.518016            0.0
         105        150       0.559328           90.0
         105        150       0.616743           90.0
         105        150       0.727487           75.0
         105        150       0.888883           90.0
         105        150       0.894514           75.0
         105        150       0.898062           90.0
         105        150       0.907328           90.0
         105        150       0.909991           75.0
         105        150       0.916492           90.0
         105        150       0.917842           75.0
         105        150       0.937459           75.0
         105        150       0.954565           75.0
         105        150       0.990645           75.0
         105        150       0.999467           75.0
         105        150       1.000524           90.0
         105        150       1.008438           90.0
         105        150       1.018647          285.0
         105        150       1.019696          270.0
         105        150       1.026297           90.0
         105        150       1.027354           75.0
         105        150       1.035070           90.0
         105        150       1.043824           90.0
         105        150       1.046260           60.0
         105        150       1.052457           75.0
         105        150       1.054868           90.0
         105        150       1.061030           75.0
         105        150       1.062420           60.0
         105        150       1.063428           75.0
         105        150       1.078219           90.0
         105        150       1.086840           90.0
         105        150       1.089022           75.0
         105        150       1.148860           90.0
         105        150       1.150245           75.0
         105        150       1.157915           90.0
         105        150       1.159254           75.0
         105        150       1.186516           90.0
         105        150       1.194165           90.0
         105        150       1.203182           75.0
         105        150       1.221305           90.0
         105        150       1.222997           75.0
         105        150       1.257586           90.0
         105        150       1.266772           75.0
         105        150       1.275956           75.0
         105        150       1.285163           75.0
         105        150       1.294485           90.0
         105        150       1.313043           90.0
         105        150       1.331135          300.0
         105        150       1.558922           90.0
         105        150       1.568238           90.0
         105        150       1.577653           90.0
         105        150       1.633663           75.0
         105        150       1.644648           90.0
         105        150       2.389153           90.0
         105        150       2.393625           90.0
         105        150       2.413930           75.0
         105        150       2.415411           90.0
         105        150       2.422090           90.0
         105        150       2.423481          270.0
         105        150       2.431554           90.0
         105        150       2.438137           75.0
         105        150       2.440848           75.0
         105        150       2.446348           90.0
         105        150       2.454637           90.0
         105        150       2.455727           75.0
         105        150       2.466760           75.0
         105        150       2.490208          270.0
         105        150       2.555985           90.0
         105        150       2.631676           90.0
         105        150       2.641125           90.0
         105        150       2.642309          270.0
         105        150       2.650739           90.0
         105        150       2.651827           75.0
         105        150       2.653887           90.0
         105        150       2.657381           75.0
         105        150       2.660356           90.0
         105        150       2.661432           75.0
         105        150       2.679700           90.0
         105        150       2.683372           75.0
         105        150       2.708797          270.0
         105        150       2.779054           90.0
         105        150       2.781061           75.0
         105        150       2.806137           90.0
         110        155       0.006266           75.0
         110        155       0.015996           90.0
         110        155       0.151329           90.0
         110        155       0.169983           75.0
         110        155       0.264918           90.0
         110        155       0.265993           60.0
         110        155       0.272581           75.0
         110        155       0.283973           75.0
         110        155       0.283973           90.0
         110        155       0.291508           90.0
         110        155       0.404872           90.0
         110        155       0.423102           90.0
         110        155       0.503633           90.0
         110        155       0.664262           75.0
         110        155       0.711721           75.0
         110        155       0.713053           60.0
         110        155       0.721278           75.0
         110        155       0.732089           75.0
         110        155       0.740358           75.0
         110        155       0.805704           90.0
         110        155       0.808254           75.0
         110        155       0.814855           90.0
         110        155       0.819516           75.0
         110        155       0.824159           75.0
         110        155       0.838844           75.0
         110        155       0.839943           60.0
         110        155       0.842663           75.0
         110        155       1.075831           75.0
         110        155       1.085922           90.0
         110        155       1.235764           75.0
         110        155       1.313508           75.0
         110        155       1.332154           60.0
         110        155       1.418998           60.0
         110        155       1.427659           75.0
         110        155       1.437265           90.0
         110        155       1.727821           75.0
         110        155       1.751217           75.0
         110        155       1.761131           75.0
         110        155       1.762157           90.0
         110        155       1.766335           75.0
         110        155       1.779252           75.0
         110        155       1.839467           75.0
         110        155       1.875325           90.0
         110        155       1.907790           90.0
         110        155       1.942915           75.0
         110        155       1.947344           75.0
         110        155       1.989799           75.0
         110        155       2.579895           90.0
         110        155       2.600848           75.0
         110        155       2.618696           90.0
         110        155       2.628542           75.0
         110        155       2.726563           75.0
         110        155       2.728004           90.0
         110        155       2.736364           75.0
         110        155       2.746088           75.0
         110        155       2.755683           90.0
         110        155       2.786145           60.0
         110        155       2.793876           90.0
         110        155       2.812605           90.0
         110        155       2.832645           75.0
         110        155       2.842075           75.0
         110        155       2.846830          150.0
         110        155       2.851721           30.0
         110        155       2.944887           75.0
         110        155       2.954801           75.0
         110        155       2.956406           90.0
         110        155       2.973964           75.0
         110        155       2.984289           75.0
         110        155       2.998497           90.0
         115        160       0.437911           75.0
         115        160       0.455254           75.0
         115        160       0.463770           75.0
         115        160       0.474116           75.0
         115        160       0.475373           60.0
         115        160       0.526143           75.0
         115        160       0.605637           90.0
         115        160       0.606719           60.0
         115        160       0.818784           75.0
         115        160       0.826628           75.0
         115        160       0.834430           75.0
         115        160       0.842260           75.0
         115        160       0.850073           75.0
         115        160       0.852754           75.0
         115        160       0.857921           75.0
         115        160       0.860547           75.0
         115        160       0.862889           60.0
         115        160       0.900387           75.0
         115        160       0.901444           60.0
         115        160       0.908135           75.0
         115        160       0.909186           60.0
         115        160       0.910271           45.0
         115        160       0.911336           75.0
         115        160       0.913753           45.0
         115        160       0.916915           60.0
         115        160       0.919067           60.0
         115        160       0.920526           45.0
         115        160       0.921538           75.0
         115        160       0.925736           60.0
         115        160       0.926823           75.0
         115        160       0.933529           60.0
         115        160       0.939303           75.0
         115        160       0.941357           60.0
         115        160       0.949158           60.0
         115        160       0.955904           60.0
         115        160       0.956970           45.0
         115        160       0.962592           75.0
         115        160       0.971303           60.0
         115        160       0.980451           60.0
         115        160       0.988020           75.0
         115        160       0.995586           75.0
         115        160       1.000542           75.0
         115        160       1.001618           60.0
         115        160       1.009785          270.0
         115        160       1.157377           75.0
         115        160       1.177692           75.0
         115        160       1.187157           75.0
         115        160       1.197211           75.0
         115        160       1.282879           75.0
         115        160       1.293796           75.0
         115        160       2.085626           90.0
         115        160       2.094319           75.0
         115        160       2.101942           75.0
         115        160       2.103145           90.0
         115        160       2.114367           90.0
         115        160       2.120926           90.0
         115        160       2.144518           75.0
         115        160       2.162270           75.0
         115        160       2.171161           75.0
         115        160       2.370780           75.0
         115        160       2.380524           75.0
         115        160       2.390477           75.0
         115        160       2.961649           75.0
         115        160       2.964502           75.0
         115        160       2.970565           75.0
         115        160       2.979418           60.0
         115        160       2.991260           75.0
         115        160       2.999192           75.0
         120        165       0.373670           60.0
         120        165       0.520197           60.0
         120        165       0.529166           60.0
         120        165       0.536833           60.0
         120        165       0.542196           75.0
         120        165       0.545329           60.0
         120        165       0.549737           75.0
         120        165       0.550752           60.0
         120        165       0.558369           60.0
         120        165       0.564686           60.0
         120        165       0.572811           60.0
         120        165       0.581549           60.0
         120        165       0.588029           60.0
         120        165       0.589343           45.0
         120        165       0.596190           60.0
         120        165       0.796422           60.0
         120        165       0.805993           75.0
         120        165       0.831663           45.0
         120        165       1.825643           75.0
         120        165       1.833733           75.0
         120        165       2.229334           60.0
         120        165       2.237639           75.0
         120        165       2.240227           90.0
         120        165       2.248401           75.0
         120        165       2.249622           60.0
         120        165       2.271163           75.0
         120        165       2.280697           60.0
         120        165       2.328717           75.0
         120        165       2.375141           60.0
         120        165       2.579256           60.0
         120        165       2.798045           60.0
         120        165       2.817262           45.0
         120        165       2.826897           75.0
         120        165       2.849206           75.0
         120        165       2.860266           75.0
         120        165       2.863111           60.0
         120        165       2.864635           75.0
         120        165       2.871264           60.0
         120        165       2.874096           60.0
         120        165       2.895749           75.0
         120        165       2.916788           75.0
         120        165       2.917850           60.0
         120        165       2.928151           75.0
         120        165       2.929193           60.0
         120        165       2.962752           60.0
         125        170       0.071786           75.0
         125        170       2.049072           60.0
         125        170       2.063189           60.0
         125        170       2.068576           60.0
         125        170       2.069665           75.0
         125        170       2.077586           60.0
         125        170       2.102186           60.0
         125        170       2.108662           60.0
         125        170       2.114030           75.0
         125        170       2.115123           60.0
         125        170       2.122956           75.0
         125        170       2.127243           75.0
         125        170       2.133662           60.0
         125        170       2.142858           75.0
         125        170       2.147862           75.0
         125        170       2.149279           60.0
         125        170       2.154292           75.0
         125        170       2.171920           60.0
         125        170       2.179526           60.0
         125        170       2.180889           75.0
         125        170       2.182980           90.0
         125        170       2.186068           60.0
         125        170       2.193971           75.0
         125        170       2.195143          285.0
         125        170       2.207010           60.0
         125        170       2.213483           75.0
         125        170       2.218606           60.0
         125        170       2.225110           60.0
         125        170       2.230525           60.0
         125        170       2.232963           60.0
         125        170       2.239467           60.0
         125        170       2.244647           45.0
         125        170       2.260114           75.0
         125        170       2.262629           60.0
         125        170       2.263706           75.0
         125        170       2.270346           75.0
         125        170       2.282807           75.0
         125        170       2.302744           60.0
         125        170       2.320872          285.0
         125        170       2.333239          285.0
         125        170       2.338865           60.0
         125        170       2.344670           60.0
         125        170       2.350532           75.0
         125        170       2.351576           60.0
         125        170       2.360701           60.0
         125        170       2.380145           60.0
         125        170       2.403567           60.0
         125        170       2.408786           45.0
         125        170       2.408786           60.0
         125        170       2.442951           60.0
         125        170       2.450801           75.0
         125        170       2.488678           60.0
         125        170       2.794600           60.0
         125        170       2.800873           60.0
         125        170       2.808940           75.0
         125        170       2.829219          120.0
         125        170       2.844100           60.0
         125        170       2.851057           60.0
         130        175       0.007486           60.0
         130        175       0.027750           30.0
         130        175       0.139256           60.0
         130        175       0.180725           60.0
         130        175       0.187990           60.0
         130        175       0.203504           75.0
         130        175       0.291291           60.0
         130        175       0.293428           60.0
         130        175       0.296697           60.0
         130        175       0.303033           60.0
         130        175       0.307861           60.0
         130        175       0.315485           60.0
         130        175       0.332127           60.0
         130        175       0.808825           45.0
         130        175       0.808825           60.0
         130        175       0.811315           45.0
         130        175       0.812475           60.0
         130        175       0.819247           75.0
         130        175       0.821538           15.0
         130        175       0.825025           60.0
         130        175       0.848090           75.0
         130        175       0.975365           60.0
         130        175       0.985666           60.0
         130        175       1.007217           75.0
         130        175       1.011889           60.0
         130        175       1.049094           60.0
         130        175       1.093254          330.0
         130        175       1.125101          180.0
         130        175       1.192321           60.0
         130        175       1.192321           75.0
         130        175       1.201922           30.0
         130        175       1.218147          300.0
         130        175       1.233782           30.0
         130        175       1.404154           60.0
         130        175       1.440844           60.0
         130        175       1.452006           60.0
         130        175       1.671424           60.0
         130        175       1.688740           60.0
         130        175       1.943877           60.0
         130        175       1.948825           60.0
         130        175       1.948825           75.0
         130        175       2.013745          285.0
         130        175       2.392237           75.0
         130        175       2.817890          180.0
         130        175       2.889899            0.0
         130        175       2.924861           60.0
         130        175       2.943963           60.0
         130        175       2.946430           75.0

======================================================================
Summary:
  True Angle  Best Pred    Error   #Fires   #Input
----------------------------------------------------------------------
           0       180°     180°      110     2500
           5       180°     175°       99     2276
          10       180°     170°       84     2085
          15       165°     150°       57     1568
          20       165°     145°       63     1348
          25       165°     140°       69     1313
          30       150°     120°       69     1362
          35       150°     115°      134     3095
          40       150°     110°      133     2895
          45       135°      90°      140     3449
          50       135°      85°       74     2131
          55       135°      80°       57      938
          60       120°      60°      163     4251
          65       120°      55°       83     2652
          70       120°      50°      106     2286
          75       105°      30°       82     2083
          80       105°      25°      111     3339
          85       105°      20°      118     3265
          90        90°       0°      125     3051
          95        90°       5°      107     2430
         100        90°      10°       60     1219
         105        90°      15°      104     2849
         110        75°      35°       69     1531
         115        75°      40°       68     1262
         120        60°      60°       45      897
         125        60°      65°       58     1813
         130        60°      70°       48     3644

Mean error: 77.8°
Max error:  180.0°
Std error:  54.5°
Success rate: 27/27 (100%)
